flame	['SDBW', 'IIndex', 'Banfeld_Raferty']	1.0
flame	['McClain_Rao', 'Dunns_index', 'Banfeld_Raferty']	1.0
flame	['i_index', 'Scott_Symons', 'Banfeld_Raferty']	1.0
flame	['IIndex', 'modified_hubert_t', 'Banfeld_Raferty']	0.2300751879699248
flame	['SDBW', 'modified_hubert_t', 'Banfeld_Raferty']	-0.732330827067669
tae	['SDBW', 'IIndex', 'Banfeld_Raferty']	1.0
tae	['McClain_Rao', 'Dunns_index', 'Banfeld_Raferty']	1.0
tae	['SDBW', 'modified_hubert_t', 'Banfeld_Raferty']	1.0
tae	['IIndex', 'modified_hubert_t', 'Banfeld_Raferty']	1.0
tae	['i_index', 'Scott_Symons', 'Banfeld_Raferty']	1.0
2dnormals	['SDBW', 'IIndex', 'Banfeld_Raferty']	1.0
2dnormals	['McClain_Rao', 'Dunns_index', 'Banfeld_Raferty']	1.0
2dnormals	['SDBW', 'modified_hubert_t', 'Banfeld_Raferty']	1.0
2dnormals	['IIndex', 'modified_hubert_t', 'Banfeld_Raferty']	1.0
2dnormals	['i_index', 'Scott_Symons', 'Banfeld_Raferty']	-0.5058823529411764
smile1	['McClain_Rao', 'Dunns_index', 'Banfeld_Raferty']	1.0
smile1	['i_index', 'Scott_Symons', 'Banfeld_Raferty']	1.0
smile1	['SDBW', 'IIndex', 'Banfeld_Raferty']	0.2300751879699248
smile1	['IIndex', 'modified_hubert_t', 'Banfeld_Raferty']	0.2300751879699248
smile1	['SDBW', 'modified_hubert_t', 'Banfeld_Raferty']	-0.732330827067669
heart-statlog	['SDBW', 'IIndex', 'Banfeld_Raferty']	1.0
heart-statlog	['SDBW', 'modified_hubert_t', 'Banfeld_Raferty']	1.0
heart-statlog	['i_index', 'Scott_Symons', 'Banfeld_Raferty']	1.0
heart-statlog	['McClain_Rao', 'Dunns_index', 'Banfeld_Raferty']	0.037593984962406006
heart-statlog	['IIndex', 'modified_hubert_t', 'Banfeld_Raferty']	0.037593984962406006
dense-disk-5000	['SDBW', 'IIndex', 'Banfeld_Raferty']	1.0
dense-disk-5000	['McClain_Rao', 'Dunns_index', 'Banfeld_Raferty']	1.0
dense-disk-5000	['SDBW', 'modified_hubert_t', 'Banfeld_Raferty']	1.0
dense-disk-5000	['IIndex', 'modified_hubert_t', 'Banfeld_Raferty']	1.0
dense-disk-5000	['i_index', 'Scott_Symons', 'Banfeld_Raferty']	-0.5058823529411764
cure-t2-4k	['SDBW', 'modified_hubert_t', 'Banfeld_Raferty']	1.0
cure-t2-4k	['McClain_Rao', 'Dunns_index', 'Banfeld_Raferty']	0.2300751879699248
cure-t2-4k	['IIndex', 'modified_hubert_t', 'Banfeld_Raferty']	0.037593984962406006
cure-t2-4k	['i_index', 'Scott_Symons', 'Banfeld_Raferty']	0.037593984962406006
cure-t2-4k	['SDBW', 'IIndex', 'Banfeld_Raferty']	-0.44360902255639095
R15	['SDBW', 'IIndex', 'Banfeld_Raferty']	1.0
R15	['McClain_Rao', 'Dunns_index', 'Banfeld_Raferty']	1.0
R15	['SDBW', 'modified_hubert_t', 'Banfeld_Raferty']	1.0
R15	['IIndex', 'modified_hubert_t', 'Banfeld_Raferty']	1.0
R15	['i_index', 'Scott_Symons', 'Banfeld_Raferty']	1.0
xclara	['SDBW', 'IIndex', 'Banfeld_Raferty']	1.0
xclara	['McClain_Rao', 'Dunns_index', 'Banfeld_Raferty']	1.0
xclara	['IIndex', 'modified_hubert_t', 'Banfeld_Raferty']	1.0
xclara	['SDBW', 'modified_hubert_t', 'Banfeld_Raferty']	0.037593984962406006
xclara	['i_index', 'Scott_Symons', 'Banfeld_Raferty']	0.037593984962406006
elly-2d10c13s	['SDBW', 'IIndex', 'Banfeld_Raferty']	1.0
elly-2d10c13s	['McClain_Rao', 'Dunns_index', 'Banfeld_Raferty']	1.0
elly-2d10c13s	['SDBW', 'modified_hubert_t', 'Banfeld_Raferty']	1.0
elly-2d10c13s	['IIndex', 'modified_hubert_t', 'Banfeld_Raferty']	1.0
elly-2d10c13s	['i_index', 'Scott_Symons', 'Banfeld_Raferty']	1.0
gaussians1	['SDBW', 'IIndex', 'Banfeld_Raferty']	1.0
gaussians1	['McClain_Rao', 'Dunns_index', 'Banfeld_Raferty']	1.0
gaussians1	['IIndex', 'modified_hubert_t', 'Banfeld_Raferty']	1.0
gaussians1	['i_index', 'Scott_Symons', 'Banfeld_Raferty']	1.0
gaussians1	['SDBW', 'modified_hubert_t', 'Banfeld_Raferty']	0.037593984962406006
zoo	['SDBW', 'IIndex', 'Banfeld_Raferty']	1.0
zoo	['McClain_Rao', 'Dunns_index', 'Banfeld_Raferty']	1.0
zoo	['SDBW', 'modified_hubert_t', 'Banfeld_Raferty']	1.0
zoo	['IIndex', 'modified_hubert_t', 'Banfeld_Raferty']	1.0
zoo	['i_index', 'Scott_Symons', 'Banfeld_Raferty']	1.0
2d-20c-no0	['SDBW', 'IIndex', 'Banfeld_Raferty']	1.0
2d-20c-no0	['McClain_Rao', 'Dunns_index', 'Banfeld_Raferty']	1.0
2d-20c-no0	['SDBW', 'modified_hubert_t', 'Banfeld_Raferty']	1.0
2d-20c-no0	['i_index', 'Scott_Symons', 'Banfeld_Raferty']	1.0
2d-20c-no0	['IIndex', 'modified_hubert_t', 'Banfeld_Raferty']	0.037593984962406006
dartboard2	['SDBW', 'IIndex', 'Banfeld_Raferty']	1.0
dartboard2	['IIndex', 'modified_hubert_t', 'Banfeld_Raferty']	1.0
dartboard2	['i_index', 'Scott_Symons', 'Banfeld_Raferty']	1.0
dartboard2	['McClain_Rao', 'Dunns_index', 'Banfeld_Raferty']	0.7112781954887217
dartboard2	['SDBW', 'modified_hubert_t', 'Banfeld_Raferty']	0.7112781954887217
impossible	['SDBW', 'IIndex', 'Banfeld_Raferty']	1.0
impossible	['McClain_Rao', 'Dunns_index', 'Banfeld_Raferty']	1.0
impossible	['SDBW', 'modified_hubert_t', 'Banfeld_Raferty']	1.0
impossible	['i_index', 'Scott_Symons', 'Banfeld_Raferty']	1.0
impossible	['IIndex', 'modified_hubert_t', 'Banfeld_Raferty']	-0.732330827067669
dense-disk-3000	['SDBW', 'IIndex', 'Banfeld_Raferty']	1.0
dense-disk-3000	['McClain_Rao', 'Dunns_index', 'Banfeld_Raferty']	1.0
dense-disk-3000	['SDBW', 'modified_hubert_t', 'Banfeld_Raferty']	1.0
dense-disk-3000	['IIndex', 'modified_hubert_t', 'Banfeld_Raferty']	1.0
dense-disk-3000	['i_index', 'Scott_Symons', 'Banfeld_Raferty']	-0.5058823529411764
3-spiral	['SDBW', 'IIndex', 'Banfeld_Raferty']	1.0
3-spiral	['McClain_Rao', 'Dunns_index', 'Banfeld_Raferty']	1.0
3-spiral	['SDBW', 'modified_hubert_t', 'Banfeld_Raferty']	1.0
3-spiral	['IIndex', 'modified_hubert_t', 'Banfeld_Raferty']	1.0
3-spiral	['i_index', 'Scott_Symons', 'Banfeld_Raferty']	1.0
zelnik3	['SDBW', 'IIndex', 'Banfeld_Raferty']	1.0
zelnik3	['McClain_Rao', 'Dunns_index', 'Banfeld_Raferty']	1.0
zelnik3	['SDBW', 'modified_hubert_t', 'Banfeld_Raferty']	1.0
zelnik3	['i_index', 'Scott_Symons', 'Banfeld_Raferty']	1.0
zelnik3	['IIndex', 'modified_hubert_t', 'Banfeld_Raferty']	0.037593984962406006
donut3	['SDBW', 'IIndex', 'Banfeld_Raferty']	1.0
donut3	['SDBW', 'modified_hubert_t', 'Banfeld_Raferty']	1.0
donut3	['i_index', 'Scott_Symons', 'Banfeld_Raferty']	0.2300751879699248
donut3	['IIndex', 'modified_hubert_t', 'Banfeld_Raferty']	0.037593984962406006
donut3	['McClain_Rao', 'Dunns_index', 'Banfeld_Raferty']	-0.44360902255639095
cure-t0-2000n-2D	['SDBW', 'IIndex', 'Banfeld_Raferty']	1.0
cure-t0-2000n-2D	['McClain_Rao', 'Dunns_index', 'Banfeld_Raferty']	1.0
cure-t0-2000n-2D	['IIndex', 'modified_hubert_t', 'Banfeld_Raferty']	1.0
cure-t0-2000n-2D	['i_index', 'Scott_Symons', 'Banfeld_Raferty']	1.0
cure-t0-2000n-2D	['SDBW', 'modified_hubert_t', 'Banfeld_Raferty']	0.037593984962406006
DS-850	['SDBW', 'IIndex', 'Banfeld_Raferty']	1.0
DS-850	['McClain_Rao', 'Dunns_index', 'Banfeld_Raferty']	1.0
DS-850	['IIndex', 'modified_hubert_t', 'Banfeld_Raferty']	1.0
DS-850	['SDBW', 'modified_hubert_t', 'Banfeld_Raferty']	0.037593984962406006
DS-850	['i_index', 'Scott_Symons', 'Banfeld_Raferty']	0.037593984962406006
sizes4	['SDBW', 'IIndex', 'Banfeld_Raferty']	1.0
sizes4	['McClain_Rao', 'Dunns_index', 'Banfeld_Raferty']	1.0
sizes4	['SDBW', 'modified_hubert_t', 'Banfeld_Raferty']	1.0
sizes4	['i_index', 'Scott_Symons', 'Banfeld_Raferty']	1.0
sizes4	['IIndex', 'modified_hubert_t', 'Banfeld_Raferty']	0.037593984962406006
complex9	['McClain_Rao', 'Dunns_index', 'Banfeld_Raferty']	1.0
complex9	['SDBW', 'IIndex', 'Banfeld_Raferty']	0.2300751879699248
complex9	['IIndex', 'modified_hubert_t', 'Banfeld_Raferty']	0.2300751879699248
complex9	['SDBW', 'modified_hubert_t', 'Banfeld_Raferty']	0.037593984962406006
complex9	['i_index', 'Scott_Symons', 'Banfeld_Raferty']	0.037593984962406006
square3	['SDBW', 'IIndex', 'Banfeld_Raferty']	1.0
square3	['IIndex', 'modified_hubert_t', 'Banfeld_Raferty']	1.0
square3	['SDBW', 'modified_hubert_t', 'Banfeld_Raferty']	0.037593984962406006
square3	['i_index', 'Scott_Symons', 'Banfeld_Raferty']	0.037593984962406006
square3	['McClain_Rao', 'Dunns_index', 'Banfeld_Raferty']	-0.44360902255639095
xor	['SDBW', 'IIndex', 'Banfeld_Raferty']	1.0
xor	['McClain_Rao', 'Dunns_index', 'Banfeld_Raferty']	1.0
xor	['SDBW', 'modified_hubert_t', 'Banfeld_Raferty']	1.0
xor	['IIndex', 'modified_hubert_t', 'Banfeld_Raferty']	1.0
xor	['i_index', 'Scott_Symons', 'Banfeld_Raferty']	-0.5058823529411764
dermatology	['SDBW', 'IIndex', 'Banfeld_Raferty']	1.0
dermatology	['McClain_Rao', 'Dunns_index', 'Banfeld_Raferty']	1.0
dermatology	['SDBW', 'modified_hubert_t', 'Banfeld_Raferty']	1.0
dermatology	['IIndex', 'modified_hubert_t', 'Banfeld_Raferty']	1.0
dermatology	['i_index', 'Scott_Symons', 'Banfeld_Raferty']	1.0
segment	['SDBW', 'IIndex', 'Banfeld_Raferty']	1.0
segment	['McClain_Rao', 'Dunns_index', 'Banfeld_Raferty']	1.0
segment	['IIndex', 'modified_hubert_t', 'Banfeld_Raferty']	0.2300751879699248
segment	['SDBW', 'modified_hubert_t', 'Banfeld_Raferty']	-0.44360902255639095
segment	['i_index', 'Scott_Symons', 'Banfeld_Raferty']	-0.44360902255639095
long3	['SDBW', 'IIndex', 'Banfeld_Raferty']	1.0
long3	['McClain_Rao', 'Dunns_index', 'Banfeld_Raferty']	1.0
long3	['SDBW', 'modified_hubert_t', 'Banfeld_Raferty']	1.0
long3	['IIndex', 'modified_hubert_t', 'Banfeld_Raferty']	1.0
long3	['i_index', 'Scott_Symons', 'Banfeld_Raferty']	1.0
triangle2	['SDBW', 'IIndex', 'Banfeld_Raferty']	1.0
triangle2	['McClain_Rao', 'Dunns_index', 'Banfeld_Raferty']	1.0
triangle2	['SDBW', 'modified_hubert_t', 'Banfeld_Raferty']	1.0
triangle2	['i_index', 'Scott_Symons', 'Banfeld_Raferty']	1.0
triangle2	['IIndex', 'modified_hubert_t', 'Banfeld_Raferty']	0.037593984962406006
dpc	['SDBW', 'IIndex', 'Banfeld_Raferty']	1.0
dpc	['McClain_Rao', 'Dunns_index', 'Banfeld_Raferty']	1.0
dpc	['SDBW', 'modified_hubert_t', 'Banfeld_Raferty']	1.0
dpc	['i_index', 'Scott_Symons', 'Banfeld_Raferty']	1.0
dpc	['IIndex', 'modified_hubert_t', 'Banfeld_Raferty']	0.037593984962406006
wingnut	['SDBW', 'IIndex', 'Banfeld_Raferty']	1.0
wingnut	['McClain_Rao', 'Dunns_index', 'Banfeld_Raferty']	1.0
wingnut	['IIndex', 'modified_hubert_t', 'Banfeld_Raferty']	1.0
wingnut	['SDBW', 'modified_hubert_t', 'Banfeld_Raferty']	0.037593984962406006
wingnut	['i_index', 'Scott_Symons', 'Banfeld_Raferty']	0.037593984962406006
jain	['SDBW', 'modified_hubert_t', 'Banfeld_Raferty']	1.0
jain	['i_index', 'Scott_Symons', 'Banfeld_Raferty']	0.2300751879699248
jain	['SDBW', 'IIndex', 'Banfeld_Raferty']	0.037593984962406006
jain	['IIndex', 'modified_hubert_t', 'Banfeld_Raferty']	0.037593984962406006
jain	['McClain_Rao', 'Dunns_index', 'Banfeld_Raferty']	-0.732330827067669
threenorm	['SDBW', 'IIndex', 'Banfeld_Raferty']	1.0
threenorm	['McClain_Rao', 'Dunns_index', 'Banfeld_Raferty']	1.0
threenorm	['SDBW', 'modified_hubert_t', 'Banfeld_Raferty']	1.0
threenorm	['IIndex', 'modified_hubert_t', 'Banfeld_Raferty']	1.0
threenorm	['i_index', 'Scott_Symons', 'Banfeld_Raferty']	1.0
blobs	['SDBW', 'IIndex', 'Banfeld_Raferty']	1.0
blobs	['McClain_Rao', 'Dunns_index', 'Banfeld_Raferty']	1.0
blobs	['IIndex', 'modified_hubert_t', 'Banfeld_Raferty']	1.0
blobs	['SDBW', 'modified_hubert_t', 'Banfeld_Raferty']	0.037593984962406006
blobs	['i_index', 'Scott_Symons', 'Banfeld_Raferty']	0.037593984962406006
circle	['SDBW', 'IIndex', 'Banfeld_Raferty']	1.0
circle	['McClain_Rao', 'Dunns_index', 'Banfeld_Raferty']	1.0
circle	['SDBW', 'modified_hubert_t', 'Banfeld_Raferty']	1.0
circle	['IIndex', 'modified_hubert_t', 'Banfeld_Raferty']	1.0
circle	['i_index', 'Scott_Symons', 'Banfeld_Raferty']	1.0
DS-577	['SDBW', 'IIndex', 'Banfeld_Raferty']	1.0
DS-577	['McClain_Rao', 'Dunns_index', 'Banfeld_Raferty']	1.0
DS-577	['IIndex', 'modified_hubert_t', 'Banfeld_Raferty']	1.0
DS-577	['SDBW', 'modified_hubert_t', 'Banfeld_Raferty']	0.037593984962406006
DS-577	['i_index', 'Scott_Symons', 'Banfeld_Raferty']	0.037593984962406006
cure-t1-2000n-2D	['SDBW', 'IIndex', 'Banfeld_Raferty']	1.0
cure-t1-2000n-2D	['SDBW', 'modified_hubert_t', 'Banfeld_Raferty']	1.0
cure-t1-2000n-2D	['McClain_Rao', 'Dunns_index', 'Banfeld_Raferty']	0.7112781954887217
cure-t1-2000n-2D	['i_index', 'Scott_Symons', 'Banfeld_Raferty']	0.7112781954887217
cure-t1-2000n-2D	['IIndex', 'modified_hubert_t', 'Banfeld_Raferty']	-0.44360902255639095
triangle1	['SDBW', 'IIndex', 'Banfeld_Raferty']	1.0
triangle1	['SDBW', 'modified_hubert_t', 'Banfeld_Raferty']	1.0
triangle1	['i_index', 'Scott_Symons', 'Banfeld_Raferty']	0.2300751879699248
triangle1	['McClain_Rao', 'Dunns_index', 'Banfeld_Raferty']	0.037593984962406006
triangle1	['IIndex', 'modified_hubert_t', 'Banfeld_Raferty']	-0.732330827067669
iris	['SDBW', 'IIndex', 'Banfeld_Raferty']	1.0
iris	['McClain_Rao', 'Dunns_index', 'Banfeld_Raferty']	1.0
iris	['IIndex', 'modified_hubert_t', 'Banfeld_Raferty']	1.0
iris	['SDBW', 'modified_hubert_t', 'Banfeld_Raferty']	0.037593984962406006
iris	['i_index', 'Scott_Symons', 'Banfeld_Raferty']	0.037593984962406006
square4	['SDBW', 'IIndex', 'Banfeld_Raferty']	1.0
square4	['McClain_Rao', 'Dunns_index', 'Banfeld_Raferty']	1.0
square4	['SDBW', 'modified_hubert_t', 'Banfeld_Raferty']	1.0
square4	['IIndex', 'modified_hubert_t', 'Banfeld_Raferty']	1.0
square4	['i_index', 'Scott_Symons', 'Banfeld_Raferty']	1.0
cuboids	['McClain_Rao', 'Dunns_index', 'Banfeld_Raferty']	1.0
cuboids	['i_index', 'Scott_Symons', 'Banfeld_Raferty']	1.0
cuboids	['SDBW', 'modified_hubert_t', 'Banfeld_Raferty']	0.7112781954887217
cuboids	['SDBW', 'IIndex', 'Banfeld_Raferty']	-0.732330827067669
cuboids	['IIndex', 'modified_hubert_t', 'Banfeld_Raferty']	-0.732330827067669
ds4c2sc8	['SDBW', 'IIndex', 'Banfeld_Raferty']	1.0
ds4c2sc8	['McClain_Rao', 'Dunns_index', 'Banfeld_Raferty']	1.0
ds4c2sc8	['SDBW', 'modified_hubert_t', 'Banfeld_Raferty']	1.0
ds4c2sc8	['IIndex', 'modified_hubert_t', 'Banfeld_Raferty']	1.0
ds4c2sc8	['i_index', 'Scott_Symons', 'Banfeld_Raferty']	1.0
spiral	['SDBW', 'IIndex', 'Banfeld_Raferty']	1.0
spiral	['McClain_Rao', 'Dunns_index', 'Banfeld_Raferty']	1.0
spiral	['SDBW', 'modified_hubert_t', 'Banfeld_Raferty']	1.0
spiral	['IIndex', 'modified_hubert_t', 'Banfeld_Raferty']	1.0
spiral	['i_index', 'Scott_Symons', 'Banfeld_Raferty']	-0.5058823529411764
ba0.0a	['SDBW', 'IIndex', 'Banfeld_Raferty']	1.0
ba0.0a	['McClain_Rao', 'Dunns_index', 'Banfeld_Raferty']	1.0
ba0.0a	['IIndex', 'modified_hubert_t', 'Banfeld_Raferty']	1.0
ba0.0a	['i_index', 'Scott_Symons', 'Banfeld_Raferty']	1.0
ba0.0a	['SDBW', 'modified_hubert_t', 'Banfeld_Raferty']	0.037593984962406006
glass	['SDBW', 'modified_hubert_t', 'Banfeld_Raferty']	1.0
glass	['McClain_Rao', 'Dunns_index', 'Banfeld_Raferty']	0.037593984962406006
glass	['i_index', 'Scott_Symons', 'Banfeld_Raferty']	-0.44360902255639095
glass	['SDBW', 'IIndex', 'Banfeld_Raferty']	-0.732330827067669
glass	['IIndex', 'modified_hubert_t', 'Banfeld_Raferty']	-0.732330827067669
disk-3000n	['SDBW', 'IIndex', 'Banfeld_Raferty']	1.0
disk-3000n	['McClain_Rao', 'Dunns_index', 'Banfeld_Raferty']	1.0
disk-3000n	['SDBW', 'modified_hubert_t', 'Banfeld_Raferty']	1.0
disk-3000n	['IIndex', 'modified_hubert_t', 'Banfeld_Raferty']	1.0
disk-3000n	['i_index', 'Scott_Symons', 'Banfeld_Raferty']	1.0
fourty	['SDBW', 'IIndex', 'Banfeld_Raferty']	1.0
fourty	['McClain_Rao', 'Dunns_index', 'Banfeld_Raferty']	1.0
fourty	['i_index', 'Scott_Symons', 'Banfeld_Raferty']	1.0
fourty	['IIndex', 'modified_hubert_t', 'Banfeld_Raferty']	0.2300751879699248
fourty	['SDBW', 'modified_hubert_t', 'Banfeld_Raferty']	-0.732330827067669
donutcurves	['SDBW', 'IIndex', 'Banfeld_Raferty']	1.0
donutcurves	['McClain_Rao', 'Dunns_index', 'Banfeld_Raferty']	1.0
donutcurves	['SDBW', 'modified_hubert_t', 'Banfeld_Raferty']	1.0
donutcurves	['i_index', 'Scott_Symons', 'Banfeld_Raferty']	1.0
donutcurves	['IIndex', 'modified_hubert_t', 'Banfeld_Raferty']	0.037593984962406006
cassini	['SDBW', 'IIndex', 'Banfeld_Raferty']	1.0
cassini	['McClain_Rao', 'Dunns_index', 'Banfeld_Raferty']	1.0
cassini	['IIndex', 'modified_hubert_t', 'Banfeld_Raferty']	1.0
cassini	['i_index', 'Scott_Symons', 'Banfeld_Raferty']	1.0
cassini	['SDBW', 'modified_hubert_t', 'Banfeld_Raferty']	0.037593984962406006
curves2	['McClain_Rao', 'Dunns_index', 'Banfeld_Raferty']	1.0
curves2	['SDBW', 'modified_hubert_t', 'Banfeld_Raferty']	1.0
curves2	['i_index', 'Scott_Symons', 'Banfeld_Raferty']	1.0
curves2	['SDBW', 'IIndex', 'Banfeld_Raferty']	-0.732330827067669
curves2	['IIndex', 'modified_hubert_t', 'Banfeld_Raferty']	-0.732330827067669
ds577	['SDBW', 'IIndex', 'Banfeld_Raferty']	1.0
ds577	['McClain_Rao', 'Dunns_index', 'Banfeld_Raferty']	1.0
ds577	['IIndex', 'modified_hubert_t', 'Banfeld_Raferty']	1.0
ds577	['SDBW', 'modified_hubert_t', 'Banfeld_Raferty']	0.037593984962406006
ds577	['i_index', 'Scott_Symons', 'Banfeld_Raferty']	0.037593984962406006
tetra	['SDBW', 'IIndex', 'Banfeld_Raferty']	1.0
tetra	['McClain_Rao', 'Dunns_index', 'Banfeld_Raferty']	1.0
tetra	['SDBW', 'modified_hubert_t', 'Banfeld_Raferty']	1.0
tetra	['IIndex', 'modified_hubert_t', 'Banfeld_Raferty']	1.0
tetra	['i_index', 'Scott_Symons', 'Banfeld_Raferty']	1.0
d31	['SDBW', 'IIndex', 'Banfeld_Raferty']	1.0
d31	['SDBW', 'modified_hubert_t', 'Banfeld_Raferty']	1.0
d31	['i_index', 'Scott_Symons', 'Banfeld_Raferty']	1.0
d31	['IIndex', 'modified_hubert_t', 'Banfeld_Raferty']	0.037593984962406006
d31	['McClain_Rao', 'Dunns_index', 'Banfeld_Raferty']	-0.44360902255639095
curves1	['SDBW', 'IIndex', 'Banfeld_Raferty']	1.0
curves1	['McClain_Rao', 'Dunns_index', 'Banfeld_Raferty']	1.0
curves1	['IIndex', 'modified_hubert_t', 'Banfeld_Raferty']	1.0
curves1	['i_index', 'Scott_Symons', 'Banfeld_Raferty']	1.0
curves1	['SDBW', 'modified_hubert_t', 'Banfeld_Raferty']	0.037593984962406006
donut2	['SDBW', 'IIndex', 'Banfeld_Raferty']	1.0
donut2	['McClain_Rao', 'Dunns_index', 'Banfeld_Raferty']	1.0
donut2	['SDBW', 'modified_hubert_t', 'Banfeld_Raferty']	1.0
donut2	['IIndex', 'modified_hubert_t', 'Banfeld_Raferty']	1.0
donut2	['i_index', 'Scott_Symons', 'Banfeld_Raferty']	1.0
pmf	['SDBW', 'IIndex', 'Banfeld_Raferty']	1.0
pmf	['McClain_Rao', 'Dunns_index', 'Banfeld_Raferty']	1.0
pmf	['SDBW', 'modified_hubert_t', 'Banfeld_Raferty']	1.0
pmf	['i_index', 'Scott_Symons', 'Banfeld_Raferty']	1.0
pmf	['IIndex', 'modified_hubert_t', 'Banfeld_Raferty']	0.037593984962406006
complex8	['SDBW', 'IIndex', 'Banfeld_Raferty']	1.0
complex8	['IIndex', 'modified_hubert_t', 'Banfeld_Raferty']	1.0
complex8	['i_index', 'Scott_Symons', 'Banfeld_Raferty']	1.0
complex8	['McClain_Rao', 'Dunns_index', 'Banfeld_Raferty']	0.2300751879699248
complex8	['SDBW', 'modified_hubert_t', 'Banfeld_Raferty']	0.037593984962406006
arrhythmia	['SDBW', 'IIndex', 'Banfeld_Raferty']	1.0
arrhythmia	['SDBW', 'modified_hubert_t', 'Banfeld_Raferty']	1.0
arrhythmia	['i_index', 'Scott_Symons', 'Banfeld_Raferty']	1.0
arrhythmia	['McClain_Rao', 'Dunns_index', 'Banfeld_Raferty']	-0.5058823529411764
arrhythmia	['IIndex', 'modified_hubert_t', 'Banfeld_Raferty']	-0.5058823529411764
aml28	['SDBW', 'IIndex', 'Banfeld_Raferty']	1.0
aml28	['IIndex', 'modified_hubert_t', 'Banfeld_Raferty']	1.0
aml28	['McClain_Rao', 'Dunns_index', 'Banfeld_Raferty']	0.037593984962406006
aml28	['SDBW', 'modified_hubert_t', 'Banfeld_Raferty']	0.037593984962406006
aml28	['i_index', 'Scott_Symons', 'Banfeld_Raferty']	0.037593984962406006
sizes2	['McClain_Rao', 'Dunns_index', 'Banfeld_Raferty']	1.0
sizes2	['SDBW', 'modified_hubert_t', 'Banfeld_Raferty']	1.0
sizes2	['i_index', 'Scott_Symons', 'Banfeld_Raferty']	1.0
sizes2	['SDBW', 'IIndex', 'Banfeld_Raferty']	0.037593984962406006
sizes2	['IIndex', 'modified_hubert_t', 'Banfeld_Raferty']	0.037593984962406006
cluto-t4-8k	['SDBW', 'IIndex', 'Banfeld_Raferty']	1.0
cluto-t4-8k	['IIndex', 'modified_hubert_t', 'Banfeld_Raferty']	1.0
cluto-t4-8k	['i_index', 'Scott_Symons', 'Banfeld_Raferty']	1.0
cluto-t4-8k	['McClain_Rao', 'Dunns_index', 'Banfeld_Raferty']	0.037593984962406006
cluto-t4-8k	['SDBW', 'modified_hubert_t', 'Banfeld_Raferty']	0.037593984962406006
zelnik5	['SDBW', 'IIndex', 'Banfeld_Raferty']	1.0
zelnik5	['McClain_Rao', 'Dunns_index', 'Banfeld_Raferty']	1.0
zelnik5	['SDBW', 'modified_hubert_t', 'Banfeld_Raferty']	1.0
zelnik5	['IIndex', 'modified_hubert_t', 'Banfeld_Raferty']	1.0
zelnik5	['i_index', 'Scott_Symons', 'Banfeld_Raferty']	1.0
smile2	['SDBW', 'modified_hubert_t', 'Banfeld_Raferty']	1.0
smile2	['SDBW', 'IIndex', 'Banfeld_Raferty']	0.037593984962406006
smile2	['IIndex', 'modified_hubert_t', 'Banfeld_Raferty']	0.037593984962406006
smile2	['McClain_Rao', 'Dunns_index', 'Banfeld_Raferty']	-0.732330827067669
smile2	['i_index', 'Scott_Symons', 'Banfeld_Raferty']	-0.732330827067669
longsquare	['SDBW', 'IIndex', 'Banfeld_Raferty']	1.0
longsquare	['McClain_Rao', 'Dunns_index', 'Banfeld_Raferty']	1.0
longsquare	['IIndex', 'modified_hubert_t', 'Banfeld_Raferty']	1.0
longsquare	['SDBW', 'modified_hubert_t', 'Banfeld_Raferty']	0.037593984962406006
longsquare	['i_index', 'Scott_Symons', 'Banfeld_Raferty']	0.037593984962406006
target	['SDBW', 'IIndex', 'Banfeld_Raferty']	1.0
target	['McClain_Rao', 'Dunns_index', 'Banfeld_Raferty']	0.7112781954887217
target	['SDBW', 'modified_hubert_t', 'Banfeld_Raferty']	0.7112781954887217
target	['IIndex', 'modified_hubert_t', 'Banfeld_Raferty']	0.7112781954887217
target	['i_index', 'Scott_Symons', 'Banfeld_Raferty']	-0.732330827067669
zelnik1	['SDBW', 'IIndex', 'Banfeld_Raferty']	1.0
zelnik1	['McClain_Rao', 'Dunns_index', 'Banfeld_Raferty']	1.0
zelnik1	['SDBW', 'modified_hubert_t', 'Banfeld_Raferty']	1.0
zelnik1	['IIndex', 'modified_hubert_t', 'Banfeld_Raferty']	1.0
zelnik1	['i_index', 'Scott_Symons', 'Banfeld_Raferty']	1.0
lsun	['SDBW', 'IIndex', 'Banfeld_Raferty']	1.0
lsun	['McClain_Rao', 'Dunns_index', 'Banfeld_Raferty']	1.0
lsun	['IIndex', 'modified_hubert_t', 'Banfeld_Raferty']	1.0
lsun	['SDBW', 'modified_hubert_t', 'Banfeld_Raferty']	0.037593984962406006
lsun	['i_index', 'Scott_Symons', 'Banfeld_Raferty']	0.037593984962406006
disk-6000n	['SDBW', 'modified_hubert_t', 'Banfeld_Raferty']	1.0
disk-6000n	['McClain_Rao', 'Dunns_index', 'Banfeld_Raferty']	0.2300751879699248
disk-6000n	['i_index', 'Scott_Symons', 'Banfeld_Raferty']	0.2300751879699248
disk-6000n	['SDBW', 'IIndex', 'Banfeld_Raferty']	-0.44360902255639095
disk-6000n	['IIndex', 'modified_hubert_t', 'Banfeld_Raferty']	-0.732330827067669
square5	['SDBW', 'IIndex', 'Banfeld_Raferty']	1.0
square5	['McClain_Rao', 'Dunns_index', 'Banfeld_Raferty']	1.0
square5	['SDBW', 'modified_hubert_t', 'Banfeld_Raferty']	1.0
square5	['IIndex', 'modified_hubert_t', 'Banfeld_Raferty']	1.0
square5	['i_index', 'Scott_Symons', 'Banfeld_Raferty']	1.0
disk-4000n	['SDBW', 'IIndex', 'Banfeld_Raferty']	1.0
disk-4000n	['SDBW', 'modified_hubert_t', 'Banfeld_Raferty']	1.0
disk-4000n	['i_index', 'Scott_Symons', 'Banfeld_Raferty']	0.2300751879699248
disk-4000n	['McClain_Rao', 'Dunns_index', 'Banfeld_Raferty']	0.037593984962406006
disk-4000n	['IIndex', 'modified_hubert_t', 'Banfeld_Raferty']	-0.732330827067669
sizes5	['SDBW', 'IIndex', 'Banfeld_Raferty']	1.0
sizes5	['IIndex', 'modified_hubert_t', 'Banfeld_Raferty']	1.0
sizes5	['McClain_Rao', 'Dunns_index', 'Banfeld_Raferty']	0.7112781954887217
sizes5	['SDBW', 'modified_hubert_t', 'Banfeld_Raferty']	0.037593984962406006
sizes5	['i_index', 'Scott_Symons', 'Banfeld_Raferty']	-0.44360902255639095
spiralsquare	['SDBW', 'IIndex', 'Banfeld_Raferty']	1.0
spiralsquare	['McClain_Rao', 'Dunns_index', 'Banfeld_Raferty']	1.0
spiralsquare	['IIndex', 'modified_hubert_t', 'Banfeld_Raferty']	1.0
spiralsquare	['SDBW', 'modified_hubert_t', 'Banfeld_Raferty']	0.037593984962406006
spiralsquare	['i_index', 'Scott_Symons', 'Banfeld_Raferty']	0.037593984962406006
sonar	['SDBW', 'IIndex', 'Banfeld_Raferty']	1.0
sonar	['McClain_Rao', 'Dunns_index', 'Banfeld_Raferty']	1.0
sonar	['SDBW', 'modified_hubert_t', 'Banfeld_Raferty']	1.0
sonar	['IIndex', 'modified_hubert_t', 'Banfeld_Raferty']	1.0
sonar	['i_index', 'Scott_Symons', 'Banfeld_Raferty']	1.0
2d-10c	['SDBW', 'IIndex', 'Banfeld_Raferty']	1.0
2d-10c	['McClain_Rao', 'Dunns_index', 'Banfeld_Raferty']	1.0
2d-10c	['SDBW', 'modified_hubert_t', 'Banfeld_Raferty']	1.0
2d-10c	['IIndex', 'modified_hubert_t', 'Banfeld_Raferty']	1.0
2d-10c	['i_index', 'Scott_Symons', 'Banfeld_Raferty']	1.0
diamond9	['SDBW', 'IIndex', 'Banfeld_Raferty']	1.0
diamond9	['McClain_Rao', 'Dunns_index', 'Banfeld_Raferty']	1.0
diamond9	['SDBW', 'modified_hubert_t', 'Banfeld_Raferty']	1.0
diamond9	['i_index', 'Scott_Symons', 'Banfeld_Raferty']	1.0
diamond9	['IIndex', 'modified_hubert_t', 'Banfeld_Raferty']	0.037593984962406006
ecoli	['i_index', 'Scott_Symons', 'Banfeld_Raferty']	1.0
ecoli	['SDBW', 'IIndex', 'Banfeld_Raferty']	0.2300751879699248
ecoli	['McClain_Rao', 'Dunns_index', 'Banfeld_Raferty']	0.2300751879699248
ecoli	['IIndex', 'modified_hubert_t', 'Banfeld_Raferty']	0.2300751879699248
ecoli	['SDBW', 'modified_hubert_t', 'Banfeld_Raferty']	-0.732330827067669
dpb	['SDBW', 'modified_hubert_t', 'Banfeld_Raferty']	1.0
dpb	['i_index', 'Scott_Symons', 'Banfeld_Raferty']	1.0
dpb	['SDBW', 'IIndex', 'Banfeld_Raferty']	-0.44360902255639095
dpb	['McClain_Rao', 'Dunns_index', 'Banfeld_Raferty']	-0.44360902255639095
dpb	['IIndex', 'modified_hubert_t', 'Banfeld_Raferty']	-0.732330827067669
thy	['SDBW', 'modified_hubert_t', 'Banfeld_Raferty']	1.0
thy	['i_index', 'Scott_Symons', 'Banfeld_Raferty']	0.2300751879699248
thy	['SDBW', 'IIndex', 'Banfeld_Raferty']	-0.732330827067669
thy	['McClain_Rao', 'Dunns_index', 'Banfeld_Raferty']	-0.732330827067669
thy	['IIndex', 'modified_hubert_t', 'Banfeld_Raferty']	-0.732330827067669
rings	['SDBW', 'IIndex', 'Banfeld_Raferty']	1.0
rings	['McClain_Rao', 'Dunns_index', 'Banfeld_Raferty']	1.0
rings	['SDBW', 'modified_hubert_t', 'Banfeld_Raferty']	1.0
rings	['IIndex', 'modified_hubert_t', 'Banfeld_Raferty']	1.0
rings	['i_index', 'Scott_Symons', 'Banfeld_Raferty']	-0.5058823529411764
twodiamonds	['SDBW', 'IIndex', 'Banfeld_Raferty']	1.0
twodiamonds	['McClain_Rao', 'Dunns_index', 'Banfeld_Raferty']	1.0
twodiamonds	['IIndex', 'modified_hubert_t', 'Banfeld_Raferty']	1.0
twodiamonds	['i_index', 'Scott_Symons', 'Banfeld_Raferty']	1.0
twodiamonds	['SDBW', 'modified_hubert_t', 'Banfeld_Raferty']	0.037593984962406006
square2	['SDBW', 'modified_hubert_t', 'Banfeld_Raferty']	0.7112781954887217
square2	['i_index', 'Scott_Symons', 'Banfeld_Raferty']	0.7112781954887217
square2	['SDBW', 'IIndex', 'Banfeld_Raferty']	-0.44360902255639095
square2	['IIndex', 'modified_hubert_t', 'Banfeld_Raferty']	-0.44360902255639095
square2	['McClain_Rao', 'Dunns_index', 'Banfeld_Raferty']	-0.732330827067669
hypercube	['SDBW', 'IIndex', 'Banfeld_Raferty']	1.0
hypercube	['McClain_Rao', 'Dunns_index', 'Banfeld_Raferty']	1.0
hypercube	['SDBW', 'modified_hubert_t', 'Banfeld_Raferty']	1.0
hypercube	['IIndex', 'modified_hubert_t', 'Banfeld_Raferty']	1.0
hypercube	['i_index', 'Scott_Symons', 'Banfeld_Raferty']	1.0
haberman	['SDBW', 'IIndex', 'Banfeld_Raferty']	1.0
haberman	['SDBW', 'modified_hubert_t', 'Banfeld_Raferty']	1.0
haberman	['i_index', 'Scott_Symons', 'Banfeld_Raferty']	1.0
haberman	['McClain_Rao', 'Dunns_index', 'Banfeld_Raferty']	0.037593984962406006
haberman	['IIndex', 'modified_hubert_t', 'Banfeld_Raferty']	0.037593984962406006
disk-5000n	['McClain_Rao', 'Dunns_index', 'Banfeld_Raferty']	1.0
disk-5000n	['SDBW', 'modified_hubert_t', 'Banfeld_Raferty']	1.0
disk-5000n	['i_index', 'Scott_Symons', 'Banfeld_Raferty']	1.0
disk-5000n	['SDBW', 'IIndex', 'Banfeld_Raferty']	-0.44360902255639095
disk-5000n	['IIndex', 'modified_hubert_t', 'Banfeld_Raferty']	-0.732330827067669
twenty	['SDBW', 'IIndex', 'Banfeld_Raferty']	1.0
twenty	['McClain_Rao', 'Dunns_index', 'Banfeld_Raferty']	1.0
twenty	['SDBW', 'modified_hubert_t', 'Banfeld_Raferty']	1.0
twenty	['IIndex', 'modified_hubert_t', 'Banfeld_Raferty']	1.0
twenty	['i_index', 'Scott_Symons', 'Banfeld_Raferty']	1.0
sizes3	['McClain_Rao', 'Dunns_index', 'Banfeld_Raferty']	1.0
sizes3	['SDBW', 'modified_hubert_t', 'Banfeld_Raferty']	1.0
sizes3	['i_index', 'Scott_Symons', 'Banfeld_Raferty']	1.0
sizes3	['IIndex', 'modified_hubert_t', 'Banfeld_Raferty']	0.037593984962406006
sizes3	['SDBW', 'IIndex', 'Banfeld_Raferty']	-0.44360902255639095
iono	['SDBW', 'IIndex', 'Banfeld_Raferty']	1.0
iono	['McClain_Rao', 'Dunns_index', 'Banfeld_Raferty']	1.0
iono	['IIndex', 'modified_hubert_t', 'Banfeld_Raferty']	1.0
iono	['SDBW', 'modified_hubert_t', 'Banfeld_Raferty']	-0.44360902255639095
iono	['i_index', 'Scott_Symons', 'Banfeld_Raferty']	-0.732330827067669
smile3	['SDBW', 'modified_hubert_t', 'Banfeld_Raferty']	1.0
smile3	['McClain_Rao', 'Dunns_index', 'Banfeld_Raferty']	0.2300751879699248
smile3	['i_index', 'Scott_Symons', 'Banfeld_Raferty']	0.2300751879699248
smile3	['SDBW', 'IIndex', 'Banfeld_Raferty']	-0.44360902255639095
smile3	['IIndex', 'modified_hubert_t', 'Banfeld_Raferty']	-0.732330827067669
square1	['McClain_Rao', 'Dunns_index', 'Banfeld_Raferty']	1.0
square1	['SDBW', 'modified_hubert_t', 'Banfeld_Raferty']	0.7112781954887217
square1	['i_index', 'Scott_Symons', 'Banfeld_Raferty']	0.7112781954887217
square1	['SDBW', 'IIndex', 'Banfeld_Raferty']	-0.44360902255639095
square1	['IIndex', 'modified_hubert_t', 'Banfeld_Raferty']	-0.44360902255639095
ds2c2sc13	['SDBW', 'IIndex', 'Banfeld_Raferty']	1.0
ds2c2sc13	['McClain_Rao', 'Dunns_index', 'Banfeld_Raferty']	1.0
ds2c2sc13	['SDBW', 'modified_hubert_t', 'Banfeld_Raferty']	1.0
ds2c2sc13	['i_index', 'Scott_Symons', 'Banfeld_Raferty']	1.0
ds2c2sc13	['IIndex', 'modified_hubert_t', 'Banfeld_Raferty']	0.037593984962406006
disk-1000n	['SDBW', 'IIndex', 'Banfeld_Raferty']	1.0
disk-1000n	['McClain_Rao', 'Dunns_index', 'Banfeld_Raferty']	1.0
disk-1000n	['SDBW', 'modified_hubert_t', 'Banfeld_Raferty']	1.0
disk-1000n	['IIndex', 'modified_hubert_t', 'Banfeld_Raferty']	1.0
disk-1000n	['i_index', 'Scott_Symons', 'Banfeld_Raferty']	1.0
pathbased	['SDBW', 'modified_hubert_t', 'Banfeld_Raferty']	1.0
pathbased	['i_index', 'Scott_Symons', 'Banfeld_Raferty']	1.0
pathbased	['SDBW', 'IIndex', 'Banfeld_Raferty']	0.037593984962406006
pathbased	['McClain_Rao', 'Dunns_index', 'Banfeld_Raferty']	0.037593984962406006
pathbased	['IIndex', 'modified_hubert_t', 'Banfeld_Raferty']	0.037593984962406006
long2	['SDBW', 'IIndex', 'Banfeld_Raferty']	1.0
long2	['McClain_Rao', 'Dunns_index', 'Banfeld_Raferty']	1.0
long2	['SDBW', 'modified_hubert_t', 'Banfeld_Raferty']	1.0
long2	['IIndex', 'modified_hubert_t', 'Banfeld_Raferty']	1.0
long2	['i_index', 'Scott_Symons', 'Banfeld_Raferty']	1.0
cluto-t5-8k	['SDBW', 'IIndex', 'Banfeld_Raferty']	1.0
cluto-t5-8k	['SDBW', 'modified_hubert_t', 'Banfeld_Raferty']	1.0
cluto-t5-8k	['i_index', 'Scott_Symons', 'Banfeld_Raferty']	1.0
cluto-t5-8k	['McClain_Rao', 'Dunns_index', 'Banfeld_Raferty']	0.037593984962406006
cluto-t5-8k	['IIndex', 'modified_hubert_t', 'Banfeld_Raferty']	-0.732330827067669
2d-4c-no4	['SDBW', 'IIndex', 'Banfeld_Raferty']	1.0
2d-4c-no4	['IIndex', 'modified_hubert_t', 'Banfeld_Raferty']	1.0
2d-4c-no4	['McClain_Rao', 'Dunns_index', 'Banfeld_Raferty']	0.037593984962406006
2d-4c-no4	['SDBW', 'modified_hubert_t', 'Banfeld_Raferty']	0.037593984962406006
2d-4c-no4	['i_index', 'Scott_Symons', 'Banfeld_Raferty']	0.037593984962406006
shapes	['SDBW', 'IIndex', 'Banfeld_Raferty']	1.0
shapes	['McClain_Rao', 'Dunns_index', 'Banfeld_Raferty']	1.0
shapes	['IIndex', 'modified_hubert_t', 'Banfeld_Raferty']	1.0
shapes	['SDBW', 'modified_hubert_t', 'Banfeld_Raferty']	0.037593984962406006
shapes	['i_index', 'Scott_Symons', 'Banfeld_Raferty']	0.037593984962406006
spherical_4_3	['SDBW', 'IIndex', 'Banfeld_Raferty']	1.0
spherical_4_3	['McClain_Rao', 'Dunns_index', 'Banfeld_Raferty']	1.0
spherical_4_3	['SDBW', 'modified_hubert_t', 'Banfeld_Raferty']	1.0
spherical_4_3	['IIndex', 'modified_hubert_t', 'Banfeld_Raferty']	1.0
spherical_4_3	['i_index', 'Scott_Symons', 'Banfeld_Raferty']	1.0
zelnik4	['SDBW', 'IIndex', 'Banfeld_Raferty']	1.0
zelnik4	['McClain_Rao', 'Dunns_index', 'Banfeld_Raferty']	1.0
zelnik4	['SDBW', 'modified_hubert_t', 'Banfeld_Raferty']	1.0
zelnik4	['IIndex', 'modified_hubert_t', 'Banfeld_Raferty']	1.0
zelnik4	['i_index', 'Scott_Symons', 'Banfeld_Raferty']	1.0
dartboard1	['SDBW', 'IIndex', 'Banfeld_Raferty']	1.0
dartboard1	['McClain_Rao', 'Dunns_index', 'Banfeld_Raferty']	1.0
dartboard1	['SDBW', 'modified_hubert_t', 'Banfeld_Raferty']	1.0
dartboard1	['IIndex', 'modified_hubert_t', 'Banfeld_Raferty']	1.0
dartboard1	['i_index', 'Scott_Symons', 'Banfeld_Raferty']	1.0
chainlink	['SDBW', 'IIndex', 'Banfeld_Raferty']	1.0
chainlink	['McClain_Rao', 'Dunns_index', 'Banfeld_Raferty']	1.0
chainlink	['SDBW', 'modified_hubert_t', 'Banfeld_Raferty']	1.0
chainlink	['IIndex', 'modified_hubert_t', 'Banfeld_Raferty']	1.0
chainlink	['i_index', 'Scott_Symons', 'Banfeld_Raferty']	1.0
atom	['SDBW', 'modified_hubert_t', 'Banfeld_Raferty']	1.0
atom	['SDBW', 'IIndex', 'Banfeld_Raferty']	0.7112781954887217
atom	['McClain_Rao', 'Dunns_index', 'Banfeld_Raferty']	0.7112781954887217
atom	['IIndex', 'modified_hubert_t', 'Banfeld_Raferty']	0.7112781954887217
atom	['i_index', 'Scott_Symons', 'Banfeld_Raferty']	0.7112781954887217
long1	['SDBW', 'IIndex', 'Banfeld_Raferty']	1.0
long1	['McClain_Rao', 'Dunns_index', 'Banfeld_Raferty']	1.0
long1	['SDBW', 'modified_hubert_t', 'Banfeld_Raferty']	1.0
long1	['IIndex', 'modified_hubert_t', 'Banfeld_Raferty']	1.0
long1	['i_index', 'Scott_Symons', 'Banfeld_Raferty']	1.0
zelnik2	['McClain_Rao', 'Dunns_index', 'Banfeld_Raferty']	1.0
zelnik2	['SDBW', 'modified_hubert_t', 'Banfeld_Raferty']	1.0
zelnik2	['i_index', 'Scott_Symons', 'Banfeld_Raferty']	1.0
zelnik2	['SDBW', 'IIndex', 'Banfeld_Raferty']	-0.732330827067669
zelnik2	['IIndex', 'modified_hubert_t', 'Banfeld_Raferty']	-0.732330827067669
balance-scale	['SDBW', 'IIndex', 'Banfeld_Raferty']	1.0
balance-scale	['McClain_Rao', 'Dunns_index', 'Banfeld_Raferty']	1.0
balance-scale	['SDBW', 'modified_hubert_t', 'Banfeld_Raferty']	1.0
balance-scale	['IIndex', 'modified_hubert_t', 'Banfeld_Raferty']	1.0
balance-scale	['i_index', 'Scott_Symons', 'Banfeld_Raferty']	1.0
donut1	['SDBW', 'modified_hubert_t', 'Banfeld_Raferty']	1.0
donut1	['i_index', 'Scott_Symons', 'Banfeld_Raferty']	1.0
donut1	['SDBW', 'IIndex', 'Banfeld_Raferty']	0.7112781954887217
donut1	['McClain_Rao', 'Dunns_index', 'Banfeld_Raferty']	0.7112781954887217
donut1	['IIndex', 'modified_hubert_t', 'Banfeld_Raferty']	0.7112781954887217
2d-3c-no123	['SDBW', 'IIndex', 'Banfeld_Raferty']	1.0
2d-3c-no123	['McClain_Rao', 'Dunns_index', 'Banfeld_Raferty']	1.0
2d-3c-no123	['IIndex', 'modified_hubert_t', 'Banfeld_Raferty']	1.0
2d-3c-no123	['SDBW', 'modified_hubert_t', 'Banfeld_Raferty']	0.037593984962406006
2d-3c-no123	['i_index', 'Scott_Symons', 'Banfeld_Raferty']	0.037593984962406006
engytime	['SDBW', 'IIndex', 'Banfeld_Raferty']	1.0
engytime	['McClain_Rao', 'Dunns_index', 'Banfeld_Raferty']	1.0
engytime	['SDBW', 'modified_hubert_t', 'Banfeld_Raferty']	1.0
engytime	['IIndex', 'modified_hubert_t', 'Banfeld_Raferty']	1.0
engytime	['i_index', 'Scott_Symons', 'Banfeld_Raferty']	1.0
disk-4500n	['SDBW', 'IIndex', 'Banfeld_Raferty']	1.0
disk-4500n	['McClain_Rao', 'Dunns_index', 'Banfeld_Raferty']	1.0
disk-4500n	['SDBW', 'modified_hubert_t', 'Banfeld_Raferty']	1.0
disk-4500n	['IIndex', 'modified_hubert_t', 'Banfeld_Raferty']	1.0
disk-4500n	['i_index', 'Scott_Symons', 'Banfeld_Raferty']	1.0
disk-4600n	['McClain_Rao', 'Dunns_index', 'Banfeld_Raferty']	1.0
disk-4600n	['SDBW', 'modified_hubert_t', 'Banfeld_Raferty']	1.0
disk-4600n	['i_index', 'Scott_Symons', 'Banfeld_Raferty']	1.0
disk-4600n	['IIndex', 'modified_hubert_t', 'Banfeld_Raferty']	0.037593984962406006
disk-4600n	['SDBW', 'IIndex', 'Banfeld_Raferty']	-0.44360902255639095
spherical_6_2	['SDBW', 'IIndex', 'Banfeld_Raferty']	1.0
spherical_6_2	['McClain_Rao', 'Dunns_index', 'Banfeld_Raferty']	1.0
spherical_6_2	['SDBW', 'modified_hubert_t', 'Banfeld_Raferty']	1.0
spherical_6_2	['IIndex', 'modified_hubert_t', 'Banfeld_Raferty']	1.0
spherical_6_2	['i_index', 'Scott_Symons', 'Banfeld_Raferty']	1.0
elliptical_10_2	['SDBW', 'modified_hubert_t', 'Banfeld_Raferty']	1.0
elliptical_10_2	['i_index', 'Scott_Symons', 'Banfeld_Raferty']	1.0
elliptical_10_2	['SDBW', 'IIndex', 'Banfeld_Raferty']	-0.44360902255639095
elliptical_10_2	['McClain_Rao', 'Dunns_index', 'Banfeld_Raferty']	-0.44360902255639095
elliptical_10_2	['IIndex', 'modified_hubert_t', 'Banfeld_Raferty']	-0.732330827067669
aggregation	['McClain_Rao', 'Dunns_index', 'Banfeld_Raferty']	1.0
aggregation	['SDBW', 'modified_hubert_t', 'Banfeld_Raferty']	1.0
aggregation	['i_index', 'Scott_Symons', 'Banfeld_Raferty']	1.0
aggregation	['SDBW', 'IIndex', 'Banfeld_Raferty']	0.037593984962406006
aggregation	['IIndex', 'modified_hubert_t', 'Banfeld_Raferty']	0.037593984962406006
2d-4c-no9	['SDBW', 'IIndex', 'Banfeld_Raferty']	1.0
2d-4c-no9	['McClain_Rao', 'Dunns_index', 'Banfeld_Raferty']	1.0
2d-4c-no9	['IIndex', 'modified_hubert_t', 'Banfeld_Raferty']	1.0
2d-4c-no9	['SDBW', 'modified_hubert_t', 'Banfeld_Raferty']	0.037593984962406006
2d-4c-no9	['i_index', 'Scott_Symons', 'Banfeld_Raferty']	0.037593984962406006
zelnik6	['SDBW', 'modified_hubert_t', 'Banfeld_Raferty']	1.0
zelnik6	['i_index', 'Scott_Symons', 'Banfeld_Raferty']	1.0
zelnik6	['SDBW', 'IIndex', 'Banfeld_Raferty']	0.037593984962406006
zelnik6	['McClain_Rao', 'Dunns_index', 'Banfeld_Raferty']	0.037593984962406006
zelnik6	['IIndex', 'modified_hubert_t', 'Banfeld_Raferty']	0.037593984962406006
hepta	['SDBW', 'IIndex', 'Banfeld_Raferty']	1.0
hepta	['McClain_Rao', 'Dunns_index', 'Banfeld_Raferty']	1.0
hepta	['SDBW', 'modified_hubert_t', 'Banfeld_Raferty']	1.0
hepta	['IIndex', 'modified_hubert_t', 'Banfeld_Raferty']	1.0
hepta	['i_index', 'Scott_Symons', 'Banfeld_Raferty']	1.0
2d-4c	['SDBW', 'IIndex', 'Banfeld_Raferty']	1.0
2d-4c	['McClain_Rao', 'Dunns_index', 'Banfeld_Raferty']	1.0
2d-4c	['SDBW', 'modified_hubert_t', 'Banfeld_Raferty']	1.0
2d-4c	['IIndex', 'modified_hubert_t', 'Banfeld_Raferty']	1.0
2d-4c	['i_index', 'Scott_Symons', 'Banfeld_Raferty']	1.0
sizes1	['McClain_Rao', 'Dunns_index', 'Banfeld_Raferty']	1.0
sizes1	['SDBW', 'modified_hubert_t', 'Banfeld_Raferty']	1.0
sizes1	['i_index', 'Scott_Symons', 'Banfeld_Raferty']	1.0
sizes1	['SDBW', 'IIndex', 'Banfeld_Raferty']	0.037593984962406006
sizes1	['IIndex', 'modified_hubert_t', 'Banfeld_Raferty']	0.037593984962406006
cluto-t7-10k	['SDBW', 'IIndex', 'Banfeld_Raferty']	0.2300751879699248
cluto-t7-10k	['IIndex', 'modified_hubert_t', 'Banfeld_Raferty']	0.2300751879699248
cluto-t7-10k	['SDBW', 'modified_hubert_t', 'Banfeld_Raferty']	0.037593984962406006
cluto-t7-10k	['i_index', 'Scott_Symons', 'Banfeld_Raferty']	0.037593984962406006
cluto-t7-10k	['McClain_Rao', 'Dunns_index', 'Banfeld_Raferty']	-0.44360902255639095
simplex	['SDBW', 'IIndex', 'Banfeld_Raferty']	1.0
simplex	['McClain_Rao', 'Dunns_index', 'Banfeld_Raferty']	1.0
simplex	['SDBW', 'modified_hubert_t', 'Banfeld_Raferty']	1.0
simplex	['IIndex', 'modified_hubert_t', 'Banfeld_Raferty']	1.0
simplex	['i_index', 'Scott_Symons', 'Banfeld_Raferty']	1.0
2sp2glob	['SDBW', 'IIndex', 'Banfeld_Raferty']	1.0
2sp2glob	['McClain_Rao', 'Dunns_index', 'Banfeld_Raferty']	1.0
2sp2glob	['SDBW', 'modified_hubert_t', 'Banfeld_Raferty']	1.0
2sp2glob	['IIndex', 'modified_hubert_t', 'Banfeld_Raferty']	1.0
2sp2glob	['i_index', 'Scott_Symons', 'Banfeld_Raferty']	1.0
cluto-t8-8k	['SDBW', 'IIndex', 'Banfeld_Raferty']	1.0
cluto-t8-8k	['McClain_Rao', 'Dunns_index', 'Banfeld_Raferty']	1.0
cluto-t8-8k	['SDBW', 'modified_hubert_t', 'Banfeld_Raferty']	1.0
cluto-t8-8k	['IIndex', 'modified_hubert_t', 'Banfeld_Raferty']	1.0
cluto-t8-8k	['i_index', 'Scott_Symons', 'Banfeld_Raferty']	-0.5058823529411764
ds850	['SDBW', 'IIndex', 'Banfeld_Raferty']	1.0
ds850	['McClain_Rao', 'Dunns_index', 'Banfeld_Raferty']	1.0
ds850	['IIndex', 'modified_hubert_t', 'Banfeld_Raferty']	1.0
ds850	['SDBW', 'modified_hubert_t', 'Banfeld_Raferty']	0.037593984962406006
ds850	['i_index', 'Scott_Symons', 'Banfeld_Raferty']	0.037593984962406006
compound	['SDBW', 'IIndex', 'Banfeld_Raferty']	1.0
compound	['McClain_Rao', 'Dunns_index', 'Banfeld_Raferty']	1.0
compound	['SDBW', 'modified_hubert_t', 'Banfeld_Raferty']	1.0
compound	['i_index', 'Scott_Symons', 'Banfeld_Raferty']	1.0
compound	['IIndex', 'modified_hubert_t', 'Banfeld_Raferty']	0.037593984962406006
ds3c3sc6	['SDBW', 'IIndex', 'Banfeld_Raferty']	1.0
ds3c3sc6	['McClain_Rao', 'Dunns_index', 'Banfeld_Raferty']	1.0
ds3c3sc6	['SDBW', 'modified_hubert_t', 'Banfeld_Raferty']	1.0
ds3c3sc6	['i_index', 'Scott_Symons', 'Banfeld_Raferty']	1.0
ds3c3sc6	['IIndex', 'modified_hubert_t', 'Banfeld_Raferty']	0.037593984962406006
spherical_5_2	['SDBW', 'IIndex', 'Banfeld_Raferty']	1.0
spherical_5_2	['McClain_Rao', 'Dunns_index', 'Banfeld_Raferty']	1.0
spherical_5_2	['SDBW', 'modified_hubert_t', 'Banfeld_Raferty']	1.0
spherical_5_2	['IIndex', 'modified_hubert_t', 'Banfeld_Raferty']	1.0
spherical_5_2	['i_index', 'Scott_Symons', 'Banfeld_Raferty']	1.0
3MC	['McClain_Rao', 'Dunns_index', 'Banfeld_Raferty']	1.0
3MC	['SDBW', 'IIndex', 'Banfeld_Raferty']	0.2300751879699248
3MC	['IIndex', 'modified_hubert_t', 'Banfeld_Raferty']	0.2300751879699248
3MC	['SDBW', 'modified_hubert_t', 'Banfeld_Raferty']	0.037593984962406006
3MC	['i_index', 'Scott_Symons', 'Banfeld_Raferty']	0.037593984962406006
