complex8	['Banfeld_Raferty']	-0.0631578947368421
complex8	['modified_hubert_t']	0.33383458646616543
complex8	['i_index']	-0.15789473684210525
complex8	['McClain_Rao']	0.4060150375939849
complex8	['IIndex']	0.33383458646616543
complex8	['Dunns_index']	0.42556390977443603
complex8	['Scott_Symons']	0.3954887218045112
complex8	['SDBW']	0.33383458646616543
complex8	['s_dbw']	0.24812030075187969
complex8	['Davies_Bouldin']	-0.23909774436090225
complex8	['PBM_index']	-0.022556390977443608
complex8	['Ratkowsky_Lance']	-0.22255639097744356
complex8	['Ray_Turi']	0.015037593984962403
3MC	['Banfeld_Raferty']	0.34736842105263155
3MC	['modified_hubert_t']	0.5022556390977443
3MC	['i_index']	-0.5804511278195488
3MC	['McClain_Rao']	0.29172932330827067
3MC	['IIndex']	0.5022556390977443
3MC	['Dunns_index']	0.31729323308270674
3MC	['Scott_Symons']	0.1533834586466165
3MC	['SDBW']	0.5022556390977443
3MC	['s_dbw']	0.15939849624060148
3MC	['Davies_Bouldin']	-0.1894736842105263
3MC	['PBM_index']	-0.35187969924812035
3MC	['Ratkowsky_Lance']	-0.2270676691729323
3MC	['Ray_Turi']	-0.016541353383458645
cure-t0-2000n-2D	['Banfeld_Raferty']	0.15789473684210525
cure-t0-2000n-2D	['modified_hubert_t']	0.7518796992481201
cure-t0-2000n-2D	['i_index']	-0.05263157894736842
cure-t0-2000n-2D	['McClain_Rao']	0.3969924812030075
cure-t0-2000n-2D	['IIndex']	0.7518796992481201
cure-t0-2000n-2D	['Dunns_index']	-0.3082706766917293
cure-t0-2000n-2D	['Scott_Symons']	0.4977443609022556
cure-t0-2000n-2D	['SDBW']	0.7518796992481201
cure-t0-2000n-2D	['s_dbw']	0.04661654135338346
cure-t0-2000n-2D	['Davies_Bouldin']	0.11729323308270674
cure-t0-2000n-2D	['PBM_index']	-0.4300751879699248
cure-t0-2000n-2D	['Ratkowsky_Lance']	-0.47518796992481205
cure-t0-2000n-2D	['Ray_Turi']	0.5203007518796992
square3	['Banfeld_Raferty']	0.26616541353383455
square3	['modified_hubert_t']	0.8736842105263156
square3	['i_index']	-0.7293233082706766
square3	['McClain_Rao']	0.4015037593984962
square3	['IIndex']	0.8736842105263156
square3	['Dunns_index']	0.58796992481203
square3	['Scott_Symons']	0.41052631578947363
square3	['SDBW']	0.8736842105263156
square3	['s_dbw']	0.16691729323308271
square3	['Davies_Bouldin']	0.6571428571428571
square3	['PBM_index']	-0.7714285714285714
square3	['Ratkowsky_Lance']	-0.42255639097744363
square3	['Ray_Turi']	0.33383458646616543
cassini	['Banfeld_Raferty']	0.3218045112781954
cassini	['modified_hubert_t']	0.675187969924812
cassini	['i_index']	-0.5338345864661653
cassini	['McClain_Rao']	0.5864661654135337
cassini	['IIndex']	0.675187969924812
cassini	['Dunns_index']	0.28120300751879695
cassini	['Scott_Symons']	0.22406015037593985
cassini	['SDBW']	0.675187969924812
cassini	['s_dbw']	0.4030075187969925
cassini	['Davies_Bouldin']	0.5609022556390978
cassini	['PBM_index']	-0.6721804511278194
cassini	['Ratkowsky_Lance']	-0.35187969924812035
cassini	['Ray_Turi']	-0.06766917293233082
donut1	['Banfeld_Raferty']	0.1894736842105263
donut1	['modified_hubert_t']	0.6631578947368421
donut1	['i_index']	-0.6556390977443608
donut1	['McClain_Rao']	0.2045112781954887
donut1	['IIndex']	0.6631578947368421
donut1	['Dunns_index']	0.4676691729323308
donut1	['Scott_Symons']	0.4601503759398496
donut1	['SDBW']	0.6631578947368421
donut1	['s_dbw']	0.5097744360902255
donut1	['Davies_Bouldin']	0.28872180451127816
donut1	['PBM_index']	-0.6075187969924812
donut1	['Ratkowsky_Lance']	-0.5383458646616541
donut1	['Ray_Turi']	0.42255639097744363
disk-5000n	['Banfeld_Raferty']	0.5924812030075187
disk-5000n	['modified_hubert_t']	0.9609022556390976
disk-5000n	['i_index']	-0.6962406015037594
disk-5000n	['McClain_Rao']	0.5759398496240601
disk-5000n	['IIndex']	0.9609022556390976
disk-5000n	['Dunns_index']	0.5218045112781955
disk-5000n	['Scott_Symons']	0.5654135338345864
disk-5000n	['SDBW']	0.9609022556390976
disk-5000n	['s_dbw']	0.5954887218045113
disk-5000n	['Davies_Bouldin']	-0.07669172932330826
disk-5000n	['PBM_index']	-0.6481203007518795
disk-5000n	['Ratkowsky_Lance']	-0.5518796992481202
disk-5000n	['Ray_Turi']	-0.07218045112781954
2d-3c-no123	['Banfeld_Raferty']	0.2571428571428572
2d-3c-no123	['modified_hubert_t']	0.6330827067669172
2d-3c-no123	['i_index']	-0.5338345864661653
2d-3c-no123	['McClain_Rao']	0.13533834586466165
2d-3c-no123	['IIndex']	0.6330827067669172
2d-3c-no123	['Dunns_index']	0.5157894736842105
2d-3c-no123	['Scott_Symons']	-0.2045112781954887
2d-3c-no123	['SDBW']	0.6330827067669172
2d-3c-no123	['s_dbw']	0.19097744360902258
2d-3c-no123	['Davies_Bouldin']	-0.5458646616541353
2d-3c-no123	['PBM_index']	-0.2300751879699248
2d-3c-no123	['Ratkowsky_Lance']	-0.78796992481203
2d-3c-no123	['Ray_Turi']	0.06766917293233082
dartboard1	['Banfeld_Raferty']	-0.431578947368421
dartboard1	['modified_hubert_t']	-0.9518796992481202
dartboard1	['i_index']	0.9218045112781955
dartboard1	['McClain_Rao']	-0.362406015037594
dartboard1	['IIndex']	-0.9518796992481202
dartboard1	['Dunns_index']	-0.4842105263157894
dartboard1	['Scott_Symons']	-0.41353383458646614
dartboard1	['SDBW']	-0.9518796992481202
dartboard1	['s_dbw']	-0.2646616541353383
dartboard1	['Davies_Bouldin']	-0.2992481203007519
dartboard1	['PBM_index']	0.9278195488721804
dartboard1	['Ratkowsky_Lance']	0.49022556390977434
dartboard1	['Ray_Turi']	0.28872180451127816
cure-t2-4k	['Banfeld_Raferty']	0.6616541353383457
cure-t2-4k	['modified_hubert_t']	0.7338345864661654
cure-t2-4k	['i_index']	-0.37293233082706767
cure-t2-4k	['McClain_Rao']	0.6481203007518795
cure-t2-4k	['IIndex']	0.7338345864661654
cure-t2-4k	['Dunns_index']	0.5413533834586466
cure-t2-4k	['Scott_Symons']	0.732330827067669
cure-t2-4k	['SDBW']	0.7338345864661654
cure-t2-4k	['s_dbw']	0.5819548872180451
cure-t2-4k	['Davies_Bouldin']	0.23909774436090225
cure-t2-4k	['PBM_index']	-0.5819548872180451
cure-t2-4k	['Ratkowsky_Lance']	-0.30977443609022554
cure-t2-4k	['Ray_Turi']	0.15789473684210525
ecoli	['Banfeld_Raferty']	0.4766917293233082
ecoli	['modified_hubert_t']	0.13383458646616542
ecoli	['i_index']	0.06616541353383458
ecoli	['McClain_Rao']	0.02706766917293233
ecoli	['IIndex']	0.13383458646616542
ecoli	['Dunns_index']	0.13383458646616542
ecoli	['Scott_Symons']	0.13383458646616542
ecoli	['SDBW']	0.13383458646616542
ecoli	['s_dbw']	0.09022556390977443
ecoli	['Davies_Bouldin']	-0.10977443609022557
ecoli	['PBM_index']	0.05413533834586466
ecoli	['Ratkowsky_Lance']	0.06165413533834586
ecoli	['Ray_Turi']	-0.13684210526315788
pathbased	['Banfeld_Raferty']	0.30977443609022554
pathbased	['modified_hubert_t']	0.8962406015037594
pathbased	['i_index']	-0.801503759398496
pathbased	['McClain_Rao']	0.23458646616541348
pathbased	['IIndex']	0.8962406015037594
pathbased	['Dunns_index']	0.051127819548872175
pathbased	['Scott_Symons']	0.23458646616541348
pathbased	['SDBW']	0.8962406015037594
pathbased	['s_dbw']	-0.12932330827067667
pathbased	['Davies_Bouldin']	0.05413533834586466
pathbased	['PBM_index']	-0.8345864661654135
pathbased	['Ratkowsky_Lance']	-0.47368421052631576
pathbased	['Ray_Turi']	0.09323308270676692
complex9	['Banfeld_Raferty']	0.07969924812030074
complex9	['modified_hubert_t']	0.07969924812030074
complex9	['i_index']	0.09172932330827067
complex9	['McClain_Rao']	0.018045112781954885
complex9	['IIndex']	0.07969924812030074
complex9	['Dunns_index']	-0.05714285714285714
complex9	['Scott_Symons']	0.02706766917293233
complex9	['SDBW']	0.07969924812030074
complex9	['s_dbw']	-0.02706766917293233
complex9	['Davies_Bouldin']	0.022556390977443608
complex9	['PBM_index']	-0.051127819548872175
complex9	['Ratkowsky_Lance']	-0.04962406015037594
complex9	['Ray_Turi']	-0.021052631578947364
threenorm	['Banfeld_Raferty']	0.25112781954887214
threenorm	['modified_hubert_t']	0.38345864661654133
threenorm	['i_index']	0.0631578947368421
threenorm	['McClain_Rao']	0.20601503759398496
threenorm	['IIndex']	0.38345864661654133
threenorm	['Dunns_index']	0.38345864661654133
threenorm	['Scott_Symons']	0.49323308270676686
threenorm	['SDBW']	0.38345864661654133
threenorm	['s_dbw']	-0.27518796992481204
threenorm	['Davies_Bouldin']	0.18345864661654135
threenorm	['PBM_index']	-0.35488721804511275
threenorm	['Ratkowsky_Lance']	-0.0631578947368421
threenorm	['Ray_Turi']	-0.11278195488721804
circle	['Banfeld_Raferty']	-0.5654135338345864
circle	['modified_hubert_t']	-0.7834586466165413
circle	['i_index']	0.7909774436090224
circle	['McClain_Rao']	-0.47518796992481205
circle	['IIndex']	-0.7834586466165413
circle	['Dunns_index']	-0.4676691729323308
circle	['Scott_Symons']	-0.512781954887218
circle	['SDBW']	-0.7834586466165413
circle	['s_dbw']	-0.1609022556390977
circle	['Davies_Bouldin']	-0.5834586466165413
circle	['PBM_index']	0.7609022556390977
circle	['Ratkowsky_Lance']	0.23458646616541348
circle	['Ray_Turi']	0.2781954887218045
DS-850	['Banfeld_Raferty']	0.35187969924812035
DS-850	['modified_hubert_t']	0.6165413533834586
DS-850	['i_index']	-0.5278195488721804
DS-850	['McClain_Rao']	0.4481203007518797
DS-850	['IIndex']	0.6165413533834586
DS-850	['Dunns_index']	0.5368421052631579
DS-850	['Scott_Symons']	0.48872180451127817
DS-850	['SDBW']	0.6165413533834586
DS-850	['s_dbw']	0.6375939849624059
DS-850	['Davies_Bouldin']	0.38796992481203
DS-850	['PBM_index']	-0.5172932330827067
DS-850	['Ratkowsky_Lance']	-0.16541353383458643
DS-850	['Ray_Turi']	-0.21954887218045113
blobs	['Banfeld_Raferty']	0.2646616541353383
blobs	['modified_hubert_t']	0.41503759398496237
blobs	['i_index']	-0.41654135338345866
blobs	['McClain_Rao']	-0.15789473684210525
blobs	['IIndex']	0.41503759398496237
blobs	['Dunns_index']	0.41503759398496237
blobs	['Scott_Symons']	0.29323308270676685
blobs	['SDBW']	0.41503759398496237
blobs	['s_dbw']	-0.14436090225563908
blobs	['Davies_Bouldin']	0.39097744360902253
blobs	['PBM_index']	-0.3413533834586466
blobs	['Ratkowsky_Lance']	-0.29323308270676685
blobs	['Ray_Turi']	0.024060150375939848
ds4c2sc8	['Banfeld_Raferty']	0.362406015037594
ds4c2sc8	['modified_hubert_t']	0.5278195488721804
ds4c2sc8	['i_index']	-0.37744360902255636
ds4c2sc8	['McClain_Rao']	0.14436090225563908
ds4c2sc8	['IIndex']	0.5278195488721804
ds4c2sc8	['Dunns_index']	-0.3789473684210526
ds4c2sc8	['Scott_Symons']	0.38646616541353385
ds4c2sc8	['SDBW']	0.5278195488721804
ds4c2sc8	['s_dbw']	0.4090225563909774
ds4c2sc8	['Davies_Bouldin']	-0.12781954887218044
ds4c2sc8	['PBM_index']	-0.24962406015037594
ds4c2sc8	['Ratkowsky_Lance']	-0.31127819548872177
ds4c2sc8	['Ray_Turi']	0.4015037593984962
donut2	['Banfeld_Raferty']	0.4661654135338345
donut2	['modified_hubert_t']	1.0
donut2	['i_index']	-0.5338345864661653
donut2	['McClain_Rao']	0.5233082706766917
donut2	['IIndex']	1.0
donut2	['Dunns_index']	0.5954887218045113
donut2	['Scott_Symons']	0.4661654135338345
donut2	['SDBW']	1.0
donut2	['s_dbw']	-0.03909774436090225
donut2	['Davies_Bouldin']	0.7263157894736841
donut2	['PBM_index']	-0.5338345864661653
donut2	['Ratkowsky_Lance']	-0.5112781954887218
donut2	['Ray_Turi']	0.5759398496240601
DS-577	['Banfeld_Raferty']	0.20601503759398496
DS-577	['modified_hubert_t']	0.37293233082706767
DS-577	['i_index']	-0.38796992481203
DS-577	['McClain_Rao']	0.20601503759398496
DS-577	['IIndex']	0.37293233082706767
DS-577	['Dunns_index']	0.26165413533834586
DS-577	['Scott_Symons']	0.156390977443609
DS-577	['SDBW']	0.37293233082706767
DS-577	['s_dbw']	0.34586466165413526
DS-577	['Davies_Bouldin']	0.31127819548872177
DS-577	['PBM_index']	-0.3954887218045112
DS-577	['Ratkowsky_Lance']	0.09924812030075188
DS-577	['Ray_Turi']	0.20902255639097742
aml28	['Banfeld_Raferty']	-0.003007518796992481
aml28	['modified_hubert_t']	0.23759398496240602
aml28	['i_index']	0.0
aml28	['McClain_Rao']	0.20902255639097742
aml28	['IIndex']	0.23759398496240602
aml28	['Dunns_index']	0.23759398496240602
aml28	['Scott_Symons']	-0.048120300751879695
aml28	['SDBW']	0.23759398496240602
aml28	['s_dbw']	0.16691729323308271
aml28	['Davies_Bouldin']	-0.19999999999999998
aml28	['PBM_index']	-0.1744360902255639
aml28	['Ratkowsky_Lance']	-0.06165413533834586
aml28	['Ray_Turi']	0.33684210526315783
sizes2	['Banfeld_Raferty']	0.09774436090225563
sizes2	['modified_hubert_t']	0.19548872180451127
sizes2	['i_index']	0.24511278195488717
sizes2	['McClain_Rao']	-0.16240601503759397
sizes2	['IIndex']	0.19548872180451127
sizes2	['Dunns_index']	-0.060150375939849614
sizes2	['Scott_Symons']	0.4827067669172932
sizes2	['SDBW']	0.19548872180451127
sizes2	['s_dbw']	0.18496240601503755
sizes2	['Davies_Bouldin']	0.21353383458646616
sizes2	['PBM_index']	-0.4015037593984962
sizes2	['Ratkowsky_Lance']	-0.24060150375939846
sizes2	['Ray_Turi']	-0.2796992481203007
spherical_5_2	['Banfeld_Raferty']	0.9699248120300751
spherical_5_2	['modified_hubert_t']	0.4812030075187969
spherical_5_2	['i_index']	-0.5278195488721804
spherical_5_2	['McClain_Rao']	0.5187969924812029
spherical_5_2	['IIndex']	0.4812030075187969
spherical_5_2	['Dunns_index']	0.5744360902255639
spherical_5_2	['Scott_Symons']	0.3157894736842105
spherical_5_2	['SDBW']	0.4812030075187969
spherical_5_2	['s_dbw']	-0.21654135338345865
spherical_5_2	['Davies_Bouldin']	0.49323308270676686
spherical_5_2	['PBM_index']	-0.5187969924812029
spherical_5_2	['Ratkowsky_Lance']	-0.5187969924812029
spherical_5_2	['Ray_Turi']	-0.02857142857142857
balance-scale	['Banfeld_Raferty']	0.47067669172932325
balance-scale	['modified_hubert_t']	0.7443609022556391
balance-scale	['i_index']	-0.47218045112781953
balance-scale	['McClain_Rao']	0.5308270676691729
balance-scale	['IIndex']	0.7443609022556391
balance-scale	['Dunns_index']	0.6872180451127818
balance-scale	['Scott_Symons']	0.6
balance-scale	['SDBW']	0.7443609022556391
balance-scale	['s_dbw']	0.24060150375939846
balance-scale	['Davies_Bouldin']	0.5924812030075187
balance-scale	['PBM_index']	-0.6390977443609022
balance-scale	['Ratkowsky_Lance']	-0.2150375939849624
balance-scale	['Ray_Turi']	0.7142857142857143
spiral	['Banfeld_Raferty']	0.2120300751879699
spiral	['modified_hubert_t']	-0.06165413533834586
spiral	['i_index']	-0.10977443609022557
spiral	['McClain_Rao']	-0.09022556390977443
spiral	['IIndex']	-0.06165413533834586
spiral	['Dunns_index']	0.06917293233082707
spiral	['Scott_Symons']	-0.29624060150375936
spiral	['SDBW']	-0.06165413533834586
spiral	['s_dbw']	0.13383458646616542
spiral	['Davies_Bouldin']	-0.037593984962406006
spiral	['PBM_index']	0.3699248120300751
spiral	['Ratkowsky_Lance']	-0.28721804511278193
spiral	['Ray_Turi']	-0.3293233082706767
hypercube	['Banfeld_Raferty']	0.022556390977443608
hypercube	['modified_hubert_t']	0.23609022556390977
hypercube	['i_index']	-0.3924812030075188
hypercube	['McClain_Rao']	0.2526315789473684
hypercube	['IIndex']	0.23609022556390977
hypercube	['Dunns_index']	0.28120300751879695
hypercube	['Scott_Symons']	0.06917293233082707
hypercube	['SDBW']	0.23609022556390977
hypercube	['s_dbw']	-0.14285714285714285
hypercube	['Davies_Bouldin']	0.10075187969924812
hypercube	['PBM_index']	-0.13082706766917293
hypercube	['Ratkowsky_Lance']	-0.03909774436090225
hypercube	['Ray_Turi']	0.1518796992481203
xor	['Banfeld_Raferty']	0.27368421052631575
xor	['modified_hubert_t']	0.19999999999999998
xor	['i_index']	-0.11879699248120301
xor	['McClain_Rao']	0.1894736842105263
xor	['IIndex']	0.19999999999999998
xor	['Dunns_index']	0.47218045112781953
xor	['Scott_Symons']	0.26616541353383455
xor	['SDBW']	0.19999999999999998
xor	['s_dbw']	0.010526315789473682
xor	['Davies_Bouldin']	0.24060150375939846
xor	['PBM_index']	-0.16240601503759397
xor	['Ratkowsky_Lance']	0.006015037593984962
xor	['Ray_Turi']	0.16240601503759397
2d-20c-no0	['Banfeld_Raferty']	0.312781954887218
2d-20c-no0	['modified_hubert_t']	0.7744360902255639
2d-20c-no0	['i_index']	-0.04060150375939849
2d-20c-no0	['McClain_Rao']	0.29323308270676685
2d-20c-no0	['IIndex']	0.7744360902255639
2d-20c-no0	['Dunns_index']	0.7744360902255639
2d-20c-no0	['Scott_Symons']	0.4496240601503759
2d-20c-no0	['SDBW']	0.7744360902255639
2d-20c-no0	['s_dbw']	-0.17744360902255638
2d-20c-no0	['Davies_Bouldin']	0.10676691729323308
2d-20c-no0	['PBM_index']	0.24962406015037594
2d-20c-no0	['Ratkowsky_Lance']	-0.5744360902255639
2d-20c-no0	['Ray_Turi']	-0.003007518796992481
flame	['Banfeld_Raferty']	0.35488721804511275
flame	['modified_hubert_t']	0.47518796992481205
flame	['i_index']	0.17142857142857143
flame	['McClain_Rao']	0.3533834586466165
flame	['IIndex']	0.47518796992481205
flame	['Dunns_index']	0.29624060150375936
flame	['Scott_Symons']	0.1744360902255639
flame	['SDBW']	0.47518796992481205
flame	['s_dbw']	-0.08120300751879699
flame	['Davies_Bouldin']	-0.1744360902255639
flame	['PBM_index']	-0.34736842105263155
flame	['Ratkowsky_Lance']	-0.009022556390977442
flame	['Ray_Turi']	0.2526315789473684
donutcurves	['Banfeld_Raferty']	0.20902255639097742
donutcurves	['modified_hubert_t']	0.4421052631578947
donutcurves	['i_index']	-0.431578947368421
donutcurves	['McClain_Rao']	0.5849624060150376
donutcurves	['IIndex']	0.4421052631578947
donutcurves	['Dunns_index']	0.4300751879699248
donutcurves	['Scott_Symons']	0.13383458646616542
donutcurves	['SDBW']	0.4421052631578947
donutcurves	['s_dbw']	0.14736842105263157
donutcurves	['Davies_Bouldin']	0.2706766917293233
donutcurves	['PBM_index']	0.09774436090225563
donutcurves	['Ratkowsky_Lance']	-0.3924812030075188
donutcurves	['Ray_Turi']	-0.18345864661654135
disk-4600n	['Banfeld_Raferty']	0.44360902255639095
disk-4600n	['modified_hubert_t']	0.9804511278195487
disk-4600n	['i_index']	-0.5112781954887218
disk-4600n	['McClain_Rao']	0.6045112781954887
disk-4600n	['IIndex']	0.9804511278195487
disk-4600n	['Dunns_index']	0.4872180451127819
disk-4600n	['Scott_Symons']	0.6300751879699248
disk-4600n	['SDBW']	0.9804511278195487
disk-4600n	['s_dbw']	0.5398496240601504
disk-4600n	['Davies_Bouldin']	0.20150375939849624
disk-4600n	['PBM_index']	-0.5669172932330826
disk-4600n	['Ratkowsky_Lance']	-0.47368421052631576
disk-4600n	['Ray_Turi']	-0.09924812030075188
haberman	['Banfeld_Raferty']	-0.13383458646616542
haberman	['modified_hubert_t']	0.1263157894736842
haberman	['i_index']	-0.34285714285714286
haberman	['McClain_Rao']	0.27368421052631575
haberman	['IIndex']	0.1263157894736842
haberman	['Dunns_index']	0.1263157894736842
haberman	['Scott_Symons']	-0.3293233082706767
haberman	['SDBW']	0.1263157894736842
haberman	['s_dbw']	0.13834586466165413
haberman	['Davies_Bouldin']	-0.07669172932330826
haberman	['PBM_index']	-0.24812030075187969
haberman	['Ratkowsky_Lance']	0.051127819548872175
haberman	['Ray_Turi']	0.09624060150375939
iono	['Banfeld_Raferty']	-0.05413533834586466
iono	['modified_hubert_t']	0.007518796992481202
iono	['i_index']	-0.11428571428571428
iono	['McClain_Rao']	-0.3984962406015037
iono	['IIndex']	0.007518796992481202
iono	['Dunns_index']	0.007518796992481202
iono	['Scott_Symons']	0.007518796992481202
iono	['SDBW']	0.007518796992481202
iono	['s_dbw']	-0.24812030075187969
iono	['Davies_Bouldin']	0.022556390977443608
iono	['PBM_index']	-0.03308270676691729
iono	['Ratkowsky_Lance']	0.06766917293233082
iono	['Ray_Turi']	-0.0015037593984962405
R15	['Banfeld_Raferty']	0.016541353383458645
R15	['modified_hubert_t']	0.22857142857142856
R15	['i_index']	-0.11278195488721804
R15	['McClain_Rao']	0.016541353383458645
R15	['IIndex']	0.22857142857142856
R15	['Dunns_index']	-0.04210526315789473
R15	['Scott_Symons']	0.048120300751879695
R15	['SDBW']	0.22857142857142856
R15	['s_dbw']	-0.12481203007518797
R15	['Davies_Bouldin']	-0.16240601503759397
R15	['PBM_index']	0.4090225563909774
R15	['Ratkowsky_Lance']	-0.42255639097744363
R15	['Ray_Turi']	-0.11578947368421053
lsun	['Banfeld_Raferty']	0.5353383458646617
lsun	['modified_hubert_t']	0.4541353383458646
lsun	['i_index']	-0.6090225563909774
lsun	['McClain_Rao']	0.03157894736842105
lsun	['IIndex']	0.4541353383458646
lsun	['Dunns_index']	0.2120300751879699
lsun	['Scott_Symons']	-0.4300751879699248
lsun	['SDBW']	0.4541353383458646
lsun	['s_dbw']	0.1263157894736842
lsun	['Davies_Bouldin']	0.29473684210526313
lsun	['PBM_index']	-0.28872180451127816
lsun	['Ratkowsky_Lance']	0.06616541353383458
lsun	['Ray_Turi']	0.31127819548872177
2d-4c-no9	['Banfeld_Raferty']	0.16992481203007515
2d-4c-no9	['modified_hubert_t']	0.8075187969924811
2d-4c-no9	['i_index']	-0.7804511278195487
2d-4c-no9	['McClain_Rao']	0.29473684210526313
2d-4c-no9	['IIndex']	0.8075187969924811
2d-4c-no9	['Dunns_index']	-0.24962406015037594
2d-4c-no9	['Scott_Symons']	0.3639097744360902
2d-4c-no9	['SDBW']	0.8075187969924811
2d-4c-no9	['s_dbw']	0.2421052631578947
2d-4c-no9	['Davies_Bouldin']	0.2601503759398496
2d-4c-no9	['PBM_index']	-0.7007518796992479
2d-4c-no9	['Ratkowsky_Lance']	-0.5473684210526315
2d-4c-no9	['Ray_Turi']	0.13383458646616542
long3	['Banfeld_Raferty']	0.14436090225563908
long3	['modified_hubert_t']	-0.09473684210526315
long3	['i_index']	-0.019548872180451125
long3	['McClain_Rao']	0.048120300751879695
long3	['IIndex']	-0.09473684210526315
long3	['Dunns_index']	-0.09473684210526315
long3	['Scott_Symons']	0.13233082706766916
long3	['SDBW']	-0.09473684210526315
long3	['s_dbw']	-0.04962406015037594
long3	['Davies_Bouldin']	0.31729323308270674
long3	['PBM_index']	-0.07218045112781954
long3	['Ratkowsky_Lance']	0.23308270676691725
long3	['Ray_Turi']	-0.5428571428571428
sizes5	['Banfeld_Raferty']	0.6421052631578947
sizes5	['modified_hubert_t']	0.7789473684210525
sizes5	['i_index']	-0.6030075187969924
sizes5	['McClain_Rao']	0.3759398496240601
sizes5	['IIndex']	0.7789473684210525
sizes5	['Dunns_index']	-0.1744360902255639
sizes5	['Scott_Symons']	0.6225563909774435
sizes5	['SDBW']	0.7789473684210525
sizes5	['s_dbw']	0.4060150375939849
sizes5	['Davies_Bouldin']	0.04962406015037594
sizes5	['PBM_index']	-0.7037593984962407
sizes5	['Ratkowsky_Lance']	-0.1894736842105263
sizes5	['Ray_Turi']	0.5067669172932331
smile2	['Banfeld_Raferty']	0.3293233082706767
smile2	['modified_hubert_t']	0.7864661654135338
smile2	['i_index']	-0.4586466165413533
smile2	['McClain_Rao']	0.5293233082706766
smile2	['IIndex']	0.7864661654135338
smile2	['Dunns_index']	0.22255639097744356
smile2	['Scott_Symons']	0.28872180451127816
smile2	['SDBW']	0.7864661654135338
smile2	['s_dbw']	0.5518796992481202
smile2	['Davies_Bouldin']	-0.03609022556390977
smile2	['PBM_index']	-0.5413533834586466
smile2	['Ratkowsky_Lance']	-0.5218045112781955
smile2	['Ray_Turi']	-0.2721804511278195
longsquare	['Banfeld_Raferty']	0.41804511278195483
longsquare	['modified_hubert_t']	0.7488721804511278
longsquare	['i_index']	0.07518796992481201
longsquare	['McClain_Rao']	0.3233082706766917
longsquare	['IIndex']	0.7488721804511278
longsquare	['Dunns_index']	-0.45112781954887216
longsquare	['Scott_Symons']	0.5684210526315789
longsquare	['SDBW']	0.7488721804511278
longsquare	['s_dbw']	0.3082706766917293
longsquare	['Davies_Bouldin']	-0.08421052631578946
longsquare	['PBM_index']	-0.34586466165413526
longsquare	['Ratkowsky_Lance']	-0.431578947368421
longsquare	['Ray_Turi']	0.12180451127819547
gaussians1	['Banfeld_Raferty']	0.19248120300751878
gaussians1	['modified_hubert_t']	0.4796992481203006
gaussians1	['i_index']	-0.4917293233082706
gaussians1	['McClain_Rao']	0.09323308270676692
gaussians1	['IIndex']	0.4796992481203006
gaussians1	['Dunns_index']	0.4796992481203006
gaussians1	['Scott_Symons']	0.4466165413533834
gaussians1	['SDBW']	0.4796992481203006
gaussians1	['s_dbw']	-0.013533834586466165
gaussians1	['Davies_Bouldin']	0.03458646616541353
gaussians1	['PBM_index']	-0.41654135338345866
gaussians1	['Ratkowsky_Lance']	-0.3669172932330827
gaussians1	['Ray_Turi']	0.06466165413533834
twodiamonds	['Banfeld_Raferty']	0.0
twodiamonds	['modified_hubert_t']	0.4947368421052631
twodiamonds	['i_index']	-0.35488721804511275
twodiamonds	['McClain_Rao']	-0.13834586466165413
twodiamonds	['IIndex']	0.4947368421052631
twodiamonds	['Dunns_index']	0.08721804511278194
twodiamonds	['Scott_Symons']	0.4917293233082706
twodiamonds	['SDBW']	0.4947368421052631
twodiamonds	['s_dbw']	0.46917293233082696
twodiamonds	['Davies_Bouldin']	0.45714285714285713
twodiamonds	['PBM_index']	-0.5353383458646617
twodiamonds	['Ratkowsky_Lance']	-0.6616541353383457
twodiamonds	['Ray_Turi']	0.6075187969924812
diamond9	['Banfeld_Raferty']	0.5819548872180451
diamond9	['modified_hubert_t']	0.22255639097744356
diamond9	['i_index']	0.016541353383458645
diamond9	['McClain_Rao']	0.13082706766917293
diamond9	['IIndex']	0.22255639097744356
diamond9	['Dunns_index']	-0.015037593984962403
diamond9	['Scott_Symons']	0.31879699248120297
diamond9	['SDBW']	0.22255639097744356
diamond9	['s_dbw']	-0.1533834586466165
diamond9	['Davies_Bouldin']	-0.25864661654135335
diamond9	['PBM_index']	-0.29323308270676685
diamond9	['Ratkowsky_Lance']	0.2601503759398496
diamond9	['Ray_Turi']	0.30075187969924805
sizes4	['Banfeld_Raferty']	0.6045112781954887
sizes4	['modified_hubert_t']	0.6646616541353383
sizes4	['i_index']	-0.11729323308270674
sizes4	['McClain_Rao']	0.5007518796992482
sizes4	['IIndex']	0.6646616541353383
sizes4	['Dunns_index']	-0.07218045112781954
sizes4	['Scott_Symons']	0.4857142857142857
sizes4	['SDBW']	0.6646616541353383
sizes4	['s_dbw']	-0.0706766917293233
sizes4	['Davies_Bouldin']	0.22255639097744356
sizes4	['PBM_index']	-0.6436090225563909
sizes4	['Ratkowsky_Lance']	-0.33233082706766914
sizes4	['Ray_Turi']	0.03909774436090225
elly-2d10c13s	['Banfeld_Raferty']	0.29172932330827067
elly-2d10c13s	['modified_hubert_t']	0.6887218045112782
elly-2d10c13s	['i_index']	-0.5714285714285714
elly-2d10c13s	['McClain_Rao']	0.4270676691729323
elly-2d10c13s	['IIndex']	0.6887218045112782
elly-2d10c13s	['Dunns_index']	0.20902255639097742
elly-2d10c13s	['Scott_Symons']	0.31729323308270674
elly-2d10c13s	['SDBW']	0.6887218045112782
elly-2d10c13s	['s_dbw']	0.4766917293233082
elly-2d10c13s	['Davies_Bouldin']	0.6180451127819548
elly-2d10c13s	['PBM_index']	-0.5789473684210527
elly-2d10c13s	['Ratkowsky_Lance']	-0.3443609022556391
elly-2d10c13s	['Ray_Turi']	0.2646616541353383
d31	['Banfeld_Raferty']	0.37744360902255636
d31	['modified_hubert_t']	0.33533834586466166
d31	['i_index']	-0.08571428571428572
d31	['McClain_Rao']	-0.04661654135338346
d31	['IIndex']	0.33533834586466166
d31	['Dunns_index']	0.18796992481203004
d31	['Scott_Symons']	-0.0015037593984962405
d31	['SDBW']	0.33533834586466166
d31	['s_dbw']	0.3744360902255639
d31	['Davies_Bouldin']	-0.20601503759398496
d31	['PBM_index']	0.2300751879699248
d31	['Ratkowsky_Lance']	-0.19097744360902258
d31	['Ray_Turi']	-0.22556390977443608
zelnik4	['Banfeld_Raferty']	0.3669172932330827
zelnik4	['modified_hubert_t']	0.45112781954887216
zelnik4	['i_index']	0.09172932330827067
zelnik4	['McClain_Rao']	0.5323308270676691
zelnik4	['IIndex']	0.45112781954887216
zelnik4	['Dunns_index']	-0.003007518796992481
zelnik4	['Scott_Symons']	0.4240601503759398
zelnik4	['SDBW']	0.45112781954887216
zelnik4	['s_dbw']	0.21353383458646616
zelnik4	['Davies_Bouldin']	0.21052631578947367
zelnik4	['PBM_index']	-0.29473684210526313
zelnik4	['Ratkowsky_Lance']	-0.3684210526315789
zelnik4	['Ray_Turi']	-0.312781954887218
disk-4500n	['Banfeld_Raferty']	-0.2827067669172932
disk-4500n	['modified_hubert_t']	-0.04060150375939849
disk-4500n	['i_index']	0.1263157894736842
disk-4500n	['McClain_Rao']	-0.003007518796992481
disk-4500n	['IIndex']	-0.04060150375939849
disk-4500n	['Dunns_index']	-0.13383458646616542
disk-4500n	['Scott_Symons']	0.06165413533834586
disk-4500n	['SDBW']	-0.04060150375939849
disk-4500n	['s_dbw']	0.30075187969924805
disk-4500n	['Davies_Bouldin']	-0.10526315789473684
disk-4500n	['PBM_index']	0.23157894736842105
disk-4500n	['Ratkowsky_Lance']	0.10225563909774435
disk-4500n	['Ray_Turi']	0.13684210526315788
3-spiral	['Banfeld_Raferty']	-0.11127819548872178
3-spiral	['modified_hubert_t']	-0.2571428571428572
3-spiral	['i_index']	0.14285714285714285
3-spiral	['McClain_Rao']	-0.21804511278195485
3-spiral	['IIndex']	-0.2571428571428572
3-spiral	['Dunns_index']	-0.10225563909774435
3-spiral	['Scott_Symons']	-0.4300751879699248
3-spiral	['SDBW']	-0.2571428571428572
3-spiral	['s_dbw']	0.11729323308270674
3-spiral	['Davies_Bouldin']	-0.19849624060150375
3-spiral	['PBM_index']	-0.15037593984962402
3-spiral	['Ratkowsky_Lance']	0.37293233082706767
3-spiral	['Ray_Turi']	-0.045112781954887216
engytime	['Banfeld_Raferty']	0.33533834586466166
engytime	['modified_hubert_t']	0.34586466165413526
engytime	['i_index']	-0.21353383458646616
engytime	['McClain_Rao']	0.2827067669172932
engytime	['IIndex']	0.34586466165413526
engytime	['Dunns_index']	0.1819548872180451
engytime	['Scott_Symons']	0.19999999999999998
engytime	['SDBW']	0.34586466165413526
engytime	['s_dbw']	0.4676691729323308
engytime	['Davies_Bouldin']	-0.17293233082706763
engytime	['PBM_index']	-0.24511278195488717
engytime	['Ratkowsky_Lance']	0.2556390977443609
engytime	['Ray_Turi']	0.07969924812030074
fourty	['Banfeld_Raferty']	-0.849624060150376
fourty	['modified_hubert_t']	-0.42105263157894735
fourty	['i_index']	-0.28721804511278193
fourty	['McClain_Rao']	-0.33533834586466166
fourty	['IIndex']	-0.42105263157894735
fourty	['Dunns_index']	-0.04661654135338346
fourty	['Scott_Symons']	-0.24511278195488717
fourty	['SDBW']	-0.42105263157894735
fourty	['s_dbw']	-0.22556390977443608
fourty	['Davies_Bouldin']	-0.015037593984962403
fourty	['PBM_index']	0.30977443609022554
fourty	['Ratkowsky_Lance']	-0.5037593984962406
fourty	['Ray_Turi']	0.18646616541353384
2sp2glob	['Banfeld_Raferty']	0.048120300751879695
2sp2glob	['modified_hubert_t']	0.4120300751879699
2sp2glob	['i_index']	-0.3157894736842105
2sp2glob	['McClain_Rao']	0.11879699248120301
2sp2glob	['IIndex']	0.4120300751879699
2sp2glob	['Dunns_index']	0.007518796992481202
2sp2glob	['Scott_Symons']	0.2781954887218045
2sp2glob	['SDBW']	0.4120300751879699
2sp2glob	['s_dbw']	0.07969924812030074
2sp2glob	['Davies_Bouldin']	0.45563909774436084
2sp2glob	['PBM_index']	-0.37293233082706767
2sp2glob	['Ratkowsky_Lance']	-0.7488721804511278
2sp2glob	['Ray_Turi']	0.33383458646616543
2d-4c	['Banfeld_Raferty']	0.5398496240601504
2d-4c	['modified_hubert_t']	0.25864661654135335
2d-4c	['i_index']	-0.018045112781954885
2d-4c	['McClain_Rao']	0.5609022556390978
2d-4c	['IIndex']	0.25864661654135335
2d-4c	['Dunns_index']	0.25864661654135335
2d-4c	['Scott_Symons']	0.29323308270676685
2d-4c	['SDBW']	0.25864661654135335
2d-4c	['s_dbw']	0.14285714285714285
2d-4c	['Davies_Bouldin']	0.09924812030075188
2d-4c	['PBM_index']	0.04962406015037594
2d-4c	['Ratkowsky_Lance']	0.0706766917293233
2d-4c	['Ray_Turi']	-0.03609022556390977
jain	['Banfeld_Raferty']	0.35939849624060144
jain	['modified_hubert_t']	0.46917293233082696
jain	['i_index']	-0.4496240601503759
jain	['McClain_Rao']	0.07969924812030074
jain	['IIndex']	0.46917293233082696
jain	['Dunns_index']	0.46917293233082696
jain	['Scott_Symons']	0.29172932330827067
jain	['SDBW']	0.46917293233082696
jain	['s_dbw']	0.23909774436090225
jain	['Davies_Bouldin']	0.05864661654135337
jain	['PBM_index']	-0.5233082706766917
jain	['Ratkowsky_Lance']	-0.3203007518796992
jain	['Ray_Turi']	0.13684210526315788
spiralsquare	['Banfeld_Raferty']	-0.35488721804511275
spiralsquare	['modified_hubert_t']	0.08270676691729321
spiralsquare	['i_index']	0.013533834586466165
spiralsquare	['McClain_Rao']	0.18345864661654135
spiralsquare	['IIndex']	0.08270676691729321
spiralsquare	['Dunns_index']	0.0
spiralsquare	['Scott_Symons']	-0.03157894736842105
spiralsquare	['SDBW']	0.08270676691729321
spiralsquare	['s_dbw']	-0.1894736842105263
spiralsquare	['Davies_Bouldin']	-0.28421052631578947
spiralsquare	['PBM_index']	-0.0631578947368421
spiralsquare	['Ratkowsky_Lance']	-0.2556390977443609
spiralsquare	['Ray_Turi']	0.1819548872180451
hepta	['Banfeld_Raferty']	-0.35639097744360904
hepta	['modified_hubert_t']	0.2646616541353383
hepta	['i_index']	-0.41804511278195483
hepta	['McClain_Rao']	-0.20601503759398496
hepta	['IIndex']	0.2646616541353383
hepta	['Dunns_index']	0.024060150375939848
hepta	['Scott_Symons']	0.35639097744360904
hepta	['SDBW']	0.2646616541353383
hepta	['s_dbw']	0.09624060150375939
hepta	['Davies_Bouldin']	-0.06616541353383458
hepta	['PBM_index']	-0.21052631578947367
hepta	['Ratkowsky_Lance']	0.20601503759398496
hepta	['Ray_Turi']	0.3639097744360902
ds577	['Banfeld_Raferty']	0.20601503759398496
ds577	['modified_hubert_t']	0.37293233082706767
ds577	['i_index']	-0.38796992481203
ds577	['McClain_Rao']	0.20601503759398496
ds577	['IIndex']	0.37293233082706767
ds577	['Dunns_index']	0.26165413533834586
ds577	['Scott_Symons']	0.156390977443609
ds577	['SDBW']	0.37293233082706767
ds577	['s_dbw']	0.34586466165413526
ds577	['Davies_Bouldin']	0.31127819548872177
ds577	['PBM_index']	-0.3954887218045112
ds577	['Ratkowsky_Lance']	0.09924812030075188
ds577	['Ray_Turi']	0.20902255639097742
ba0.0a	['Banfeld_Raferty']	0.04210526315789473
ba0.0a	['modified_hubert_t']	0.4015037593984962
ba0.0a	['i_index']	-0.3969924812030075
ba0.0a	['McClain_Rao']	-0.04060150375939849
ba0.0a	['IIndex']	0.4015037593984962
ba0.0a	['Dunns_index']	0.3398496240601503
ba0.0a	['Scott_Symons']	0.41804511278195483
ba0.0a	['SDBW']	0.4015037593984962
ba0.0a	['s_dbw']	0.10526315789473684
ba0.0a	['Davies_Bouldin']	-0.39999999999999997
ba0.0a	['PBM_index']	-0.20751879699248119
ba0.0a	['Ratkowsky_Lance']	-0.3578947368421052
ba0.0a	['Ray_Turi']	-0.4947368421052631
heart-statlog	['Banfeld_Raferty']	-0.1894736842105263
heart-statlog	['modified_hubert_t']	-0.3609022556390977
heart-statlog	['i_index']	0.18345864661654135
heart-statlog	['McClain_Rao']	-0.07518796992481201
heart-statlog	['IIndex']	-0.3609022556390977
heart-statlog	['Dunns_index']	-0.3609022556390977
heart-statlog	['Scott_Symons']	-0.38796992481203
heart-statlog	['SDBW']	-0.3609022556390977
heart-statlog	['s_dbw']	-0.18796992481203004
heart-statlog	['Davies_Bouldin']	0.15488721804511277
heart-statlog	['PBM_index']	0.41052631578947363
heart-statlog	['Ratkowsky_Lance']	0.3533834586466165
heart-statlog	['Ray_Turi']	-0.306766917293233
iris	['Banfeld_Raferty']	0.29624060150375936
iris	['modified_hubert_t']	0.4917293233082706
iris	['i_index']	-0.5007518796992482
iris	['McClain_Rao']	0.5593984962406015
iris	['IIndex']	0.4917293233082706
iris	['Dunns_index']	0.4917293233082706
iris	['Scott_Symons']	0.4917293233082706
iris	['SDBW']	0.4917293233082706
iris	['s_dbw']	0.11879699248120301
iris	['Davies_Bouldin']	0.393984962406015
iris	['PBM_index']	-0.5007518796992482
iris	['Ratkowsky_Lance']	-0.20300751879699244
iris	['Ray_Turi']	-0.10827067669172932
ds850	['Banfeld_Raferty']	-0.009022556390977442
ds850	['modified_hubert_t']	0.4240601503759398
ds850	['i_index']	-0.4015037593984962
ds850	['McClain_Rao']	0.29323308270676685
ds850	['IIndex']	0.4240601503759398
ds850	['Dunns_index']	0.35037593984962395
ds850	['Scott_Symons']	0.17142857142857143
ds850	['SDBW']	0.4240601503759398
ds850	['s_dbw']	0.29774436090225564
ds850	['Davies_Bouldin']	0.19999999999999998
ds850	['PBM_index']	-0.38345864661654133
ds850	['Ratkowsky_Lance']	0.10225563909774435
ds850	['Ray_Turi']	-0.11127819548872178
zelnik3	['Banfeld_Raferty']	-0.019548872180451125
zelnik3	['modified_hubert_t']	0.41654135338345866
zelnik3	['i_index']	-0.04962406015037594
zelnik3	['McClain_Rao']	0.41052631578947363
zelnik3	['IIndex']	0.41654135338345866
zelnik3	['Dunns_index']	-0.11428571428571428
zelnik3	['Scott_Symons']	0.20601503759398496
zelnik3	['SDBW']	0.41654135338345866
zelnik3	['s_dbw']	0.12330827067669171
zelnik3	['Davies_Bouldin']	0.4090225563909774
zelnik3	['PBM_index']	-0.393984962406015
zelnik3	['Ratkowsky_Lance']	-0.4796992481203006
zelnik3	['Ray_Turi']	0.14436090225563908
2d-4c-no4	['Banfeld_Raferty']	0.10676691729323308
2d-4c-no4	['modified_hubert_t']	0.7097744360902255
2d-4c-no4	['i_index']	-0.6466165413533834
2d-4c-no4	['McClain_Rao']	0.312781954887218
2d-4c-no4	['IIndex']	0.7097744360902255
2d-4c-no4	['Dunns_index']	-0.20751879699248119
2d-4c-no4	['Scott_Symons']	0.27518796992481204
2d-4c-no4	['SDBW']	0.7097744360902255
2d-4c-no4	['s_dbw']	-0.08270676691729321
2d-4c-no4	['Davies_Bouldin']	0.07518796992481201
2d-4c-no4	['PBM_index']	-0.437593984962406
2d-4c-no4	['Ratkowsky_Lance']	-0.1263157894736842
2d-4c-no4	['Ray_Turi']	0.22105263157894736
shapes	['Banfeld_Raferty']	0.09022556390977443
shapes	['modified_hubert_t']	0.4360902255639097
shapes	['i_index']	-0.4631578947368421
shapes	['McClain_Rao']	0.28120300751879695
shapes	['IIndex']	0.4360902255639097
shapes	['Dunns_index']	-0.2045112781954887
shapes	['Scott_Symons']	0.16240601503759397
shapes	['SDBW']	0.4360902255639097
shapes	['s_dbw']	0.16541353383458643
shapes	['Davies_Bouldin']	-0.24661654135338343
shapes	['PBM_index']	-0.40451127819548865
shapes	['Ratkowsky_Lance']	-0.21804511278195485
shapes	['Ray_Turi']	0.19548872180451127
square2	['Banfeld_Raferty']	0.5699248120300752
square2	['modified_hubert_t']	0.7458646616541353
square2	['i_index']	-0.6812030075187969
square2	['McClain_Rao']	0.3744360902255639
square2	['IIndex']	0.7458646616541353
square2	['Dunns_index']	0.1533834586466165
square2	['Scott_Symons']	0.39999999999999997
square2	['SDBW']	0.7458646616541353
square2	['s_dbw']	-0.06165413533834586
square2	['Davies_Bouldin']	-0.2541353383458646
square2	['PBM_index']	-0.5097744360902255
square2	['Ratkowsky_Lance']	-0.4992481203007519
square2	['Ray_Turi']	0.23609022556390977
sizes3	['Banfeld_Raferty']	0.33533834586466166
sizes3	['modified_hubert_t']	0.6466165413533834
sizes3	['i_index']	-0.4195488721804511
sizes3	['McClain_Rao']	0.5684210526315789
sizes3	['IIndex']	0.6466165413533834
sizes3	['Dunns_index']	0.3639097744360902
sizes3	['Scott_Symons']	0.5954887218045113
sizes3	['SDBW']	0.6466165413533834
sizes3	['s_dbw']	-0.019548872180451125
sizes3	['Davies_Bouldin']	-0.08571428571428572
sizes3	['PBM_index']	-0.47067669172932325
sizes3	['Ratkowsky_Lance']	-0.437593984962406
sizes3	['Ray_Turi']	-0.07218045112781954
cure-t1-2000n-2D	['Banfeld_Raferty']	0.5218045112781955
cure-t1-2000n-2D	['modified_hubert_t']	0.7488721804511278
cure-t1-2000n-2D	['i_index']	-0.5834586466165413
cure-t1-2000n-2D	['McClain_Rao']	0.3578947368421052
cure-t1-2000n-2D	['IIndex']	0.7488721804511278
cure-t1-2000n-2D	['Dunns_index']	0.03308270676691729
cure-t1-2000n-2D	['Scott_Symons']	0.26616541353383455
cure-t1-2000n-2D	['SDBW']	0.7488721804511278
cure-t1-2000n-2D	['s_dbw']	0.3233082706766917
cure-t1-2000n-2D	['Davies_Bouldin']	0.2706766917293233
cure-t1-2000n-2D	['PBM_index']	-0.5278195488721804
cure-t1-2000n-2D	['Ratkowsky_Lance']	-0.4601503759398496
cure-t1-2000n-2D	['Ray_Turi']	-0.17142857142857143
sonar	['Banfeld_Raferty']	0.03308270676691729
sonar	['modified_hubert_t']	0.35037593984962395
sonar	['i_index']	-0.13082706766917293
sonar	['McClain_Rao']	0.556390977443609
sonar	['IIndex']	0.35037593984962395
sonar	['Dunns_index']	0.35037593984962395
sonar	['Scott_Symons']	0.35037593984962395
sonar	['SDBW']	0.35037593984962395
sonar	['s_dbw']	0.35037593984962395
sonar	['Davies_Bouldin']	0.23157894736842105
sonar	['PBM_index']	-0.2571428571428572
sonar	['Ratkowsky_Lance']	-0.1609022556390977
sonar	['Ray_Turi']	0.003007518796992481
square1	['Banfeld_Raferty']	0.2796992481203007
square1	['modified_hubert_t']	0.512781954887218
square1	['i_index']	-0.5112781954887218
square1	['McClain_Rao']	0.2270676691729323
square1	['IIndex']	0.512781954887218
square1	['Dunns_index']	-0.17293233082706763
square1	['Scott_Symons']	0.362406015037594
square1	['SDBW']	0.512781954887218
square1	['s_dbw']	0.037593984962406006
square1	['Davies_Bouldin']	0.31729323308270674
square1	['PBM_index']	-0.437593984962406
square1	['Ratkowsky_Lance']	-0.38496240601503756
square1	['Ray_Turi']	-0.23308270676691725
disk-1000n	['Banfeld_Raferty']	-0.16240601503759397
disk-1000n	['modified_hubert_t']	-0.13383458646616542
disk-1000n	['i_index']	0.09924812030075188
disk-1000n	['McClain_Rao']	-0.0631578947368421
disk-1000n	['IIndex']	-0.13383458646616542
disk-1000n	['Dunns_index']	-0.022556390977443608
disk-1000n	['Scott_Symons']	0.0631578947368421
disk-1000n	['SDBW']	-0.13383458646616542
disk-1000n	['s_dbw']	-0.26766917293233083
disk-1000n	['Davies_Bouldin']	-0.38496240601503756
disk-1000n	['PBM_index']	0.22105263157894736
disk-1000n	['Ratkowsky_Lance']	-0.03308270676691729
disk-1000n	['Ray_Turi']	-0.11879699248120301
dpc	['Banfeld_Raferty']	0.3293233082706767
dpc	['modified_hubert_t']	0.49022556390977434
dpc	['i_index']	-0.24661654135338343
dpc	['McClain_Rao']	0.09774436090225563
dpc	['IIndex']	0.49022556390977434
dpc	['Dunns_index']	0.38345864661654133
dpc	['Scott_Symons']	0.4060150375939849
dpc	['SDBW']	0.49022556390977434
dpc	['s_dbw']	0.2781954887218045
dpc	['Davies_Bouldin']	0.24962406015037594
dpc	['PBM_index']	-0.27518796992481204
dpc	['Ratkowsky_Lance']	-0.12932330827067667
dpc	['Ray_Turi']	0.156390977443609
triangle2	['Banfeld_Raferty']	0.35639097744360904
triangle2	['modified_hubert_t']	0.6992481203007518
triangle2	['i_index']	-0.5203007518796992
triangle2	['McClain_Rao']	0.23609022556390977
triangle2	['IIndex']	0.6992481203007518
triangle2	['Dunns_index']	-0.47368421052631576
triangle2	['Scott_Symons']	0.544360902255639
triangle2	['SDBW']	0.6992481203007518
triangle2	['s_dbw']	0.06466165413533834
triangle2	['Davies_Bouldin']	0.23909774436090225
triangle2	['PBM_index']	-0.6195488721804511
triangle2	['Ratkowsky_Lance']	-0.4496240601503759
triangle2	['Ray_Turi']	0.29473684210526313
triangle1	['Banfeld_Raferty']	0.13082706766917293
triangle1	['modified_hubert_t']	0.5654135338345864
triangle1	['i_index']	-0.41503759398496237
triangle1	['McClain_Rao']	0.16842105263157892
triangle1	['IIndex']	0.5654135338345864
triangle1	['Dunns_index']	0.19097744360902258
triangle1	['Scott_Symons']	0.09924812030075188
triangle1	['SDBW']	0.5654135338345864
triangle1	['s_dbw']	0.10676691729323308
triangle1	['Davies_Bouldin']	-0.34736842105263155
triangle1	['PBM_index']	-0.2827067669172932
triangle1	['Ratkowsky_Lance']	-0.42556390977443603
triangle1	['Ray_Turi']	0.14285714285714285
wingnut	['Banfeld_Raferty']	0.29323308270676685
wingnut	['modified_hubert_t']	0.14736842105263157
wingnut	['i_index']	-0.2556390977443609
wingnut	['McClain_Rao']	0.4661654135338345
wingnut	['IIndex']	0.14736842105263157
wingnut	['Dunns_index']	0.29774436090225564
wingnut	['Scott_Symons']	0.5533834586466165
wingnut	['SDBW']	0.14736842105263157
wingnut	['s_dbw']	0.3082706766917293
wingnut	['Davies_Bouldin']	-0.4015037593984962
wingnut	['PBM_index']	-0.12781954887218044
wingnut	['Ratkowsky_Lance']	0.09774436090225563
wingnut	['Ray_Turi']	0.09323308270676692
tetra	['Banfeld_Raferty']	0.5172932330827067
tetra	['modified_hubert_t']	0.5278195488721804
tetra	['i_index']	-0.4360902255639097
tetra	['McClain_Rao']	0.3533834586466165
tetra	['IIndex']	0.5278195488721804
tetra	['Dunns_index']	0.3413533834586466
tetra	['Scott_Symons']	-0.28421052631578947
tetra	['SDBW']	0.5278195488721804
tetra	['s_dbw']	-0.030075187969924807
tetra	['Davies_Bouldin']	-0.07368421052631578
tetra	['PBM_index']	-0.5398496240601504
tetra	['Ratkowsky_Lance']	-0.021052631578947364
tetra	['Ray_Turi']	0.22406015037593985
long2	['Banfeld_Raferty']	-0.045112781954887216
long2	['modified_hubert_t']	-0.11278195488721804
long2	['i_index']	-0.22556390977443608
long2	['McClain_Rao']	0.11879699248120301
long2	['IIndex']	-0.11278195488721804
long2	['Dunns_index']	-0.15789473684210525
long2	['Scott_Symons']	-0.09172932330827067
long2	['SDBW']	-0.11278195488721804
long2	['s_dbw']	-0.048120300751879695
long2	['Davies_Bouldin']	0.14436090225563908
long2	['PBM_index']	-0.013533834586466165
long2	['Ratkowsky_Lance']	0.21353383458646616
long2	['Ray_Turi']	0.08421052631578946
ds2c2sc13	['Banfeld_Raferty']	0.09624060150375939
ds2c2sc13	['modified_hubert_t']	0.706766917293233
ds2c2sc13	['i_index']	-0.08872180451127819
ds2c2sc13	['McClain_Rao']	0.4270676691729323
ds2c2sc13	['IIndex']	0.706766917293233
ds2c2sc13	['Dunns_index']	0.09323308270676692
ds2c2sc13	['Scott_Symons']	0.21353383458646616
ds2c2sc13	['SDBW']	0.706766917293233
ds2c2sc13	['s_dbw']	0.28120300751879695
ds2c2sc13	['Davies_Bouldin']	0.09323308270676692
ds2c2sc13	['PBM_index']	0.04060150375939849
ds2c2sc13	['Ratkowsky_Lance']	-0.38195488721804516
ds2c2sc13	['Ray_Turi']	-0.11578947368421053
xclara	['Banfeld_Raferty']	0.1639097744360902
xclara	['modified_hubert_t']	0.41503759398496237
xclara	['i_index']	-0.41503759398496237
xclara	['McClain_Rao']	0.18045112781954886
xclara	['IIndex']	0.41503759398496237
xclara	['Dunns_index']	-0.019548872180451125
xclara	['Scott_Symons']	0.4827067669172932
xclara	['SDBW']	0.41503759398496237
xclara	['s_dbw']	0.009022556390977442
xclara	['Davies_Bouldin']	-0.12932330827067667
xclara	['PBM_index']	-0.07218045112781954
xclara	['Ratkowsky_Lance']	-0.03609022556390977
xclara	['Ray_Turi']	0.2781954887218045
ds3c3sc6	['Banfeld_Raferty']	0.3413533834586466
ds3c3sc6	['modified_hubert_t']	0.20300751879699244
ds3c3sc6	['i_index']	-0.10075187969924812
ds3c3sc6	['McClain_Rao']	-0.11127819548872178
ds3c3sc6	['IIndex']	0.20300751879699244
ds3c3sc6	['Dunns_index']	-0.26165413533834586
ds3c3sc6	['Scott_Symons']	0.17593984962406017
ds3c3sc6	['SDBW']	0.20300751879699244
ds3c3sc6	['s_dbw']	0.35187969924812035
ds3c3sc6	['Davies_Bouldin']	0.2421052631578947
ds3c3sc6	['PBM_index']	-0.24060150375939846
ds3c3sc6	['Ratkowsky_Lance']	-0.11578947368421053
ds3c3sc6	['Ray_Turi']	0.29774436090225564
impossible	['Banfeld_Raferty']	0.29624060150375936
impossible	['modified_hubert_t']	0.2902255639097744
impossible	['i_index']	-0.35187969924812035
impossible	['McClain_Rao']	0.4661654135338345
impossible	['IIndex']	0.2902255639097744
impossible	['Dunns_index']	-0.037593984962406006
impossible	['Scott_Symons']	-0.19999999999999998
impossible	['SDBW']	0.2902255639097744
impossible	['s_dbw']	0.46917293233082696
impossible	['Davies_Bouldin']	0.05563909774436089
impossible	['PBM_index']	-0.05263157894736842
impossible	['Ratkowsky_Lance']	-0.30225563909774433
impossible	['Ray_Turi']	0.016541353383458645
aggregation	['Banfeld_Raferty']	0.4270676691729323
aggregation	['modified_hubert_t']	0.7804511278195487
aggregation	['i_index']	-0.4977443609022556
aggregation	['McClain_Rao']	0.5383458646616541
aggregation	['IIndex']	0.7804511278195487
aggregation	['Dunns_index']	0.33533834586466166
aggregation	['Scott_Symons']	0.30225563909774433
aggregation	['SDBW']	0.7804511278195487
aggregation	['s_dbw']	0.306766917293233
aggregation	['Davies_Bouldin']	0.18045112781954886
aggregation	['PBM_index']	-0.49624060150375937
aggregation	['Ratkowsky_Lance']	-0.5473684210526315
aggregation	['Ray_Turi']	0.10827067669172932
chainlink	['Banfeld_Raferty']	0.2601503759398496
chainlink	['modified_hubert_t']	0.5338345864661653
chainlink	['i_index']	-0.11578947368421053
chainlink	['McClain_Rao']	0.1819548872180451
chainlink	['IIndex']	0.5338345864661653
chainlink	['Dunns_index']	0.24661654135338343
chainlink	['Scott_Symons']	0.1518796992481203
chainlink	['SDBW']	0.5338345864661653
chainlink	['s_dbw']	0.26165413533834586
chainlink	['Davies_Bouldin']	0.12330827067669171
chainlink	['PBM_index']	-0.3759398496240601
chainlink	['Ratkowsky_Lance']	-0.24511278195488717
chainlink	['Ray_Turi']	0.11879699248120301
sizes1	['Banfeld_Raferty']	0.2796992481203007
sizes1	['modified_hubert_t']	0.7368421052631579
sizes1	['i_index']	-0.6526315789473683
sizes1	['McClain_Rao']	0.24511278195488717
sizes1	['IIndex']	0.7368421052631579
sizes1	['Dunns_index']	0.2270676691729323
sizes1	['Scott_Symons']	0.2646616541353383
sizes1	['SDBW']	0.7368421052631579
sizes1	['s_dbw']	0.22857142857142856
sizes1	['Davies_Bouldin']	0.31127819548872177
sizes1	['PBM_index']	-0.38646616541353385
sizes1	['Ratkowsky_Lance']	-0.3398496240601503
sizes1	['Ray_Turi']	0.3969924812030075
simplex	['Banfeld_Raferty']	0.3443609022556391
simplex	['modified_hubert_t']	0.5609022556390978
simplex	['i_index']	0.05263157894736842
simplex	['McClain_Rao']	0.15488721804511277
simplex	['IIndex']	0.5609022556390978
simplex	['Dunns_index']	0.32631578947368417
simplex	['Scott_Symons']	0.4947368421052631
simplex	['SDBW']	0.5609022556390978
simplex	['s_dbw']	-0.11428571428571428
simplex	['Davies_Bouldin']	0.156390977443609
simplex	['PBM_index']	-0.4030075187969925
simplex	['Ratkowsky_Lance']	0.018045112781954885
simplex	['Ray_Turi']	0.5518796992481202
target	['Banfeld_Raferty']	-0.15488721804511277
target	['modified_hubert_t']	0.5172932330827067
target	['i_index']	0.22857142857142856
target	['McClain_Rao']	0.2857142857142857
target	['IIndex']	0.5172932330827067
target	['Dunns_index']	0.3954887218045112
target	['Scott_Symons']	-0.09624060150375939
target	['SDBW']	0.5172932330827067
target	['s_dbw']	0.4781954887218045
target	['Davies_Bouldin']	-0.10375939849624059
target	['PBM_index']	0.08270676691729321
target	['Ratkowsky_Lance']	-0.1413533834586466
target	['Ray_Turi']	0.04060150375939849
disk-4000n	['Banfeld_Raferty']	0.393984962406015
disk-4000n	['modified_hubert_t']	0.9488721804511278
disk-4000n	['i_index']	-0.38796992481203
disk-4000n	['McClain_Rao']	0.3609022556390977
disk-4000n	['IIndex']	0.9488721804511278
disk-4000n	['Dunns_index']	0.07669172932330826
disk-4000n	['Scott_Symons']	0.35639097744360904
disk-4000n	['SDBW']	0.9488721804511278
disk-4000n	['s_dbw']	0.5458646616541353
disk-4000n	['Davies_Bouldin']	0.6451127819548872
disk-4000n	['PBM_index']	-0.5729323308270676
disk-4000n	['Ratkowsky_Lance']	-0.45563909774436084
disk-4000n	['Ray_Turi']	0.04360902255639097
zelnik5	['Banfeld_Raferty']	0.49624060150375937
zelnik5	['modified_hubert_t']	0.6436090225563909
zelnik5	['i_index']	0.21353383458646616
zelnik5	['McClain_Rao']	0.5368421052631579
zelnik5	['IIndex']	0.6436090225563909
zelnik5	['Dunns_index']	0.4812030075187969
zelnik5	['Scott_Symons']	0.5037593984962406
zelnik5	['SDBW']	0.6436090225563909
zelnik5	['s_dbw']	0.4812030075187969
zelnik5	['Davies_Bouldin']	0.5097744360902255
zelnik5	['PBM_index']	0.5263157894736841
zelnik5	['Ratkowsky_Lance']	-0.15037593984962402
zelnik5	['Ray_Turi']	0.010526315789473682
smile3	['Banfeld_Raferty']	0.4195488721804511
smile3	['modified_hubert_t']	0.8466165413533834
smile3	['i_index']	-0.38345864661654133
smile3	['McClain_Rao']	0.7082706766917292
smile3	['IIndex']	0.8466165413533834
smile3	['Dunns_index']	0.5082706766917292
smile3	['Scott_Symons']	0.5789473684210527
smile3	['SDBW']	0.8466165413533834
smile3	['s_dbw']	-0.06766917293233082
smile3	['Davies_Bouldin']	0.3533834586466165
smile3	['PBM_index']	0.32481203007518794
smile3	['Ratkowsky_Lance']	-0.3984962406015037
smile3	['Ray_Turi']	0.30075187969924805
twenty	['Banfeld_Raferty']	0.15789473684210525
twenty	['modified_hubert_t']	0.013533834586466165
twenty	['i_index']	0.4526315789473684
twenty	['McClain_Rao']	0.3684210526315789
twenty	['IIndex']	0.013533834586466165
twenty	['Dunns_index']	0.018045112781954885
twenty	['Scott_Symons']	0.13233082706766916
twenty	['SDBW']	0.013533834586466165
twenty	['s_dbw']	0.1969924812030075
twenty	['Davies_Bouldin']	0.4285714285714286
twenty	['PBM_index']	0.11729323308270674
twenty	['Ratkowsky_Lance']	-0.2781954887218045
twenty	['Ray_Turi']	0.08571428571428572
square5	['Banfeld_Raferty']	0.30977443609022554
square5	['modified_hubert_t']	0.8466165413533834
square5	['i_index']	-0.4330827067669173
square5	['McClain_Rao']	0.3203007518796992
square5	['IIndex']	0.8466165413533834
square5	['Dunns_index']	-0.6225563909774435
square5	['Scott_Symons']	0.34586466165413526
square5	['SDBW']	0.8466165413533834
square5	['s_dbw']	0.31879699248120297
square5	['Davies_Bouldin']	0.3533834586466165
square5	['PBM_index']	-0.33233082706766914
square5	['Ratkowsky_Lance']	-0.6661654135338345
square5	['Ray_Turi']	-0.14586466165413534
zelnik1	['Banfeld_Raferty']	0.4646616541353384
zelnik1	['modified_hubert_t']	0.8992481203007519
zelnik1	['i_index']	0.6330827067669172
zelnik1	['McClain_Rao']	0.4631578947368421
zelnik1	['IIndex']	0.8992481203007519
zelnik1	['Dunns_index']	0.021052631578947364
zelnik1	['Scott_Symons']	0.38947368421052625
zelnik1	['SDBW']	0.8992481203007519
zelnik1	['s_dbw']	0.362406015037594
zelnik1	['Davies_Bouldin']	0.49323308270676686
zelnik1	['PBM_index']	0.5022556390977443
zelnik1	['Ratkowsky_Lance']	-0.4781954887218045
zelnik1	['Ray_Turi']	0.1263157894736842
cuboids	['Banfeld_Raferty']	0.32481203007518794
cuboids	['modified_hubert_t']	0.58796992481203
cuboids	['i_index']	-0.4060150375939849
cuboids	['McClain_Rao']	0.40751879699248117
cuboids	['IIndex']	0.58796992481203
cuboids	['Dunns_index']	-0.3443609022556391
cuboids	['Scott_Symons']	0.7654135338345864
cuboids	['SDBW']	0.58796992481203
cuboids	['s_dbw']	0.23609022556390977
cuboids	['Davies_Bouldin']	0.2421052631578947
cuboids	['PBM_index']	-0.6481203007518795
cuboids	['Ratkowsky_Lance']	-0.14586466165413534
cuboids	['Ray_Turi']	0.14285714285714285
dense-disk-5000	['Banfeld_Raferty']	0.13383458646616542
dense-disk-5000	['modified_hubert_t']	0.156390977443609
dense-disk-5000	['i_index']	-0.0631578947368421
dense-disk-5000	['McClain_Rao']	0.11879699248120301
dense-disk-5000	['IIndex']	0.156390977443609
dense-disk-5000	['Dunns_index']	-0.3142857142857143
dense-disk-5000	['Scott_Symons']	-0.05413533834586466
dense-disk-5000	['SDBW']	0.156390977443609
dense-disk-5000	['s_dbw']	-0.08421052631578946
dense-disk-5000	['Davies_Bouldin']	0.4676691729323308
dense-disk-5000	['PBM_index']	-0.16691729323308271
dense-disk-5000	['Ratkowsky_Lance']	-0.20902255639097742
dense-disk-5000	['Ray_Turi']	0.29172932330827067
pmf	['Banfeld_Raferty']	0.19248120300751878
pmf	['modified_hubert_t']	0.3383458646616541
pmf	['i_index']	-0.2721804511278195
pmf	['McClain_Rao']	0.08872180451127819
pmf	['IIndex']	0.3383458646616541
pmf	['Dunns_index']	0.3383458646616541
pmf	['Scott_Symons']	-0.019548872180451125
pmf	['SDBW']	0.3383458646616541
pmf	['s_dbw']	0.048120300751879695
pmf	['Davies_Bouldin']	0.04661654135338346
pmf	['PBM_index']	-0.20300751879699244
pmf	['Ratkowsky_Lance']	-0.26917293233082706
pmf	['Ray_Turi']	-0.14736842105263157
long1	['Banfeld_Raferty']	0.04661654135338346
long1	['modified_hubert_t']	0.4661654135338345
long1	['i_index']	0.2300751879699248
long1	['McClain_Rao']	0.1413533834586466
long1	['IIndex']	0.4661654135338345
long1	['Dunns_index']	-0.13834586466165413
long1	['Scott_Symons']	0.04661654135338346
long1	['SDBW']	0.4661654135338345
long1	['s_dbw']	0.5203007518796992
long1	['Davies_Bouldin']	-0.15037593984962402
long1	['PBM_index']	-0.26616541353383455
long1	['Ratkowsky_Lance']	-0.26165413533834586
long1	['Ray_Turi']	0.26917293233082706
dense-disk-3000	['Banfeld_Raferty']	0.4300751879699248
dense-disk-3000	['modified_hubert_t']	0.9308270676691727
dense-disk-3000	['i_index']	-0.7383458646616541
dense-disk-3000	['McClain_Rao']	0.5548872180451127
dense-disk-3000	['IIndex']	0.9308270676691727
dense-disk-3000	['Dunns_index']	0.24661654135338343
dense-disk-3000	['Scott_Symons']	0.524812030075188
dense-disk-3000	['SDBW']	0.9308270676691727
dense-disk-3000	['s_dbw']	0.35037593984962395
dense-disk-3000	['Davies_Bouldin']	0.6436090225563909
dense-disk-3000	['PBM_index']	-0.7729323308270677
dense-disk-3000	['Ratkowsky_Lance']	-0.5097744360902255
dense-disk-3000	['Ray_Turi']	0.306766917293233
compound	['Banfeld_Raferty']	0.05864661654135337
compound	['modified_hubert_t']	0.08721804511278194
compound	['i_index']	0.22406015037593985
compound	['McClain_Rao']	0.09624060150375939
compound	['IIndex']	0.08721804511278194
compound	['Dunns_index']	-0.17744360902255638
compound	['Scott_Symons']	0.14887218045112782
compound	['SDBW']	0.08721804511278194
compound	['s_dbw']	-0.048120300751879695
compound	['Davies_Bouldin']	0.2827067669172932
compound	['PBM_index']	0.045112781954887216
compound	['Ratkowsky_Lance']	0.022556390977443608
compound	['Ray_Turi']	-0.18045112781954886
2dnormals	['Banfeld_Raferty']	0.30225563909774433
2dnormals	['modified_hubert_t']	0.6225563909774435
2dnormals	['i_index']	0.0706766917293233
2dnormals	['McClain_Rao']	0.4466165413533834
2dnormals	['IIndex']	0.6225563909774435
2dnormals	['Dunns_index']	-0.393984962406015
2dnormals	['Scott_Symons']	0.24511278195488717
2dnormals	['SDBW']	0.6225563909774435
2dnormals	['s_dbw']	0.19999999999999998
2dnormals	['Davies_Bouldin']	0.3759398496240601
2dnormals	['PBM_index']	-0.6556390977443608
2dnormals	['Ratkowsky_Lance']	-0.31127819548872177
2dnormals	['Ray_Turi']	-0.27669172932330827
spherical_4_3	['Banfeld_Raferty']	0.29774436090225564
spherical_4_3	['modified_hubert_t']	0.5729323308270676
spherical_4_3	['i_index']	-0.23308270676691725
spherical_4_3	['McClain_Rao']	0.3578947368421052
spherical_4_3	['IIndex']	0.5729323308270676
spherical_4_3	['Dunns_index']	0.3293233082706767
spherical_4_3	['Scott_Symons']	0.44060150375939844
spherical_4_3	['SDBW']	0.5729323308270676
spherical_4_3	['s_dbw']	0.23157894736842105
spherical_4_3	['Davies_Bouldin']	0.30075187969924805
spherical_4_3	['PBM_index']	-0.060150375939849614
spherical_4_3	['Ratkowsky_Lance']	-0.6436090225563909
spherical_4_3	['Ray_Turi']	0.051127819548872175
tae	['Banfeld_Raferty']	0.015037593984962403
tae	['modified_hubert_t']	-0.019548872180451125
tae	['i_index']	0.1639097744360902
tae	['McClain_Rao']	-0.2270676691729323
tae	['IIndex']	-0.019548872180451125
tae	['Dunns_index']	-0.019548872180451125
tae	['Scott_Symons']	0.20751879699248119
tae	['SDBW']	-0.019548872180451125
tae	['s_dbw']	0.007518796992481202
tae	['Davies_Bouldin']	-0.18646616541353384
tae	['PBM_index']	0.5007518796992482
tae	['Ratkowsky_Lance']	-0.0631578947368421
tae	['Ray_Turi']	0.6015037593984961
curves1	['Banfeld_Raferty']	1.0
curves1	['modified_hubert_t']	0.4812030075187969
curves1	['i_index']	-0.04962406015037594
curves1	['McClain_Rao']	0.849624060150376
curves1	['IIndex']	0.4812030075187969
curves1	['Dunns_index']	0.26766917293233083
curves1	['Scott_Symons']	0.849624060150376
curves1	['SDBW']	0.4812030075187969
curves1	['s_dbw']	0.09774436090225563
curves1	['Davies_Bouldin']	0.09774436090225563
curves1	['PBM_index']	0.26315789473684204
curves1	['Ratkowsky_Lance']	-0.3984962406015037
curves1	['Ray_Turi']	0.13082706766917293
square4	['Banfeld_Raferty']	0.3203007518796992
square4	['modified_hubert_t']	0.6421052631578947
square4	['i_index']	-0.4330827067669173
square4	['McClain_Rao']	0.42255639097744363
square4	['IIndex']	0.6421052631578947
square4	['Dunns_index']	0.05263157894736842
square4	['Scott_Symons']	0.1533834586466165
square4	['SDBW']	0.6421052631578947
square4	['s_dbw']	0.193984962406015
square4	['Davies_Bouldin']	0.12781954887218044
square4	['PBM_index']	-0.18796992481203004
square4	['Ratkowsky_Lance']	-0.4781954887218045
square4	['Ray_Turi']	0.09323308270676692
donut3	['Banfeld_Raferty']	0.20300751879699244
donut3	['modified_hubert_t']	0.6390977443609022
donut3	['i_index']	-0.7007518796992479
donut3	['McClain_Rao']	0.3639097744360902
donut3	['IIndex']	0.6390977443609022
donut3	['Dunns_index']	0.4661654135338345
donut3	['Scott_Symons']	0.39097744360902253
donut3	['SDBW']	0.6390977443609022
donut3	['s_dbw']	0.4842105263157894
donut3	['Davies_Bouldin']	0.05864661654135337
donut3	['PBM_index']	-0.6631578947368421
donut3	['Ratkowsky_Lance']	-0.4766917293233082
donut3	['Ray_Turi']	-0.34586466165413526
zelnik6	['Banfeld_Raferty']	0.16541353383458643
zelnik6	['modified_hubert_t']	0.04661654135338346
zelnik6	['i_index']	0.12030075187969923
zelnik6	['McClain_Rao']	0.13984962406015036
zelnik6	['IIndex']	0.04661654135338346
zelnik6	['Dunns_index']	0.04661654135338346
zelnik6	['Scott_Symons']	0.03308270676691729
zelnik6	['SDBW']	0.04661654135338346
zelnik6	['s_dbw']	0.09624060150375939
zelnik6	['Davies_Bouldin']	-0.14436090225563908
zelnik6	['PBM_index']	-0.05413533834586466
zelnik6	['Ratkowsky_Lance']	-0.2045112781954887
zelnik6	['Ray_Turi']	0.04962406015037594
zoo	['Banfeld_Raferty']	0.16842105263157892
zoo	['modified_hubert_t']	0.0706766917293233
zoo	['i_index']	-0.2556390977443609
zoo	['McClain_Rao']	-0.18045112781954886
zoo	['IIndex']	0.0706766917293233
zoo	['Dunns_index']	0.0706766917293233
zoo	['Scott_Symons']	0.0706766917293233
zoo	['SDBW']	0.0706766917293233
zoo	['s_dbw']	-0.12481203007518797
zoo	['Davies_Bouldin']	-0.16691729323308271
zoo	['PBM_index']	0.22255639097744356
zoo	['Ratkowsky_Lance']	-0.13533834586466165
zoo	['Ray_Turi']	0.0706766917293233
curves2	['Banfeld_Raferty']	-0.037593984962406006
curves2	['modified_hubert_t']	0.437593984962406
curves2	['i_index']	0.2045112781954887
curves2	['McClain_Rao']	-0.18646616541353384
curves2	['IIndex']	0.437593984962406
curves2	['Dunns_index']	0.19097744360902258
curves2	['Scott_Symons']	-0.037593984962406006
curves2	['SDBW']	0.437593984962406
curves2	['s_dbw']	0.5428571428571428
curves2	['Davies_Bouldin']	-0.016541353383458645
curves2	['PBM_index']	-0.09022556390977443
curves2	['Ratkowsky_Lance']	-0.09774436090225563
curves2	['Ray_Turi']	0.30225563909774433
atom	['Banfeld_Raferty']	0.7338345864661654
atom	['modified_hubert_t']	0.9759398496240601
atom	['i_index']	-0.7999999999999999
atom	['McClain_Rao']	0.6390977443609022
atom	['IIndex']	0.9759398496240601
atom	['Dunns_index']	-0.09774436090225563
atom	['Scott_Symons']	0.8556390977443609
atom	['SDBW']	0.9759398496240601
atom	['s_dbw']	0.2646616541353383
atom	['Davies_Bouldin']	0.4195488721804511
atom	['PBM_index']	-0.7999999999999999
atom	['Ratkowsky_Lance']	-0.5157894736842105
atom	['Ray_Turi']	0.1969924812030075
glass	['Banfeld_Raferty']	0.35488721804511275
glass	['modified_hubert_t']	0.03609022556390977
glass	['i_index']	-0.015037593984962403
glass	['McClain_Rao']	0.23609022556390977
glass	['IIndex']	0.03609022556390977
glass	['Dunns_index']	0.03609022556390977
glass	['Scott_Symons']	0.03609022556390977
glass	['SDBW']	0.03609022556390977
glass	['s_dbw']	0.04661654135338346
glass	['Davies_Bouldin']	0.12180451127819547
glass	['PBM_index']	-0.015037593984962403
glass	['Ratkowsky_Lance']	-0.09022556390977443
glass	['Ray_Turi']	-0.29473684210526313
2d-10c	['Banfeld_Raferty']	0.3924812030075188
2d-10c	['modified_hubert_t']	0.3714285714285714
2d-10c	['i_index']	0.2556390977443609
2d-10c	['McClain_Rao']	0.30526315789473685
2d-10c	['IIndex']	0.3714285714285714
2d-10c	['Dunns_index']	0.16691729323308271
2d-10c	['Scott_Symons']	0.24360902255639094
2d-10c	['SDBW']	0.3714285714285714
2d-10c	['s_dbw']	-0.10676691729323308
2d-10c	['Davies_Bouldin']	-0.2421052631578947
2d-10c	['PBM_index']	0.46917293233082696
2d-10c	['Ratkowsky_Lance']	-0.045112781954887216
2d-10c	['Ray_Turi']	-0.29323308270676685
zelnik2	['Banfeld_Raferty']	0.5729323308270676
zelnik2	['modified_hubert_t']	0.7218045112781954
zelnik2	['i_index']	-0.08872180451127819
zelnik2	['McClain_Rao']	0.5729323308270676
zelnik2	['IIndex']	0.7218045112781954
zelnik2	['Dunns_index']	0.7218045112781954
zelnik2	['Scott_Symons']	0.5007518796992482
zelnik2	['SDBW']	0.7218045112781954
zelnik2	['s_dbw']	0.15939849624060148
zelnik2	['Davies_Bouldin']	0.14285714285714285
zelnik2	['PBM_index']	-0.31729323308270674
zelnik2	['Ratkowsky_Lance']	-0.5894736842105263
zelnik2	['Ray_Turi']	0.312781954887218
smile1	['Banfeld_Raferty']	0.34736842105263155
smile1	['modified_hubert_t']	0.7804511278195487
smile1	['i_index']	-0.362406015037594
smile1	['McClain_Rao']	0.4285714285714286
smile1	['IIndex']	0.7804511278195487
smile1	['Dunns_index']	0.17744360902255638
smile1	['Scott_Symons']	0.5789473684210527
smile1	['SDBW']	0.7804511278195487
smile1	['s_dbw']	0.12932330827067667
smile1	['Davies_Bouldin']	0.08721804511278194
smile1	['PBM_index']	-0.45714285714285713
smile1	['Ratkowsky_Lance']	-0.5007518796992482
smile1	['Ray_Turi']	-0.03909774436090225
dartboard2	['Banfeld_Raferty']	0.22857142857142856
dartboard2	['modified_hubert_t']	0.48872180451127817
dartboard2	['i_index']	-0.5548872180451127
dartboard2	['McClain_Rao']	0.193984962406015
dartboard2	['IIndex']	0.48872180451127817
dartboard2	['Dunns_index']	-0.05263157894736842
dartboard2	['Scott_Symons']	0.393984962406015
dartboard2	['SDBW']	0.48872180451127817
dartboard2	['s_dbw']	-0.24812030075187969
dartboard2	['Davies_Bouldin']	-0.18345864661654135
dartboard2	['PBM_index']	-0.30977443609022554
dartboard2	['Ratkowsky_Lance']	-0.14436090225563908
dartboard2	['Ray_Turi']	-0.33533834586466166
disk-3000n	['Banfeld_Raferty']	0.41654135338345866
disk-3000n	['modified_hubert_t']	0.5894736842105263
disk-3000n	['i_index']	-0.024060150375939848
disk-3000n	['McClain_Rao']	0.5849624060150376
disk-3000n	['IIndex']	0.5894736842105263
disk-3000n	['Dunns_index']	0.10375939849624059
disk-3000n	['Scott_Symons']	0.16992481203007515
disk-3000n	['SDBW']	0.5894736842105263
disk-3000n	['s_dbw']	0.3278195488721804
disk-3000n	['Davies_Bouldin']	0.17142857142857143
disk-3000n	['PBM_index']	-0.4496240601503759
disk-3000n	['Ratkowsky_Lance']	-0.21052631578947367
disk-3000n	['Ray_Turi']	0.4917293233082706
spherical_6_2	['Banfeld_Raferty']	0.14586466165413534
spherical_6_2	['modified_hubert_t']	0.26165413533834586
spherical_6_2	['i_index']	-0.12932330827067667
spherical_6_2	['McClain_Rao']	0.4466165413533834
spherical_6_2	['IIndex']	0.26165413533834586
spherical_6_2	['Dunns_index']	-0.02706766917293233
spherical_6_2	['Scott_Symons']	0.4992481203007519
spherical_6_2	['SDBW']	0.26165413533834586
spherical_6_2	['s_dbw']	0.3969924812030075
spherical_6_2	['Davies_Bouldin']	0.09022556390977443
spherical_6_2	['PBM_index']	-0.3203007518796992
spherical_6_2	['Ratkowsky_Lance']	0.15488721804511277
spherical_6_2	['Ray_Turi']	-0.3714285714285714
rings	['Banfeld_Raferty']	0.02857142857142857
rings	['modified_hubert_t']	0.7729323308270677
rings	['i_index']	-0.5233082706766917
rings	['McClain_Rao']	0.4270676691729323
rings	['IIndex']	0.7729323308270677
rings	['Dunns_index']	-0.4676691729323308
rings	['Scott_Symons']	0.6857142857142857
rings	['SDBW']	0.7729323308270677
rings	['s_dbw']	0.6676691729323309
rings	['Davies_Bouldin']	0.3789473684210526
rings	['PBM_index']	-0.1518796992481203
rings	['Ratkowsky_Lance']	-0.512781954887218
rings	['Ray_Turi']	-0.05413533834586466
thy	['Banfeld_Raferty']	0.4466165413533834
thy	['modified_hubert_t']	0.6496240601503759
thy	['i_index']	-0.6616541353383457
thy	['McClain_Rao']	0.512781954887218
thy	['IIndex']	0.6496240601503759
thy	['Dunns_index']	0.6496240601503759
thy	['Scott_Symons']	0.17744360902255638
thy	['SDBW']	0.6496240601503759
thy	['s_dbw']	0.2045112781954887
thy	['Davies_Bouldin']	0.10526315789473684
thy	['PBM_index']	-0.21654135338345865
thy	['Ratkowsky_Lance']	-0.4676691729323308
thy	['Ray_Turi']	0.29473684210526313
elliptical_10_2	['Banfeld_Raferty']	0.5774436090225563
elliptical_10_2	['modified_hubert_t']	0.3984962406015037
elliptical_10_2	['i_index']	-0.3533834586466165
elliptical_10_2	['McClain_Rao']	0.5774436090225563
elliptical_10_2	['IIndex']	0.3984962406015037
elliptical_10_2	['Dunns_index']	0.544360902255639
elliptical_10_2	['Scott_Symons']	0.4285714285714286
elliptical_10_2	['SDBW']	0.3984962406015037
elliptical_10_2	['s_dbw']	0.3398496240601503
elliptical_10_2	['Davies_Bouldin']	0.08270676691729321
elliptical_10_2	['PBM_index']	-0.3413533834586466
elliptical_10_2	['Ratkowsky_Lance']	0.21954887218045113
elliptical_10_2	['Ray_Turi']	-0.27368421052631575
dpb	['Banfeld_Raferty']	0.2992481203007519
dpb	['modified_hubert_t']	0.5969924812030075
dpb	['i_index']	-0.024060150375939848
dpb	['McClain_Rao']	0.4842105263157894
dpb	['IIndex']	0.5969924812030075
dpb	['Dunns_index']	0.03308270676691729
dpb	['Scott_Symons']	0.5969924812030075
dpb	['SDBW']	0.5969924812030075
dpb	['s_dbw']	-0.11879699248120301
dpb	['Davies_Bouldin']	0.44360902255639095
dpb	['PBM_index']	-0.512781954887218
dpb	['Ratkowsky_Lance']	-0.14887218045112782
dpb	['Ray_Turi']	0.012030075187969924
