simplex	['Banfeld_Raferty']	1.0
simplex	['modified_hubert_t']	1.0
simplex	['i_index']	1.0
simplex	['McClain_Rao']	1.0
simplex	['IIndex']	1.0
simplex	['Dunns_index']	1.0
simplex	['Scott_Symons']	1.0
simplex	['SDBW']	1.0
simplex	['s_dbw']	1.0
simplex	['Davies_Bouldin']	1.0
simplex	['PBM_index']	1.0
simplex	['Ratkowsky_Lance']	1.0
simplex	['Ray_Turi']	1.0
donut2	['Banfeld_Raferty']	0.2692307692307692
donut2	['modified_hubert_t']	0.14835164835164835
donut2	['i_index']	0.07692307692307691
donut2	['McClain_Rao']	0.2692307692307692
donut2	['IIndex']	0.14835164835164835
donut2	['Dunns_index']	0.22527472527472525
donut2	['Scott_Symons']	0.22527472527472525
donut2	['SDBW']	0.14835164835164835
donut2	['s_dbw']	0.021978021978021976
donut2	['Davies_Bouldin']	0.32417582417582413
donut2	['PBM_index']	0.39010989010989006
donut2	['Ratkowsky_Lance']	0.22527472527472525
donut2	['Ray_Turi']	0.32417582417582413
disk-1000n	['Banfeld_Raferty']	-0.049999999999999996
disk-1000n	['modified_hubert_t']	-0.21666666666666667
disk-1000n	['i_index']	0.2833333333333333
disk-1000n	['McClain_Rao']	0.35
disk-1000n	['IIndex']	-0.21666666666666667
disk-1000n	['Dunns_index']	0.8499999999999999
disk-1000n	['Scott_Symons']	-0.5166666666666667
disk-1000n	['SDBW']	-0.21666666666666667
disk-1000n	['s_dbw']	-0.26666666666666666
disk-1000n	['Davies_Bouldin']	0.16666666666666669
disk-1000n	['PBM_index']	0.7166666666666667
disk-1000n	['Ratkowsky_Lance']	0.049999999999999996
disk-1000n	['Ray_Turi']	0.08333333333333334
aggregation	['Banfeld_Raferty']	0.9395604395604396
aggregation	['modified_hubert_t']	0.8791208791208791
aggregation	['i_index']	0.9505494505494506
aggregation	['McClain_Rao']	-0.7747252747252747
aggregation	['IIndex']	0.8791208791208791
aggregation	['Dunns_index']	0.027472527472527472
aggregation	['Scott_Symons']	0.9725274725274725
aggregation	['SDBW']	0.8791208791208791
aggregation	['s_dbw']	0.5989010989010989
aggregation	['Davies_Bouldin']	0.8791208791208791
aggregation	['PBM_index']	0.9560439560439561
aggregation	['Ratkowsky_Lance']	0.15384615384615383
aggregation	['Ray_Turi']	0.7472527472527472
donut1	['Banfeld_Raferty']	1.0
donut1	['modified_hubert_t']	1.0
donut1	['i_index']	1.0
donut1	['McClain_Rao']	1.0
donut1	['IIndex']	1.0
donut1	['Dunns_index']	1.0
donut1	['Scott_Symons']	1.0
donut1	['SDBW']	1.0
donut1	['s_dbw']	1.0
donut1	['Davies_Bouldin']	1.0
donut1	['PBM_index']	1.0
donut1	['Ratkowsky_Lance']	1.0
donut1	['Ray_Turi']	1.0
dense-disk-5000	['Banfeld_Raferty']	-0.7999999999999999
dense-disk-5000	['modified_hubert_t']	0.6666666666666667
dense-disk-5000	['i_index']	-0.19999999999999998
dense-disk-5000	['McClain_Rao']	-0.8666666666666667
dense-disk-5000	['IIndex']	0.6666666666666667
dense-disk-5000	['Dunns_index']	0.31666666666666665
dense-disk-5000	['Scott_Symons']	-0.15
dense-disk-5000	['SDBW']	0.6666666666666667
dense-disk-5000	['s_dbw']	0.2833333333333333
dense-disk-5000	['Davies_Bouldin']	0.26666666666666666
dense-disk-5000	['PBM_index']	0.5333333333333333
dense-disk-5000	['Ratkowsky_Lance']	-0.41666666666666663
dense-disk-5000	['Ray_Turi']	0.26666666666666666
gaussians1	['Banfeld_Raferty']	1.0
gaussians1	['modified_hubert_t']	1.0
gaussians1	['i_index']	1.0
gaussians1	['McClain_Rao']	1.0
gaussians1	['IIndex']	1.0
gaussians1	['Dunns_index']	1.0
gaussians1	['Scott_Symons']	1.0
gaussians1	['SDBW']	1.0
gaussians1	['s_dbw']	1.0
gaussians1	['Davies_Bouldin']	1.0
gaussians1	['PBM_index']	1.0
gaussians1	['Ratkowsky_Lance']	1.0
gaussians1	['Ray_Turi']	1.0
dartboard1	['Banfeld_Raferty']	-0.5
dartboard1	['modified_hubert_t']	1.0
dartboard1	['i_index']	1.0
dartboard1	['McClain_Rao']	-0.5
dartboard1	['IIndex']	1.0
dartboard1	['Dunns_index']	1.0
dartboard1	['Scott_Symons']	-0.5
dartboard1	['SDBW']	1.0
dartboard1	['s_dbw']	1.0
dartboard1	['Davies_Bouldin']	1.0
dartboard1	['PBM_index']	1.0
dartboard1	['Ratkowsky_Lance']	1.0
dartboard1	['Ray_Turi']	1.0
square5	['Banfeld_Raferty']	-0.4642857142857144
square5	['modified_hubert_t']	0.8214285714285715
square5	['i_index']	-0.21428571428571433
square5	['McClain_Rao']	-0.1785714285714286
square5	['IIndex']	0.8214285714285715
square5	['Dunns_index']	-0.1785714285714286
square5	['Scott_Symons']	0.21428571428571433
square5	['SDBW']	0.8214285714285715
square5	['s_dbw']	0.9642857142857145
square5	['Davies_Bouldin']	0.9285714285714288
square5	['PBM_index']	0.7500000000000002
square5	['Ratkowsky_Lance']	0.7142857142857144
square5	['Ray_Turi']	0.9642857142857145
DS-850	['Banfeld_Raferty']	0.23076923076923078
DS-850	['modified_hubert_t']	-0.5879120879120878
DS-850	['i_index']	-0.054945054945054944
DS-850	['McClain_Rao']	-0.07692307692307691
DS-850	['IIndex']	-0.5879120879120878
DS-850	['Dunns_index']	0.7087912087912087
DS-850	['Scott_Symons']	0.32417582417582413
DS-850	['SDBW']	-0.5879120879120878
DS-850	['s_dbw']	0.6593406593406593
DS-850	['Davies_Bouldin']	0.7747252747252747
DS-850	['PBM_index']	-0.054945054945054944
DS-850	['Ratkowsky_Lance']	-0.46703296703296704
DS-850	['Ray_Turi']	0.7197802197802198
hepta	['Banfeld_Raferty']	0.21428571428571427
hepta	['modified_hubert_t']	1.0
hepta	['i_index']	0.21428571428571427
hepta	['McClain_Rao']	0.21428571428571427
hepta	['IIndex']	1.0
hepta	['Dunns_index']	0.21428571428571427
hepta	['Scott_Symons']	0.21428571428571427
hepta	['SDBW']	1.0
hepta	['s_dbw']	1.0
hepta	['Davies_Bouldin']	1.0
hepta	['PBM_index']	0.21428571428571427
hepta	['Ratkowsky_Lance']	0.21428571428571427
hepta	['Ray_Turi']	1.0
xor	['Banfeld_Raferty']	-1.0
xor	['modified_hubert_t']	1.0
xor	['i_index']	-0.5
xor	['McClain_Rao']	-0.5
xor	['IIndex']	1.0
xor	['Dunns_index']	-0.5
xor	['Scott_Symons']	-1.0
xor	['SDBW']	1.0
xor	['s_dbw']	1.0
xor	['Davies_Bouldin']	1.0
xor	['PBM_index']	0.5
xor	['Ratkowsky_Lance']	-0.5
xor	['Ray_Turi']	1.0
compound	['Banfeld_Raferty']	0.6813186813186813
compound	['modified_hubert_t']	0.4175824175824176
compound	['i_index']	0.6813186813186813
compound	['McClain_Rao']	0.027472527472527472
compound	['IIndex']	0.4175824175824176
compound	['Dunns_index']	0.6703296703296703
compound	['Scott_Symons']	0.5879120879120878
compound	['SDBW']	0.4175824175824176
compound	['s_dbw']	-0.532967032967033
compound	['Davies_Bouldin']	0.38461538461538464
compound	['PBM_index']	0.6373626373626374
compound	['Ratkowsky_Lance']	0.06593406593406594
compound	['Ray_Turi']	0.7912087912087913
jain	['Banfeld_Raferty']	0.22527472527472525
jain	['modified_hubert_t']	-0.06043956043956044
jain	['i_index']	-0.1868131868131868
jain	['McClain_Rao']	-0.35714285714285715
jain	['IIndex']	-0.06043956043956044
jain	['Dunns_index']	0.15934065934065936
jain	['Scott_Symons']	1.0
jain	['SDBW']	-0.06043956043956044
jain	['s_dbw']	-0.005494505494505494
jain	['Davies_Bouldin']	0.0
jain	['PBM_index']	0.054945054945054944
jain	['Ratkowsky_Lance']	0.14285714285714285
jain	['Ray_Turi']	-0.005494505494505494
fourty	['Banfeld_Raferty']	-0.6043956043956044
fourty	['modified_hubert_t']	0.9945054945054945
fourty	['i_index']	0.2087912087912088
fourty	['McClain_Rao']	-0.9835164835164836
fourty	['IIndex']	0.9945054945054945
fourty	['Dunns_index']	0.19780219780219782
fourty	['Scott_Symons']	0.9615384615384615
fourty	['SDBW']	0.9945054945054945
fourty	['s_dbw']	0.2967032967032967
fourty	['Davies_Bouldin']	0.2692307692307692
fourty	['PBM_index']	0.9780219780219779
fourty	['Ratkowsky_Lance']	0.7857142857142857
fourty	['Ray_Turi']	0.6373626373626374
DS-577	['Banfeld_Raferty']	-0.15384615384615383
DS-577	['modified_hubert_t']	-0.2912087912087912
DS-577	['i_index']	0.2087912087912088
DS-577	['McClain_Rao']	0.1758241758241758
DS-577	['IIndex']	-0.2912087912087912
DS-577	['Dunns_index']	0.09890109890109891
DS-577	['Scott_Symons']	-0.35714285714285715
DS-577	['SDBW']	-0.2912087912087912
DS-577	['s_dbw']	0.4450549450549451
DS-577	['Davies_Bouldin']	0.5164835164835164
DS-577	['PBM_index']	-0.09890109890109891
DS-577	['Ratkowsky_Lance']	-0.19230769230769232
DS-577	['Ray_Turi']	0.1758241758241758
sizes1	['Banfeld_Raferty']	0.9945054945054945
sizes1	['modified_hubert_t']	-0.521978021978022
sizes1	['i_index']	0.23626373626373626
sizes1	['McClain_Rao']	0.0879120879120879
sizes1	['IIndex']	-0.521978021978022
sizes1	['Dunns_index']	0.3021978021978022
sizes1	['Scott_Symons']	0.8296703296703297
sizes1	['SDBW']	-0.521978021978022
sizes1	['s_dbw']	0.09890109890109891
sizes1	['Davies_Bouldin']	-0.2802197802197803
sizes1	['PBM_index']	0.0934065934065934
sizes1	['Ratkowsky_Lance']	-0.1758241758241758
sizes1	['Ray_Turi']	-0.13736263736263735
ds4c2sc8	['Banfeld_Raferty']	-0.4450549450549451
ds4c2sc8	['modified_hubert_t']	0.4450549450549451
ds4c2sc8	['i_index']	-0.15934065934065936
ds4c2sc8	['McClain_Rao']	-0.45604395604395603
ds4c2sc8	['IIndex']	0.4450549450549451
ds4c2sc8	['Dunns_index']	0.21428571428571427
ds4c2sc8	['Scott_Symons']	-0.42857142857142855
ds4c2sc8	['SDBW']	0.4450549450549451
ds4c2sc8	['s_dbw']	0.2692307692307692
ds4c2sc8	['Davies_Bouldin']	0.19230769230769232
ds4c2sc8	['PBM_index']	0.40659340659340654
ds4c2sc8	['Ratkowsky_Lance']	0.5274725274725275
ds4c2sc8	['Ray_Turi']	0.5054945054945055
aml28	['Banfeld_Raferty']	0.5494505494505494
aml28	['modified_hubert_t']	-0.15384615384615383
aml28	['i_index']	0.34065934065934067
aml28	['McClain_Rao']	-0.34615384615384615
aml28	['IIndex']	-0.15384615384615383
aml28	['Dunns_index']	0.24175824175824176
aml28	['Scott_Symons']	0.6538461538461539
aml28	['SDBW']	-0.15384615384615383
aml28	['s_dbw']	0.3131868131868132
aml28	['Davies_Bouldin']	0.15934065934065936
aml28	['PBM_index']	0.34065934065934067
aml28	['Ratkowsky_Lance']	0.47802197802197804
aml28	['Ray_Turi']	-0.32417582417582413
twodiamonds	['Banfeld_Raferty']	0.23626373626373626
twodiamonds	['modified_hubert_t']	-0.39010989010989006
twodiamonds	['i_index']	-0.19780219780219782
twodiamonds	['McClain_Rao']	0.2692307692307692
twodiamonds	['IIndex']	-0.39010989010989006
twodiamonds	['Dunns_index']	-0.016483516483516484
twodiamonds	['Scott_Symons']	0.021978021978021976
twodiamonds	['SDBW']	-0.39010989010989006
twodiamonds	['s_dbw']	0.23626373626373626
twodiamonds	['Davies_Bouldin']	-0.027472527472527472
twodiamonds	['PBM_index']	0.14835164835164835
twodiamonds	['Ratkowsky_Lance']	0.07692307692307691
twodiamonds	['Ray_Turi']	0.03846153846153846
wingnut	['Banfeld_Raferty']	-1.0
wingnut	['modified_hubert_t']	1.0
wingnut	['i_index']	-0.5
wingnut	['McClain_Rao']	-0.5
wingnut	['IIndex']	1.0
wingnut	['Dunns_index']	-0.5
wingnut	['Scott_Symons']	-1.0
wingnut	['SDBW']	1.0
wingnut	['s_dbw']	1.0
wingnut	['Davies_Bouldin']	1.0
wingnut	['PBM_index']	-1.0
wingnut	['Ratkowsky_Lance']	0.5
wingnut	['Ray_Turi']	1.0
zelnik5	['Banfeld_Raferty']	0.5714285714285714
zelnik5	['modified_hubert_t']	-0.45604395604395603
zelnik5	['i_index']	-0.4725274725274725
zelnik5	['McClain_Rao']	0.2802197802197803
zelnik5	['IIndex']	-0.45604395604395603
zelnik5	['Dunns_index']	-0.0934065934065934
zelnik5	['Scott_Symons']	0.5714285714285714
zelnik5	['SDBW']	-0.45604395604395603
zelnik5	['s_dbw']	0.3736263736263736
zelnik5	['Davies_Bouldin']	0.4340659340659341
zelnik5	['PBM_index']	-0.4725274725274725
zelnik5	['Ratkowsky_Lance']	-0.46703296703296704
zelnik5	['Ray_Turi']	-0.4835164835164835
cure-t1-2000n-2D	['Banfeld_Raferty']	-0.19230769230769232
cure-t1-2000n-2D	['modified_hubert_t']	-0.6868131868131868
cure-t1-2000n-2D	['i_index']	0.7197802197802198
cure-t1-2000n-2D	['McClain_Rao']	-0.10989010989010989
cure-t1-2000n-2D	['IIndex']	-0.6868131868131868
cure-t1-2000n-2D	['Dunns_index']	0.5714285714285714
cure-t1-2000n-2D	['Scott_Symons']	-0.2802197802197803
cure-t1-2000n-2D	['SDBW']	-0.6868131868131868
cure-t1-2000n-2D	['s_dbw']	0.7967032967032966
cure-t1-2000n-2D	['Davies_Bouldin']	0.7967032967032966
cure-t1-2000n-2D	['PBM_index']	0.7252747252747254
cure-t1-2000n-2D	['Ratkowsky_Lance']	-0.08241758241758242
cure-t1-2000n-2D	['Ray_Turi']	0.7362637362637362
3MC	['Banfeld_Raferty']	0.47802197802197804
3MC	['modified_hubert_t']	-0.4725274725274725
3MC	['i_index']	0.6868131868131868
3MC	['McClain_Rao']	-0.14285714285714285
3MC	['IIndex']	-0.4725274725274725
3MC	['Dunns_index']	-0.15934065934065936
3MC	['Scott_Symons']	0.5384615384615384
3MC	['SDBW']	-0.4725274725274725
3MC	['s_dbw']	0.5934065934065934
3MC	['Davies_Bouldin']	0.3626373626373627
3MC	['PBM_index']	0.8131868131868131
3MC	['Ratkowsky_Lance']	-0.24725274725274726
3MC	['Ray_Turi']	0.17032967032967034
3-spiral	['Banfeld_Raferty']	-0.2
3-spiral	['modified_hubert_t']	0.8285714285714287
3-spiral	['i_index']	-0.7714285714285715
3-spiral	['McClain_Rao']	-0.6
3-spiral	['IIndex']	0.8285714285714287
3-spiral	['Dunns_index']	-0.5428571428571429
3-spiral	['Scott_Symons']	-0.2
3-spiral	['SDBW']	0.8285714285714287
3-spiral	['s_dbw']	0.6571428571428573
3-spiral	['Davies_Bouldin']	0.6571428571428573
3-spiral	['PBM_index']	-0.028571428571428574
3-spiral	['Ratkowsky_Lance']	-0.7714285714285715
3-spiral	['Ray_Turi']	0.7714285714285715
pmf	['Banfeld_Raferty']	0.6648351648351648
pmf	['modified_hubert_t']	-0.15384615384615383
pmf	['i_index']	-0.5
pmf	['McClain_Rao']	-0.1758241758241758
pmf	['IIndex']	-0.15384615384615383
pmf	['Dunns_index']	-0.5714285714285714
pmf	['Scott_Symons']	-0.12637362637362637
pmf	['SDBW']	-0.15384615384615383
pmf	['s_dbw']	0.3021978021978022
pmf	['Davies_Bouldin']	0.15934065934065936
pmf	['PBM_index']	-0.5
pmf	['Ratkowsky_Lance']	-0.10989010989010989
pmf	['Ray_Turi']	0.3021978021978022
2d-4c-no4	['Banfeld_Raferty']	-0.4945054945054945
2d-4c-no4	['modified_hubert_t']	0.39560439560439564
2d-4c-no4	['i_index']	-0.25274725274725274
2d-4c-no4	['McClain_Rao']	0.06043956043956044
2d-4c-no4	['IIndex']	0.39560439560439564
2d-4c-no4	['Dunns_index']	-0.4945054945054945
2d-4c-no4	['Scott_Symons']	-0.4945054945054945
2d-4c-no4	['SDBW']	0.39560439560439564
2d-4c-no4	['s_dbw']	0.510989010989011
2d-4c-no4	['Davies_Bouldin']	-0.12637362637362637
2d-4c-no4	['PBM_index']	-0.25274725274725274
2d-4c-no4	['Ratkowsky_Lance']	-0.3626373626373627
2d-4c-no4	['Ray_Turi']	-0.25274725274725274
square4	['Banfeld_Raferty']	0.39999999999999997
square4	['modified_hubert_t']	0.39999999999999997
square4	['i_index']	-0.19999999999999998
square4	['McClain_Rao']	-0.19999999999999998
square4	['IIndex']	0.39999999999999997
square4	['Dunns_index']	-0.39999999999999997
square4	['Scott_Symons']	1.0
square4	['SDBW']	0.39999999999999997
square4	['s_dbw']	0.19999999999999998
square4	['Davies_Bouldin']	0.7999999999999999
square4	['PBM_index']	0.39999999999999997
square4	['Ratkowsky_Lance']	0.39999999999999997
square4	['Ray_Turi']	0.7999999999999999
elliptical_10_2	['Banfeld_Raferty']	0.06593406593406594
elliptical_10_2	['modified_hubert_t']	0.6923076923076923
elliptical_10_2	['i_index']	0.21978021978021978
elliptical_10_2	['McClain_Rao']	-0.0934065934065934
elliptical_10_2	['IIndex']	0.6923076923076923
elliptical_10_2	['Dunns_index']	-0.5494505494505494
elliptical_10_2	['Scott_Symons']	0.010989010989010988
elliptical_10_2	['SDBW']	0.6923076923076923
elliptical_10_2	['s_dbw']	-0.18131868131868134
elliptical_10_2	['Davies_Bouldin']	-0.1043956043956044
elliptical_10_2	['PBM_index']	0.46153846153846156
elliptical_10_2	['Ratkowsky_Lance']	0.46153846153846156
elliptical_10_2	['Ray_Turi']	-0.06043956043956044
zelnik3	['Banfeld_Raferty']	-0.2802197802197803
zelnik3	['modified_hubert_t']	0.08241758241758242
zelnik3	['i_index']	0.42857142857142855
zelnik3	['McClain_Rao']	-0.6263736263736264
zelnik3	['IIndex']	0.08241758241758242
zelnik3	['Dunns_index']	0.33516483516483514
zelnik3	['Scott_Symons']	-0.2857142857142857
zelnik3	['SDBW']	0.08241758241758242
zelnik3	['s_dbw']	0.42857142857142855
zelnik3	['Davies_Bouldin']	0.4175824175824176
zelnik3	['PBM_index']	0.33516483516483514
zelnik3	['Ratkowsky_Lance']	-0.04395604395604395
zelnik3	['Ray_Turi']	0.4340659340659341
cure-t0-2000n-2D	['Banfeld_Raferty']	-0.5549450549450549
cure-t0-2000n-2D	['modified_hubert_t']	-0.6868131868131868
cure-t0-2000n-2D	['i_index']	0.8131868131868131
cure-t0-2000n-2D	['McClain_Rao']	-0.6043956043956044
cure-t0-2000n-2D	['IIndex']	-0.6868131868131868
cure-t0-2000n-2D	['Dunns_index']	0.6648351648351648
cure-t0-2000n-2D	['Scott_Symons']	-0.7362637362637362
cure-t0-2000n-2D	['SDBW']	-0.6868131868131868
cure-t0-2000n-2D	['s_dbw']	0.8791208791208791
cure-t0-2000n-2D	['Davies_Bouldin']	0.8461538461538461
cure-t0-2000n-2D	['PBM_index']	0.9835164835164836
cure-t0-2000n-2D	['Ratkowsky_Lance']	-0.5879120879120878
cure-t0-2000n-2D	['Ray_Turi']	0.8351648351648352
zelnik6	['Banfeld_Raferty']	0.005494505494505494
zelnik6	['modified_hubert_t']	-0.32417582417582413
zelnik6	['i_index']	-0.3736263736263736
zelnik6	['McClain_Rao']	-0.3516483516483516
zelnik6	['IIndex']	-0.32417582417582413
zelnik6	['Dunns_index']	0.35714285714285715
zelnik6	['Scott_Symons']	0.005494505494505494
zelnik6	['SDBW']	-0.32417582417582413
zelnik6	['s_dbw']	0.35714285714285715
zelnik6	['Davies_Bouldin']	0.35714285714285715
zelnik6	['PBM_index']	-0.3736263736263736
zelnik6	['Ratkowsky_Lance']	-0.3516483516483516
zelnik6	['Ray_Turi']	-0.3626373626373627
ds2c2sc13	['Banfeld_Raferty']	-0.2802197802197803
ds2c2sc13	['modified_hubert_t']	-0.5879120879120878
ds2c2sc13	['i_index']	0.5274725274725275
ds2c2sc13	['McClain_Rao']	-0.39010989010989006
ds2c2sc13	['IIndex']	-0.5879120879120878
ds2c2sc13	['Dunns_index']	-0.47802197802197804
ds2c2sc13	['Scott_Symons']	0.0
ds2c2sc13	['SDBW']	-0.5879120879120878
ds2c2sc13	['s_dbw']	0.521978021978022
ds2c2sc13	['Davies_Bouldin']	-0.005494505494505494
ds2c2sc13	['PBM_index']	0.07142857142857142
ds2c2sc13	['Ratkowsky_Lance']	-0.6318681318681317
ds2c2sc13	['Ray_Turi']	-0.054945054945054944
ds850	['Banfeld_Raferty']	0.23076923076923078
ds850	['modified_hubert_t']	-0.5879120879120878
ds850	['i_index']	-0.054945054945054944
ds850	['McClain_Rao']	-0.07692307692307691
ds850	['IIndex']	-0.5879120879120878
ds850	['Dunns_index']	0.7087912087912087
ds850	['Scott_Symons']	0.32417582417582413
ds850	['SDBW']	-0.5879120879120878
ds850	['s_dbw']	0.6593406593406593
ds850	['Davies_Bouldin']	0.7747252747252747
ds850	['PBM_index']	-0.054945054945054944
ds850	['Ratkowsky_Lance']	-0.46703296703296704
ds850	['Ray_Turi']	0.7197802197802198
smile1	['Banfeld_Raferty']	0.2087912087912088
smile1	['modified_hubert_t']	-0.34615384615384615
smile1	['i_index']	0.19780219780219782
smile1	['McClain_Rao']	0.08241758241758242
smile1	['IIndex']	-0.34615384615384615
smile1	['Dunns_index']	0.03846153846153846
smile1	['Scott_Symons']	0.2087912087912088
smile1	['SDBW']	-0.34615384615384615
smile1	['s_dbw']	0.4340659340659341
smile1	['Davies_Bouldin']	0.049450549450549455
smile1	['PBM_index']	0.049450549450549455
smile1	['Ratkowsky_Lance']	-0.20329670329670327
smile1	['Ray_Turi']	0.43956043956043955
pathbased	['Banfeld_Raferty']	0.3626373626373627
pathbased	['modified_hubert_t']	-0.5494505494505494
pathbased	['i_index']	0.06593406593406594
pathbased	['McClain_Rao']	-0.2582417582417582
pathbased	['IIndex']	-0.5494505494505494
pathbased	['Dunns_index']	-0.3736263736263736
pathbased	['Scott_Symons']	0.3626373626373627
pathbased	['SDBW']	-0.5494505494505494
pathbased	['s_dbw']	0.021978021978021976
pathbased	['Davies_Bouldin']	0.21978021978021978
pathbased	['PBM_index']	0.9835164835164836
pathbased	['Ratkowsky_Lance']	0.6153846153846153
pathbased	['Ray_Turi']	0.21978021978021978
glass	['Banfeld_Raferty']	0.9945054945054945
glass	['modified_hubert_t']	0.21428571428571427
glass	['i_index']	0.6978021978021978
glass	['McClain_Rao']	0.6373626373626374
glass	['IIndex']	0.21428571428571427
glass	['Dunns_index']	0.6923076923076923
glass	['Scott_Symons']	0.7362637362637362
glass	['SDBW']	0.21428571428571427
glass	['s_dbw']	0.19230769230769232
glass	['Davies_Bouldin']	0.19230769230769232
glass	['PBM_index']	0.6978021978021978
glass	['Ratkowsky_Lance']	0.532967032967033
glass	['Ray_Turi']	0.19230769230769232
dartboard2	['Banfeld_Raferty']	1.0
dartboard2	['modified_hubert_t']	1.0
dartboard2	['i_index']	1.0
dartboard2	['McClain_Rao']	1.0
dartboard2	['IIndex']	1.0
dartboard2	['Dunns_index']	1.0
dartboard2	['Scott_Symons']	1.0
dartboard2	['SDBW']	1.0
dartboard2	['s_dbw']	1.0
dartboard2	['Davies_Bouldin']	1.0
dartboard2	['PBM_index']	1.0
dartboard2	['Ratkowsky_Lance']	1.0
dartboard2	['Ray_Turi']	1.0
zelnik2	['Banfeld_Raferty']	0.7142857142857143
zelnik2	['modified_hubert_t']	0.7527472527472527
zelnik2	['i_index']	1.0
zelnik2	['McClain_Rao']	0.7142857142857143
zelnik2	['IIndex']	0.7527472527472527
zelnik2	['Dunns_index']	1.0
zelnik2	['Scott_Symons']	0.7142857142857143
zelnik2	['SDBW']	0.7527472527472527
zelnik2	['s_dbw']	1.0
zelnik2	['Davies_Bouldin']	1.0
zelnik2	['PBM_index']	1.0
zelnik2	['Ratkowsky_Lance']	0.7142857142857143
zelnik2	['Ray_Turi']	1.0
disk-4000n	['Banfeld_Raferty']	-0.17482517482517487
disk-4000n	['modified_hubert_t']	0.5314685314685316
disk-4000n	['i_index']	0.6923076923076924
disk-4000n	['McClain_Rao']	-0.15384615384615385
disk-4000n	['IIndex']	0.5314685314685316
disk-4000n	['Dunns_index']	0.23076923076923078
disk-4000n	['Scott_Symons']	0.37762237762237766
disk-4000n	['SDBW']	0.5314685314685316
disk-4000n	['s_dbw']	-0.08391608391608392
disk-4000n	['Davies_Bouldin']	0.3076923076923077
disk-4000n	['PBM_index']	0.4895104895104896
disk-4000n	['Ratkowsky_Lance']	0.3356643356643357
disk-4000n	['Ray_Turi']	0.5104895104895105
2d-3c-no123	['Banfeld_Raferty']	-0.5549450549450549
2d-3c-no123	['modified_hubert_t']	-0.7912087912087913
2d-3c-no123	['i_index']	0.576923076923077
2d-3c-no123	['McClain_Rao']	0.25274725274725274
2d-3c-no123	['IIndex']	-0.7912087912087913
2d-3c-no123	['Dunns_index']	0.41208791208791207
2d-3c-no123	['Scott_Symons']	-0.5824175824175823
2d-3c-no123	['SDBW']	-0.7912087912087913
2d-3c-no123	['s_dbw']	0.2857142857142857
2d-3c-no123	['Davies_Bouldin']	-0.21978021978021978
2d-3c-no123	['PBM_index']	0.6153846153846153
2d-3c-no123	['Ratkowsky_Lance']	-0.7747252747252747
2d-3c-no123	['Ray_Turi']	0.15384615384615383
zoo	['Banfeld_Raferty']	-0.6428571428571429
zoo	['modified_hubert_t']	0.7857142857142858
zoo	['i_index']	0.11904761904761905
zoo	['McClain_Rao']	0.11904761904761905
zoo	['IIndex']	0.7857142857142858
zoo	['Dunns_index']	0.11904761904761905
zoo	['Scott_Symons']	0.4523809523809524
zoo	['SDBW']	0.7857142857142858
zoo	['s_dbw']	0.7857142857142858
zoo	['Davies_Bouldin']	0.7857142857142858
zoo	['PBM_index']	-0.6428571428571429
zoo	['Ratkowsky_Lance']	0.2380952380952381
zoo	['Ray_Turi']	0.7857142857142858
triangle1	['Banfeld_Raferty']	0.9285714285714285
triangle1	['modified_hubert_t']	-0.510989010989011
triangle1	['i_index']	0.21978021978021978
triangle1	['McClain_Rao']	-0.2087912087912088
triangle1	['IIndex']	-0.510989010989011
triangle1	['Dunns_index']	0.42857142857142855
triangle1	['Scott_Symons']	0.8516483516483516
triangle1	['SDBW']	-0.510989010989011
triangle1	['s_dbw']	0.7967032967032966
triangle1	['Davies_Bouldin']	0.7967032967032966
triangle1	['PBM_index']	0.21978021978021978
triangle1	['Ratkowsky_Lance']	-0.3681318681318681
triangle1	['Ray_Turi']	0.6978021978021978
zelnik4	['Banfeld_Raferty']	0.027472527472527472
zelnik4	['modified_hubert_t']	-0.24725274725274726
zelnik4	['i_index']	0.7857142857142857
zelnik4	['McClain_Rao']	0.03296703296703297
zelnik4	['IIndex']	-0.24725274725274726
zelnik4	['Dunns_index']	0.35714285714285715
zelnik4	['Scott_Symons']	0.03296703296703297
zelnik4	['SDBW']	-0.24725274725274726
zelnik4	['s_dbw']	0.8351648351648352
zelnik4	['Davies_Bouldin']	0.8681318681318682
zelnik4	['PBM_index']	0.7857142857142857
zelnik4	['Ratkowsky_Lance']	-0.4450549450549451
zelnik4	['Ray_Turi']	0.7692307692307693
sizes4	['Banfeld_Raferty']	0.4175824175824176
sizes4	['modified_hubert_t']	-0.23626373626373626
sizes4	['i_index']	-0.4945054945054945
sizes4	['McClain_Rao']	0.07692307692307691
sizes4	['IIndex']	-0.23626373626373626
sizes4	['Dunns_index']	-0.11538461538461539
sizes4	['Scott_Symons']	-0.15384615384615383
sizes4	['SDBW']	-0.23626373626373626
sizes4	['s_dbw']	0.6868131868131868
sizes4	['Davies_Bouldin']	-0.03846153846153846
sizes4	['PBM_index']	-0.0879120879120879
sizes4	['Ratkowsky_Lance']	0.2582417582417582
sizes4	['Ray_Turi']	-0.08241758241758242
donut3	['Banfeld_Raferty']	-0.1043956043956044
donut3	['modified_hubert_t']	0.5714285714285714
donut3	['i_index']	0.5714285714285714
donut3	['McClain_Rao']	-0.1043956043956044
donut3	['IIndex']	0.5714285714285714
donut3	['Dunns_index']	0.32417582417582413
donut3	['Scott_Symons']	-0.1043956043956044
donut3	['SDBW']	0.5714285714285714
donut3	['s_dbw']	0.5714285714285714
donut3	['Davies_Bouldin']	0.32417582417582413
donut3	['PBM_index']	0.32417582417582413
donut3	['Ratkowsky_Lance']	0.5714285714285714
donut3	['Ray_Turi']	0.32417582417582413
R15	['Banfeld_Raferty']	-0.48901098901098894
R15	['modified_hubert_t']	0.40659340659340654
R15	['i_index']	0.18131868131868134
R15	['McClain_Rao']	-0.4010989010989011
R15	['IIndex']	0.40659340659340654
R15	['Dunns_index']	-0.34065934065934067
R15	['Scott_Symons']	0.10989010989010989
R15	['SDBW']	0.40659340659340654
R15	['s_dbw']	0.2967032967032967
R15	['Davies_Bouldin']	-0.021978021978021976
R15	['PBM_index']	0.18131868131868134
R15	['Ratkowsky_Lance']	0.11538461538461539
R15	['Ray_Turi']	0.5164835164835164
impossible	['Banfeld_Raferty']	0.41208791208791207
impossible	['modified_hubert_t']	-0.4230769230769231
impossible	['i_index']	-0.4725274725274725
impossible	['McClain_Rao']	0.39560439560439564
impossible	['IIndex']	-0.4230769230769231
impossible	['Dunns_index']	-0.25274725274725274
impossible	['Scott_Symons']	0.46703296703296704
impossible	['SDBW']	-0.4230769230769231
impossible	['s_dbw']	0.4725274725274725
impossible	['Davies_Bouldin']	0.6098901098901099
impossible	['PBM_index']	-0.4725274725274725
impossible	['Ratkowsky_Lance']	-0.049450549450549455
impossible	['Ray_Turi']	-0.16483516483516483
iris	['Banfeld_Raferty']	0.21428571428571427
iris	['modified_hubert_t']	1.0
iris	['i_index']	0.21428571428571427
iris	['McClain_Rao']	0.15384615384615383
iris	['IIndex']	1.0
iris	['Dunns_index']	0.21428571428571427
iris	['Scott_Symons']	-0.6318681318681317
iris	['SDBW']	1.0
iris	['s_dbw']	0.6538461538461539
iris	['Davies_Bouldin']	0.21428571428571427
iris	['PBM_index']	0.21428571428571427
iris	['Ratkowsky_Lance']	0.15384615384615383
iris	['Ray_Turi']	0.6538461538461539
iono	['Banfeld_Raferty']	-0.6483516483516483
iono	['modified_hubert_t']	-0.5
iono	['i_index']	-0.5
iono	['McClain_Rao']	-0.5
iono	['IIndex']	-0.5
iono	['Dunns_index']	-0.5
iono	['Scott_Symons']	-0.5
iono	['SDBW']	-0.5
iono	['s_dbw']	-0.5
iono	['Davies_Bouldin']	-0.5
iono	['PBM_index']	0.8516483516483516
iono	['Ratkowsky_Lance']	-0.6483516483516483
iono	['Ray_Turi']	-0.5
dpb	['Banfeld_Raferty']	-0.3131868131868132
dpb	['modified_hubert_t']	-0.6758241758241759
dpb	['i_index']	0.4340659340659341
dpb	['McClain_Rao']	-0.48901098901098894
dpb	['IIndex']	-0.6758241758241759
dpb	['Dunns_index']	-0.37912087912087916
dpb	['Scott_Symons']	-0.34065934065934067
dpb	['SDBW']	-0.6758241758241759
dpb	['s_dbw']	0.7857142857142857
dpb	['Davies_Bouldin']	0.08241758241758242
dpb	['PBM_index']	-0.41208791208791207
dpb	['Ratkowsky_Lance']	-0.6648351648351648
dpb	['Ray_Turi']	-0.6593406593406593
spherical_4_3	['Banfeld_Raferty']	1.0
spherical_4_3	['modified_hubert_t']	1.0
spherical_4_3	['i_index']	1.0
spherical_4_3	['McClain_Rao']	1.0
spherical_4_3	['IIndex']	1.0
spherical_4_3	['Dunns_index']	1.0
spherical_4_3	['Scott_Symons']	1.0
spherical_4_3	['SDBW']	1.0
spherical_4_3	['s_dbw']	1.0
spherical_4_3	['Davies_Bouldin']	1.0
spherical_4_3	['PBM_index']	1.0
spherical_4_3	['Ratkowsky_Lance']	1.0
spherical_4_3	['Ray_Turi']	1.0
ds3c3sc6	['Banfeld_Raferty']	0.005494505494505494
ds3c3sc6	['modified_hubert_t']	0.07142857142857142
ds3c3sc6	['i_index']	0.1043956043956044
ds3c3sc6	['McClain_Rao']	-0.46703296703296704
ds3c3sc6	['IIndex']	0.07142857142857142
ds3c3sc6	['Dunns_index']	0.19230769230769232
ds3c3sc6	['Scott_Symons']	0.5439560439560439
ds3c3sc6	['SDBW']	0.07142857142857142
ds3c3sc6	['s_dbw']	0.06593406593406594
ds3c3sc6	['Davies_Bouldin']	0.12637362637362637
ds3c3sc6	['PBM_index']	0.010989010989010988
ds3c3sc6	['Ratkowsky_Lance']	0.1043956043956044
ds3c3sc6	['Ray_Turi']	0.5
sizes5	['Banfeld_Raferty']	0.6868131868131868
sizes5	['modified_hubert_t']	0.04395604395604395
sizes5	['i_index']	-0.15384615384615383
sizes5	['McClain_Rao']	-0.24725274725274726
sizes5	['IIndex']	0.04395604395604395
sizes5	['Dunns_index']	0.3131868131868132
sizes5	['Scott_Symons']	0.1758241758241758
sizes5	['SDBW']	0.04395604395604395
sizes5	['s_dbw']	0.2912087912087912
sizes5	['Davies_Bouldin']	-0.23076923076923078
sizes5	['PBM_index']	-0.37912087912087916
sizes5	['Ratkowsky_Lance']	0.0879120879120879
sizes5	['Ray_Turi']	0.2692307692307692
sizes2	['Banfeld_Raferty']	0.013986013986013986
sizes2	['modified_hubert_t']	0.44755244755244755
sizes2	['i_index']	-0.09090909090909093
sizes2	['McClain_Rao']	0.37762237762237766
sizes2	['IIndex']	0.44755244755244755
sizes2	['Dunns_index']	-0.3076923076923077
sizes2	['Scott_Symons']	0.034965034965034975
sizes2	['SDBW']	0.44755244755244755
sizes2	['s_dbw']	0.1188811188811189
sizes2	['Davies_Bouldin']	-0.027972027972027972
sizes2	['PBM_index']	0.07692307692307693
sizes2	['Ratkowsky_Lance']	0.49650349650349657
sizes2	['Ray_Turi']	-0.17482517482517487
chainlink	['Banfeld_Raferty']	0.2747252747252747
chainlink	['modified_hubert_t']	-0.6208791208791209
chainlink	['i_index']	0.3681318681318681
chainlink	['McClain_Rao']	0.37912087912087916
chainlink	['IIndex']	-0.6208791208791209
chainlink	['Dunns_index']	0.06593406593406594
chainlink	['Scott_Symons']	-0.39560439560439564
chainlink	['SDBW']	-0.6208791208791209
chainlink	['s_dbw']	0.5494505494505494
chainlink	['Davies_Bouldin']	0.03846153846153846
chainlink	['PBM_index']	0.3736263736263736
chainlink	['Ratkowsky_Lance']	0.016483516483516484
chainlink	['Ray_Turi']	0.3626373626373627
spiralsquare	['Banfeld_Raferty']	0.1758241758241758
spiralsquare	['modified_hubert_t']	0.8241758241758241
spiralsquare	['i_index']	0.8461538461538461
spiralsquare	['McClain_Rao']	-0.04395604395604395
spiralsquare	['IIndex']	0.8241758241758241
spiralsquare	['Dunns_index']	0.08241758241758242
spiralsquare	['Scott_Symons']	0.510989010989011
spiralsquare	['SDBW']	0.8241758241758241
spiralsquare	['s_dbw']	-0.45604395604395603
spiralsquare	['Davies_Bouldin']	0.8406593406593407
spiralsquare	['PBM_index']	0.8736263736263737
spiralsquare	['Ratkowsky_Lance']	0.47802197802197804
spiralsquare	['Ray_Turi']	0.8076923076923077
longsquare	['Banfeld_Raferty']	0.12087912087912088
longsquare	['modified_hubert_t']	-0.4340659340659341
longsquare	['i_index']	0.4835164835164835
longsquare	['McClain_Rao']	-0.2857142857142857
longsquare	['IIndex']	-0.4340659340659341
longsquare	['Dunns_index']	-0.15934065934065936
longsquare	['Scott_Symons']	-0.054945054945054944
longsquare	['SDBW']	-0.4340659340659341
longsquare	['s_dbw']	-0.07142857142857142
longsquare	['Davies_Bouldin']	-0.027472527472527472
longsquare	['PBM_index']	0.03846153846153846
longsquare	['Ratkowsky_Lance']	-0.0934065934065934
longsquare	['Ray_Turi']	0.06043956043956044
elly-2d10c13s	['Banfeld_Raferty']	0.5384615384615385
elly-2d10c13s	['modified_hubert_t']	-0.1258741258741259
elly-2d10c13s	['i_index']	0.7342657342657343
elly-2d10c13s	['McClain_Rao']	0.32867132867132864
elly-2d10c13s	['IIndex']	-0.1258741258741259
elly-2d10c13s	['Dunns_index']	0.5174825174825175
elly-2d10c13s	['Scott_Symons']	-0.44755244755244755
elly-2d10c13s	['SDBW']	-0.1258741258741259
elly-2d10c13s	['s_dbw']	0.3426573426573427
elly-2d10c13s	['Davies_Bouldin']	-0.34965034965034975
elly-2d10c13s	['PBM_index']	0.5244755244755246
elly-2d10c13s	['Ratkowsky_Lance']	-0.2797202797202798
elly-2d10c13s	['Ray_Turi']	0.2797202797202798
flame	['Banfeld_Raferty']	0.9930069930069931
flame	['modified_hubert_t']	0.6293706293706295
flame	['i_index']	0.6293706293706295
flame	['McClain_Rao']	0.6293706293706295
flame	['IIndex']	0.6293706293706295
flame	['Dunns_index']	0.6293706293706295
flame	['Scott_Symons']	0.9930069930069931
flame	['SDBW']	0.6293706293706295
flame	['s_dbw']	0.6293706293706295
flame	['Davies_Bouldin']	0.6293706293706295
flame	['PBM_index']	0.9930069930069931
flame	['Ratkowsky_Lance']	-0.39860139860139865
flame	['Ray_Turi']	0.6293706293706295
blobs	['Banfeld_Raferty']	-0.13736263736263735
blobs	['modified_hubert_t']	-0.5054945054945055
blobs	['i_index']	-0.15934065934065936
blobs	['McClain_Rao']	0.14285714285714285
blobs	['IIndex']	-0.5054945054945055
blobs	['Dunns_index']	-0.2857142857142857
blobs	['Scott_Symons']	0.054945054945054944
blobs	['SDBW']	-0.5054945054945055
blobs	['s_dbw']	0.32967032967032966
blobs	['Davies_Bouldin']	0.027472527472527472
blobs	['PBM_index']	0.20329670329670327
blobs	['Ratkowsky_Lance']	0.38461538461538464
blobs	['Ray_Turi']	0.16483516483516483
2d-4c-no9	['Banfeld_Raferty']	0.005494505494505494
2d-4c-no9	['modified_hubert_t']	-0.3131868131868132
2d-4c-no9	['i_index']	-0.049450549450549455
2d-4c-no9	['McClain_Rao']	0.021978021978021976
2d-4c-no9	['IIndex']	-0.3131868131868132
2d-4c-no9	['Dunns_index']	-0.24725274725274726
2d-4c-no9	['Scott_Symons']	0.13736263736263735
2d-4c-no9	['SDBW']	-0.3131868131868132
2d-4c-no9	['s_dbw']	0.33516483516483514
2d-4c-no9	['Davies_Bouldin']	0.2087912087912088
2d-4c-no9	['PBM_index']	-0.049450549450549455
2d-4c-no9	['Ratkowsky_Lance']	0.13736263736263735
2d-4c-no9	['Ray_Turi']	0.18131868131868134
disk-3000n	['Banfeld_Raferty']	-0.32121212121212117
disk-3000n	['modified_hubert_t']	0.9151515151515152
disk-3000n	['i_index']	-0.13939393939393938
disk-3000n	['McClain_Rao']	-0.6969696969696969
disk-3000n	['IIndex']	0.9151515151515152
disk-3000n	['Dunns_index']	-0.10303030303030303
disk-3000n	['Scott_Symons']	0.5030303030303029
disk-3000n	['SDBW']	0.9151515151515152
disk-3000n	['s_dbw']	0.6606060606060605
disk-3000n	['Davies_Bouldin']	0.7696969696969697
disk-3000n	['PBM_index']	0.8909090909090909
disk-3000n	['Ratkowsky_Lance']	-0.5515151515151515
disk-3000n	['Ray_Turi']	0.7939393939393938
balance-scale	['Banfeld_Raferty']	1.0
balance-scale	['modified_hubert_t']	1.0
balance-scale	['i_index']	1.0
balance-scale	['McClain_Rao']	1.0
balance-scale	['IIndex']	1.0
balance-scale	['Dunns_index']	1.0
balance-scale	['Scott_Symons']	1.0
balance-scale	['SDBW']	1.0
balance-scale	['s_dbw']	1.0
balance-scale	['Davies_Bouldin']	1.0
balance-scale	['PBM_index']	1.0
balance-scale	['Ratkowsky_Lance']	1.0
balance-scale	['Ray_Turi']	1.0
twenty	['Banfeld_Raferty']	-0.13736263736263735
twenty	['modified_hubert_t']	0.945054945054945
twenty	['i_index']	0.7692307692307693
twenty	['McClain_Rao']	-0.6153846153846153
twenty	['IIndex']	0.945054945054945
twenty	['Dunns_index']	0.15934065934065936
twenty	['Scott_Symons']	-0.20329670329670327
twenty	['SDBW']	0.945054945054945
twenty	['s_dbw']	0.945054945054945
twenty	['Davies_Bouldin']	0.6043956043956044
twenty	['PBM_index']	0.7692307692307693
twenty	['Ratkowsky_Lance']	-0.15384615384615383
twenty	['Ray_Turi']	0.2857142857142857
2d-10c	['Banfeld_Raferty']	0.5494505494505494
2d-10c	['modified_hubert_t']	-0.521978021978022
2d-10c	['i_index']	0.13186813186813187
2d-10c	['McClain_Rao']	-0.07692307692307691
2d-10c	['IIndex']	-0.521978021978022
2d-10c	['Dunns_index']	0.12637362637362637
2d-10c	['Scott_Symons']	0.532967032967033
2d-10c	['SDBW']	-0.521978021978022
2d-10c	['s_dbw']	0.19230769230769232
2d-10c	['Davies_Bouldin']	0.6538461538461539
2d-10c	['PBM_index']	0.13186813186813187
2d-10c	['Ratkowsky_Lance']	-0.5054945054945055
2d-10c	['Ray_Turi']	-0.46703296703296704
tetra	['Banfeld_Raferty']	-0.33333333333333326
tetra	['modified_hubert_t']	0.29696969696969694
tetra	['i_index']	-0.3696969696969697
tetra	['McClain_Rao']	-0.24848484848484845
tetra	['IIndex']	0.29696969696969694
tetra	['Dunns_index']	-0.23636363636363633
tetra	['Scott_Symons']	-0.01818181818181818
tetra	['SDBW']	0.29696969696969694
tetra	['s_dbw']	0.4666666666666666
tetra	['Davies_Bouldin']	0.5030303030303029
tetra	['PBM_index']	0.9636363636363635
tetra	['Ratkowsky_Lance']	0.2727272727272727
tetra	['Ray_Turi']	0.5030303030303029
rings	['Banfeld_Raferty']	0.7857142857142857
rings	['modified_hubert_t']	0.39560439560439564
rings	['i_index']	-0.12087912087912088
rings	['McClain_Rao']	-0.35714285714285715
rings	['IIndex']	0.39560439560439564
rings	['Dunns_index']	0.48901098901098894
rings	['Scott_Symons']	0.0934065934065934
rings	['SDBW']	0.39560439560439564
rings	['s_dbw']	0.4835164835164835
rings	['Davies_Bouldin']	0.5384615384615384
rings	['PBM_index']	-0.1868131868131868
rings	['Ratkowsky_Lance']	-0.35714285714285715
rings	['Ray_Turi']	0.532967032967033
xclara	['Banfeld_Raferty']	0.21978021978021978
xclara	['modified_hubert_t']	-0.42857142857142855
xclara	['i_index']	0.39010989010989006
xclara	['McClain_Rao']	-0.08241758241758242
xclara	['IIndex']	-0.42857142857142855
xclara	['Dunns_index']	0.016483516483516484
xclara	['Scott_Symons']	0.21978021978021978
xclara	['SDBW']	-0.42857142857142855
xclara	['s_dbw']	0.5
xclara	['Davies_Bouldin']	-0.027472527472527472
xclara	['PBM_index']	0.521978021978022
xclara	['Ratkowsky_Lance']	-0.4505494505494505
xclara	['Ray_Turi']	0.39560439560439564
complex8	['Banfeld_Raferty']	0.6538461538461539
complex8	['modified_hubert_t']	0.32417582417582413
complex8	['i_index']	0.7307692307692307
complex8	['McClain_Rao']	-0.15384615384615383
complex8	['IIndex']	0.32417582417582413
complex8	['Dunns_index']	-0.33516483516483514
complex8	['Scott_Symons']	0.6978021978021978
complex8	['SDBW']	0.32417582417582413
complex8	['s_dbw']	-0.3681318681318681
complex8	['Davies_Bouldin']	-0.15934065934065936
complex8	['PBM_index']	0.8186813186813187
complex8	['Ratkowsky_Lance']	0.7747252747252747
complex8	['Ray_Turi']	0.0
target	['Banfeld_Raferty']	-0.5
target	['modified_hubert_t']	-0.8186813186813187
target	['i_index']	0.47802197802197804
target	['McClain_Rao']	-0.6923076923076923
target	['IIndex']	-0.8186813186813187
target	['Dunns_index']	0.532967032967033
target	['Scott_Symons']	-0.5549450549450549
target	['SDBW']	-0.8186813186813187
target	['s_dbw']	0.34065934065934067
target	['Davies_Bouldin']	0.6813186813186813
target	['PBM_index']	0.6318681318681317
target	['Ratkowsky_Lance']	-0.37912087912087916
target	['Ray_Turi']	-0.2582417582417582
donutcurves	['Banfeld_Raferty']	0.5879120879120878
donutcurves	['modified_hubert_t']	0.2582417582417582
donutcurves	['i_index']	-0.1043956043956044
donutcurves	['McClain_Rao']	0.5879120879120878
donutcurves	['IIndex']	0.2582417582417582
donutcurves	['Dunns_index']	0.4175824175824176
donutcurves	['Scott_Symons']	0.5879120879120878
donutcurves	['SDBW']	0.2582417582417582
donutcurves	['s_dbw']	0.5054945054945055
donutcurves	['Davies_Bouldin']	0.5384615384615384
donutcurves	['PBM_index']	-0.1043956043956044
donutcurves	['Ratkowsky_Lance']	0.3021978021978022
donutcurves	['Ray_Turi']	0.5384615384615384
square2	['Banfeld_Raferty']	0.8181818181818182
square2	['modified_hubert_t']	-0.6363636363636364
square2	['i_index']	0.045454545454545456
square2	['McClain_Rao']	-0.5090909090909091
square2	['IIndex']	-0.6363636363636364
square2	['Dunns_index']	0.045454545454545456
square2	['Scott_Symons']	0.690909090909091
square2	['SDBW']	-0.6363636363636364
square2	['s_dbw']	-0.17272727272727276
square2	['Davies_Bouldin']	-0.17272727272727276
square2	['PBM_index']	0.21818181818181823
square2	['Ratkowsky_Lance']	0.14545454545454548
square2	['Ray_Turi']	-0.17272727272727276
curves2	['Banfeld_Raferty']	1.0
curves2	['modified_hubert_t']	1.0
curves2	['i_index']	1.0
curves2	['McClain_Rao']	1.0
curves2	['IIndex']	1.0
curves2	['Dunns_index']	1.0
curves2	['Scott_Symons']	1.0
curves2	['SDBW']	1.0
curves2	['s_dbw']	1.0
curves2	['Davies_Bouldin']	1.0
curves2	['PBM_index']	1.0
curves2	['Ratkowsky_Lance']	1.0
curves2	['Ray_Turi']	1.0
spiral	['Banfeld_Raferty']	1.0
spiral	['modified_hubert_t']	1.0
spiral	['i_index']	1.0
spiral	['McClain_Rao']	1.0
spiral	['IIndex']	1.0
spiral	['Dunns_index']	1.0
spiral	['Scott_Symons']	1.0
spiral	['SDBW']	1.0
spiral	['s_dbw']	1.0
spiral	['Davies_Bouldin']	1.0
spiral	['PBM_index']	1.0
spiral	['Ratkowsky_Lance']	1.0
spiral	['Ray_Turi']	1.0
haberman	['Banfeld_Raferty']	0.2087912087912088
haberman	['modified_hubert_t']	0.45604395604395603
haberman	['i_index']	0.2582417582417582
haberman	['McClain_Rao']	0.2582417582417582
haberman	['IIndex']	0.45604395604395603
haberman	['Dunns_index']	0.34615384615384615
haberman	['Scott_Symons']	0.2087912087912088
haberman	['SDBW']	0.45604395604395603
haberman	['s_dbw']	0.20329670329670327
haberman	['Davies_Bouldin']	0.21428571428571427
haberman	['PBM_index']	-0.35714285714285715
haberman	['Ratkowsky_Lance']	-0.06593406593406594
haberman	['Ray_Turi']	0.2582417582417582
disk-4600n	['Banfeld_Raferty']	-0.881818181818182
disk-4600n	['modified_hubert_t']	0.9090909090909091
disk-4600n	['i_index']	-0.27272727272727276
disk-4600n	['McClain_Rao']	-0.9272727272727275
disk-4600n	['IIndex']	0.9090909090909091
disk-4600n	['Dunns_index']	-0.38181818181818183
disk-4600n	['Scott_Symons']	-0.18181818181818182
disk-4600n	['SDBW']	0.9090909090909091
disk-4600n	['s_dbw']	0.29090909090909095
disk-4600n	['Davies_Bouldin']	0.8454545454545455
disk-4600n	['PBM_index']	0.9181818181818183
disk-4600n	['Ratkowsky_Lance']	-0.10909090909090911
disk-4600n	['Ray_Turi']	0.8909090909090911
triangle2	['Banfeld_Raferty']	-0.005494505494505494
triangle2	['modified_hubert_t']	-0.5824175824175823
triangle2	['i_index']	0.17032967032967034
triangle2	['McClain_Rao']	-0.19780219780219782
triangle2	['IIndex']	-0.5824175824175823
triangle2	['Dunns_index']	0.24725274725274726
triangle2	['Scott_Symons']	0.30769230769230765
triangle2	['SDBW']	-0.5824175824175823
triangle2	['s_dbw']	-0.03296703296703297
triangle2	['Davies_Bouldin']	-0.010989010989010988
triangle2	['PBM_index']	0.010989010989010988
triangle2	['Ratkowsky_Lance']	-0.1868131868131868
triangle2	['Ray_Turi']	0.14285714285714285
cure-t2-4k	['Banfeld_Raferty']	0.03846153846153846
cure-t2-4k	['modified_hubert_t']	-0.45604395604395603
cure-t2-4k	['i_index']	0.03296703296703297
cure-t2-4k	['McClain_Rao']	0.38461538461538464
cure-t2-4k	['IIndex']	-0.45604395604395603
cure-t2-4k	['Dunns_index']	-0.1043956043956044
cure-t2-4k	['Scott_Symons']	0.03846153846153846
cure-t2-4k	['SDBW']	-0.45604395604395603
cure-t2-4k	['s_dbw']	0.5384615384615384
cure-t2-4k	['Davies_Bouldin']	-0.15934065934065936
cure-t2-4k	['PBM_index']	-0.21978021978021978
cure-t2-4k	['Ratkowsky_Lance']	-0.26373626373626374
cure-t2-4k	['Ray_Turi']	-0.11538461538461539
spherical_5_2	['Banfeld_Raferty']	0.14285714285714288
spherical_5_2	['modified_hubert_t']	-0.1785714285714286
spherical_5_2	['i_index']	0.03571428571428572
spherical_5_2	['McClain_Rao']	0.6785714285714287
spherical_5_2	['IIndex']	-0.1785714285714286
spherical_5_2	['Dunns_index']	0.03571428571428572
spherical_5_2	['Scott_Symons']	0.42857142857142866
spherical_5_2	['SDBW']	-0.1785714285714286
spherical_5_2	['s_dbw']	-0.07142857142857144
spherical_5_2	['Davies_Bouldin']	-0.07142857142857144
spherical_5_2	['PBM_index']	-0.14285714285714288
spherical_5_2	['Ratkowsky_Lance']	-0.39285714285714296
spherical_5_2	['Ray_Turi']	0.5
threenorm	['Banfeld_Raferty']	-0.04242424242424241
threenorm	['modified_hubert_t']	0.5878787878787878
threenorm	['i_index']	0.1515151515151515
threenorm	['McClain_Rao']	0.13939393939393938
threenorm	['IIndex']	0.5878787878787878
threenorm	['Dunns_index']	0.16363636363636364
threenorm	['Scott_Symons']	-0.2606060606060606
threenorm	['SDBW']	0.5878787878787878
threenorm	['s_dbw']	0.5878787878787878
threenorm	['Davies_Bouldin']	0.49090909090909085
threenorm	['PBM_index']	-0.19999999999999998
threenorm	['Ratkowsky_Lance']	-0.19999999999999998
threenorm	['Ray_Turi']	0.49090909090909085
tae	['Banfeld_Raferty']	0.7857142857142858
tae	['modified_hubert_t']	0.8571428571428572
tae	['i_index']	0.8571428571428572
tae	['McClain_Rao']	0.8571428571428572
tae	['IIndex']	0.8571428571428572
tae	['Dunns_index']	0.8571428571428572
tae	['Scott_Symons']	0.7857142857142858
tae	['SDBW']	0.8571428571428572
tae	['s_dbw']	0.8571428571428572
tae	['Davies_Bouldin']	0.8571428571428572
tae	['PBM_index']	0.8571428571428572
tae	['Ratkowsky_Lance']	-0.880952380952381
tae	['Ray_Turi']	0.8571428571428572
lsun	['Banfeld_Raferty']	0.2967032967032967
lsun	['modified_hubert_t']	-0.33516483516483514
lsun	['i_index']	-0.054945054945054944
lsun	['McClain_Rao']	-0.35714285714285715
lsun	['IIndex']	-0.33516483516483514
lsun	['Dunns_index']	-0.016483516483516484
lsun	['Scott_Symons']	0.5879120879120878
lsun	['SDBW']	-0.33516483516483514
lsun	['s_dbw']	0.35714285714285715
lsun	['Davies_Bouldin']	0.21978021978021978
lsun	['PBM_index']	0.0934065934065934
lsun	['Ratkowsky_Lance']	-0.2802197802197803
lsun	['Ray_Turi']	-0.23626373626373626
zelnik1	['Banfeld_Raferty']	0.7692307692307693
zelnik1	['modified_hubert_t']	-0.1758241758241758
zelnik1	['i_index']	0.3681318681318681
zelnik1	['McClain_Rao']	0.46703296703296704
zelnik1	['IIndex']	-0.1758241758241758
zelnik1	['Dunns_index']	0.6978021978021978
zelnik1	['Scott_Symons']	0.7692307692307693
zelnik1	['SDBW']	-0.1758241758241758
zelnik1	['s_dbw']	-0.40659340659340654
zelnik1	['Davies_Bouldin']	-0.40659340659340654
zelnik1	['PBM_index']	0.8956043956043955
zelnik1	['Ratkowsky_Lance']	0.4725274725274725
zelnik1	['Ray_Turi']	-0.4010989010989011
2dnormals	['Banfeld_Raferty']	1.0
2dnormals	['modified_hubert_t']	1.0
2dnormals	['i_index']	1.0
2dnormals	['McClain_Rao']	1.0
2dnormals	['IIndex']	1.0
2dnormals	['Dunns_index']	1.0
2dnormals	['Scott_Symons']	1.0
2dnormals	['SDBW']	1.0
2dnormals	['s_dbw']	1.0
2dnormals	['Davies_Bouldin']	1.0
2dnormals	['PBM_index']	1.0
2dnormals	['Ratkowsky_Lance']	1.0
2dnormals	['Ray_Turi']	1.0
cassini	['Banfeld_Raferty']	0.4945054945054945
cassini	['modified_hubert_t']	0.0
cassini	['i_index']	0.23076923076923078
cassini	['McClain_Rao']	0.2747252747252747
cassini	['IIndex']	0.0
cassini	['Dunns_index']	0.21428571428571427
cassini	['Scott_Symons']	0.11538461538461539
cassini	['SDBW']	0.0
cassini	['s_dbw']	-0.2582417582417582
cassini	['Davies_Bouldin']	0.8626373626373626
cassini	['PBM_index']	-0.5989010989010989
cassini	['Ratkowsky_Lance']	0.510989010989011
cassini	['Ray_Turi']	0.4450549450549451
circle	['Banfeld_Raferty']	-0.5664335664335665
circle	['modified_hubert_t']	0.6643356643356644
circle	['i_index']	0.1188811188811189
circle	['McClain_Rao']	0.17482517482517487
circle	['IIndex']	0.6643356643356644
circle	['Dunns_index']	0.1188811188811189
circle	['Scott_Symons']	-0.5664335664335665
circle	['SDBW']	0.6643356643356644
circle	['s_dbw']	0.4755244755244756
circle	['Davies_Bouldin']	0.4125874125874127
circle	['PBM_index']	0.2377622377622378
circle	['Ratkowsky_Lance']	-0.44055944055944063
circle	['Ray_Turi']	0.4125874125874127
square1	['Banfeld_Raferty']	0.9285714285714285
square1	['modified_hubert_t']	0.3736263736263736
square1	['i_index']	0.1868131868131868
square1	['McClain_Rao']	-0.07692307692307691
square1	['IIndex']	0.3736263736263736
square1	['Dunns_index']	-0.4010989010989011
square1	['Scott_Symons']	-0.532967032967033
square1	['SDBW']	0.3736263736263736
square1	['s_dbw']	0.7362637362637362
square1	['Davies_Bouldin']	0.4725274725274725
square1	['PBM_index']	0.24175824175824176
square1	['Ratkowsky_Lance']	0.12087912087912088
square1	['Ray_Turi']	0.6758241758241759
disk-4500n	['Banfeld_Raferty']	-0.7637362637362637
disk-4500n	['modified_hubert_t']	0.7967032967032966
disk-4500n	['i_index']	-0.027472527472527472
disk-4500n	['McClain_Rao']	-0.6318681318681317
disk-4500n	['IIndex']	0.7967032967032966
disk-4500n	['Dunns_index']	0.32967032967032966
disk-4500n	['Scott_Symons']	-0.10989010989010989
disk-4500n	['SDBW']	0.7967032967032966
disk-4500n	['s_dbw']	-0.47802197802197804
disk-4500n	['Davies_Bouldin']	0.5604395604395606
disk-4500n	['PBM_index']	0.7692307692307693
disk-4500n	['Ratkowsky_Lance']	0.5494505494505494
disk-4500n	['Ray_Turi']	0.5
disk-5000n	['Banfeld_Raferty']	-0.6166666666666666
disk-5000n	['modified_hubert_t']	0.6333333333333333
disk-5000n	['i_index']	0.08333333333333334
disk-5000n	['McClain_Rao']	-0.7999999999999999
disk-5000n	['IIndex']	0.6333333333333333
disk-5000n	['Dunns_index']	0.016666666666666666
disk-5000n	['Scott_Symons']	-0.38333333333333336
disk-5000n	['SDBW']	0.6333333333333333
disk-5000n	['s_dbw']	-0.15
disk-5000n	['Davies_Bouldin']	0.75
disk-5000n	['PBM_index']	0.7333333333333334
disk-5000n	['Ratkowsky_Lance']	-0.11666666666666665
disk-5000n	['Ray_Turi']	0.5833333333333334
spherical_6_2	['Banfeld_Raferty']	0.22527472527472525
spherical_6_2	['modified_hubert_t']	0.9120879120879121
spherical_6_2	['i_index']	0.5604395604395606
spherical_6_2	['McClain_Rao']	-0.5549450549450549
spherical_6_2	['IIndex']	0.9120879120879121
spherical_6_2	['Dunns_index']	0.2582417582417582
spherical_6_2	['Scott_Symons']	0.576923076923077
spherical_6_2	['SDBW']	0.9120879120879121
spherical_6_2	['s_dbw']	0.22527472527472525
spherical_6_2	['Davies_Bouldin']	0.22527472527472525
spherical_6_2	['PBM_index']	0.5604395604395606
spherical_6_2	['Ratkowsky_Lance']	-0.4010989010989011
spherical_6_2	['Ray_Turi']	0.3516483516483516
atom	['Banfeld_Raferty']	0.2582417582417582
atom	['modified_hubert_t']	-0.2087912087912088
atom	['i_index']	0.5604395604395606
atom	['McClain_Rao']	0.7307692307692307
atom	['IIndex']	-0.2087912087912088
atom	['Dunns_index']	0.005494505494505494
atom	['Scott_Symons']	0.06593406593406594
atom	['SDBW']	-0.2087912087912088
atom	['s_dbw']	0.34065934065934067
atom	['Davies_Bouldin']	0.3626373626373627
atom	['PBM_index']	0.3681318681318681
atom	['Ratkowsky_Lance']	0.4835164835164835
atom	['Ray_Turi']	0.17032967032967034
hypercube	['Banfeld_Raferty']	-0.34615384615384615
hypercube	['modified_hubert_t']	-0.33516483516483514
hypercube	['i_index']	0.9945054945054945
hypercube	['McClain_Rao']	-0.34615384615384615
hypercube	['IIndex']	-0.33516483516483514
hypercube	['Dunns_index']	-0.33516483516483514
hypercube	['Scott_Symons']	-0.34065934065934067
hypercube	['SDBW']	-0.33516483516483514
hypercube	['s_dbw']	1.0
hypercube	['Davies_Bouldin']	1.0
hypercube	['PBM_index']	0.9945054945054945
hypercube	['Ratkowsky_Lance']	-0.34615384615384615
hypercube	['Ray_Turi']	0.9945054945054945
ba0.0a	['Banfeld_Raferty']	0.6373626373626374
ba0.0a	['modified_hubert_t']	0.07142857142857142
ba0.0a	['i_index']	0.9560439560439561
ba0.0a	['McClain_Rao']	0.43956043956043955
ba0.0a	['IIndex']	0.07142857142857142
ba0.0a	['Dunns_index']	0.6868131868131868
ba0.0a	['Scott_Symons']	0.6373626373626374
ba0.0a	['SDBW']	0.07142857142857142
ba0.0a	['s_dbw']	0.07692307692307691
ba0.0a	['Davies_Bouldin']	0.8241758241758241
ba0.0a	['PBM_index']	0.9065934065934067
ba0.0a	['Ratkowsky_Lance']	0.25274725274725274
ba0.0a	['Ray_Turi']	0.9285714285714285
complex9	['Banfeld_Raferty']	0.6758241758241759
complex9	['modified_hubert_t']	-0.6978021978021978
complex9	['i_index']	0.2582417582417582
complex9	['McClain_Rao']	0.521978021978022
complex9	['IIndex']	-0.6978021978021978
complex9	['Dunns_index']	0.46153846153846156
complex9	['Scott_Symons']	0.6813186813186813
complex9	['SDBW']	-0.6978021978021978
complex9	['s_dbw']	0.7417582417582418
complex9	['Davies_Bouldin']	0.14835164835164835
complex9	['PBM_index']	0.23076923076923078
complex9	['Ratkowsky_Lance']	-0.4505494505494505
complex9	['Ray_Turi']	0.5549450549450549
dense-disk-3000	['Banfeld_Raferty']	-0.3214285714285715
dense-disk-3000	['modified_hubert_t']	0.8571428571428573
dense-disk-3000	['i_index']	-0.39285714285714296
dense-disk-3000	['McClain_Rao']	-0.3571428571428572
dense-disk-3000	['IIndex']	0.8571428571428573
dense-disk-3000	['Dunns_index']	-0.5357142857142858
dense-disk-3000	['Scott_Symons']	0.7857142857142859
dense-disk-3000	['SDBW']	0.8571428571428573
dense-disk-3000	['s_dbw']	0.5
dense-disk-3000	['Davies_Bouldin']	0.07142857142857144
dense-disk-3000	['PBM_index']	0.3571428571428572
dense-disk-3000	['Ratkowsky_Lance']	-0.25
dense-disk-3000	['Ray_Turi']	0.5714285714285715
diamond9	['Banfeld_Raferty']	-0.6428571428571429
diamond9	['modified_hubert_t']	-0.8681318681318682
diamond9	['i_index']	0.5824175824175823
diamond9	['McClain_Rao']	-0.5879120879120878
diamond9	['IIndex']	-0.8681318681318682
diamond9	['Dunns_index']	0.8626373626373626
diamond9	['Scott_Symons']	-0.5659340659340659
diamond9	['SDBW']	-0.8681318681318682
diamond9	['s_dbw']	0.6978021978021978
diamond9	['Davies_Bouldin']	0.8241758241758241
diamond9	['PBM_index']	0.5934065934065934
diamond9	['Ratkowsky_Lance']	-0.5714285714285714
diamond9	['Ray_Turi']	0.4450549450549451
sizes3	['Banfeld_Raferty']	0.9835164835164836
sizes3	['modified_hubert_t']	0.7142857142857143
sizes3	['i_index']	0.25274725274725274
sizes3	['McClain_Rao']	-0.47802197802197804
sizes3	['IIndex']	0.7142857142857143
sizes3	['Dunns_index']	0.6978021978021978
sizes3	['Scott_Symons']	0.9835164835164836
sizes3	['SDBW']	0.7142857142857143
sizes3	['s_dbw']	0.7857142857142857
sizes3	['Davies_Bouldin']	0.4725274725274725
sizes3	['PBM_index']	0.7747252747252747
sizes3	['Ratkowsky_Lance']	0.6758241758241759
sizes3	['Ray_Turi']	0.8406593406593407
curves1	['Banfeld_Raferty']	1.0
curves1	['modified_hubert_t']	1.0
curves1	['i_index']	1.0
curves1	['McClain_Rao']	1.0
curves1	['IIndex']	1.0
curves1	['Dunns_index']	1.0
curves1	['Scott_Symons']	1.0
curves1	['SDBW']	1.0
curves1	['s_dbw']	1.0
curves1	['Davies_Bouldin']	1.0
curves1	['PBM_index']	1.0
curves1	['Ratkowsky_Lance']	1.0
curves1	['Ray_Turi']	1.0
cuboids	['Banfeld_Raferty']	0.5714285714285714
cuboids	['modified_hubert_t']	0.5714285714285714
cuboids	['i_index']	1.0
cuboids	['McClain_Rao']	0.5714285714285714
cuboids	['IIndex']	0.5714285714285714
cuboids	['Dunns_index']	0.5714285714285714
cuboids	['Scott_Symons']	0.5714285714285714
cuboids	['SDBW']	0.5714285714285714
cuboids	['s_dbw']	1.0
cuboids	['Davies_Bouldin']	1.0
cuboids	['PBM_index']	1.0
cuboids	['Ratkowsky_Lance']	0.5714285714285714
cuboids	['Ray_Turi']	1.0
smile3	['Banfeld_Raferty']	0.2087912087912088
smile3	['modified_hubert_t']	0.21428571428571427
smile3	['i_index']	0.5714285714285714
smile3	['McClain_Rao']	0.2087912087912088
smile3	['IIndex']	0.21428571428571427
smile3	['Dunns_index']	1.0
smile3	['Scott_Symons']	0.2087912087912088
smile3	['SDBW']	0.21428571428571427
smile3	['s_dbw']	0.9945054945054945
smile3	['Davies_Bouldin']	0.9945054945054945
smile3	['PBM_index']	0.2087912087912088
smile3	['Ratkowsky_Lance']	0.2087912087912088
smile3	['Ray_Turi']	0.9945054945054945
2d-4c	['Banfeld_Raferty']	0.3736263736263736
2d-4c	['modified_hubert_t']	-0.5549450549450549
2d-4c	['i_index']	-0.23626373626373626
2d-4c	['McClain_Rao']	0.40659340659340654
2d-4c	['IIndex']	-0.5549450549450549
2d-4c	['Dunns_index']	-0.08241758241758242
2d-4c	['Scott_Symons']	0.39560439560439564
2d-4c	['SDBW']	-0.5549450549450549
2d-4c	['s_dbw']	0.15384615384615383
2d-4c	['Davies_Bouldin']	0.2802197802197803
2d-4c	['PBM_index']	-0.3186813186813187
2d-4c	['Ratkowsky_Lance']	0.23076923076923078
2d-4c	['Ray_Turi']	0.34065934065934067
2d-20c-no0	['Banfeld_Raferty']	0.7802197802197801
2d-20c-no0	['modified_hubert_t']	-0.8186813186813187
2d-20c-no0	['i_index']	-0.34615384615384615
2d-20c-no0	['McClain_Rao']	-0.4230769230769231
2d-20c-no0	['IIndex']	-0.8186813186813187
2d-20c-no0	['Dunns_index']	-0.2967032967032967
2d-20c-no0	['Scott_Symons']	0.8021978021978022
2d-20c-no0	['SDBW']	-0.8186813186813187
2d-20c-no0	['s_dbw']	0.43956043956043955
2d-20c-no0	['Davies_Bouldin']	0.2582417582417582
2d-20c-no0	['PBM_index']	-0.3186813186813187
2d-20c-no0	['Ratkowsky_Lance']	-0.5
2d-20c-no0	['Ray_Turi']	-0.6098901098901099
square3	['Banfeld_Raferty']	0.7142857142857144
square3	['modified_hubert_t']	-0.5
square3	['i_index']	0.14285714285714288
square3	['McClain_Rao']	-0.10714285714285716
square3	['IIndex']	-0.5
square3	['Dunns_index']	0.14285714285714288
square3	['Scott_Symons']	0.9642857142857145
square3	['SDBW']	-0.5
square3	['s_dbw']	-0.4642857142857144
square3	['Davies_Bouldin']	-0.3571428571428572
square3	['PBM_index']	-0.14285714285714288
square3	['Ratkowsky_Lance']	0.10714285714285716
square3	['Ray_Turi']	-0.3571428571428572
smile2	['Banfeld_Raferty']	0.8131868131868131
smile2	['modified_hubert_t']	-0.09890109890109891
smile2	['i_index']	-0.16483516483516483
smile2	['McClain_Rao']	0.7582417582417583
smile2	['IIndex']	-0.09890109890109891
smile2	['Dunns_index']	-0.32417582417582413
smile2	['Scott_Symons']	0.7582417582417583
smile2	['SDBW']	-0.09890109890109891
smile2	['s_dbw']	-0.42857142857142855
smile2	['Davies_Bouldin']	-0.4450549450549451
smile2	['PBM_index']	-0.19230769230769232
smile2	['Ratkowsky_Lance']	0.7252747252747254
smile2	['Ray_Turi']	-0.4450549450549451
long1	['Banfeld_Raferty']	-0.510989010989011
long1	['modified_hubert_t']	-0.07142857142857142
long1	['i_index']	0.3681318681318681
long1	['McClain_Rao']	-0.021978021978021976
long1	['IIndex']	-0.07142857142857142
long1	['Dunns_index']	-0.23626373626373626
long1	['Scott_Symons']	-0.1043956043956044
long1	['SDBW']	-0.07142857142857142
long1	['s_dbw']	0.14285714285714285
long1	['Davies_Bouldin']	0.3736263736263736
long1	['PBM_index']	0.3681318681318681
long1	['Ratkowsky_Lance']	0.35714285714285715
long1	['Ray_Turi']	0.47802197802197804
ds577	['Banfeld_Raferty']	-0.15384615384615383
ds577	['modified_hubert_t']	-0.2912087912087912
ds577	['i_index']	0.2087912087912088
ds577	['McClain_Rao']	0.1758241758241758
ds577	['IIndex']	-0.2912087912087912
ds577	['Dunns_index']	0.09890109890109891
ds577	['Scott_Symons']	-0.35714285714285715
ds577	['SDBW']	-0.2912087912087912
ds577	['s_dbw']	0.4450549450549451
ds577	['Davies_Bouldin']	0.5164835164835164
ds577	['PBM_index']	-0.09890109890109891
ds577	['Ratkowsky_Lance']	-0.19230769230769232
ds577	['Ray_Turi']	0.1758241758241758
long2	['Banfeld_Raferty']	0.45604395604395603
long2	['modified_hubert_t']	-0.6593406593406593
long2	['i_index']	0.5549450549450549
long2	['McClain_Rao']	-0.03296703296703297
long2	['IIndex']	-0.6593406593406593
long2	['Dunns_index']	-0.027472527472527472
long2	['Scott_Symons']	-0.6428571428571429
long2	['SDBW']	-0.6593406593406593
long2	['s_dbw']	0.8021978021978022
long2	['Davies_Bouldin']	0.5604395604395606
long2	['PBM_index']	0.32967032967032966
long2	['Ratkowsky_Lance']	-0.23076923076923078
long2	['Ray_Turi']	0.40659340659340654
d31	['Banfeld_Raferty']	0.7747252747252747
d31	['modified_hubert_t']	-0.7912087912087913
d31	['i_index']	0.14285714285714285
d31	['McClain_Rao']	-0.20329670329670327
d31	['IIndex']	-0.7912087912087913
d31	['Dunns_index']	0.30769230769230765
d31	['Scott_Symons']	0.7967032967032966
d31	['SDBW']	-0.7912087912087913
d31	['s_dbw']	0.20329670329670327
d31	['Davies_Bouldin']	0.48901098901098894
d31	['PBM_index']	0.3736263736263736
d31	['Ratkowsky_Lance']	-0.5604395604395606
d31	['Ray_Turi']	0.5274725274725275
engytime	['Banfeld_Raferty']	-0.6000000000000001
engytime	['modified_hubert_t']	0.7999999999999999
engytime	['i_index']	-0.39999999999999997
engytime	['McClain_Rao']	-1.0
engytime	['IIndex']	0.7999999999999999
engytime	['Dunns_index']	0.7999999999999999
engytime	['Scott_Symons']	-0.6000000000000001
engytime	['SDBW']	0.7999999999999999
engytime	['s_dbw']	0.19999999999999998
engytime	['Davies_Bouldin']	-0.39999999999999997
engytime	['PBM_index']	-0.39999999999999997
engytime	['Ratkowsky_Lance']	-0.7999999999999999
engytime	['Ray_Turi']	0.7999999999999999
2sp2glob	['Banfeld_Raferty']	-0.4505494505494505
2sp2glob	['modified_hubert_t']	0.6868131868131868
2sp2glob	['i_index']	0.23626373626373626
2sp2glob	['McClain_Rao']	-0.07142857142857142
2sp2glob	['IIndex']	0.6868131868131868
2sp2glob	['Dunns_index']	0.9505494505494506
2sp2glob	['Scott_Symons']	-0.4175824175824176
2sp2glob	['SDBW']	0.6868131868131868
2sp2glob	['s_dbw']	-0.3131868131868132
2sp2glob	['Davies_Bouldin']	0.967032967032967
2sp2glob	['PBM_index']	0.23626373626373626
2sp2glob	['Ratkowsky_Lance']	0.027472527472527472
2sp2glob	['Ray_Turi']	0.8351648351648352
shapes	['Banfeld_Raferty']	0.10989010989010989
shapes	['modified_hubert_t']	-0.8296703296703297
shapes	['i_index']	0.6538461538461539
shapes	['McClain_Rao']	-0.6208791208791209
shapes	['IIndex']	-0.8296703296703297
shapes	['Dunns_index']	-0.3626373626373627
shapes	['Scott_Symons']	-0.3681318681318681
shapes	['SDBW']	-0.8296703296703297
shapes	['s_dbw']	0.6593406593406593
shapes	['Davies_Bouldin']	0.5384615384615384
shapes	['PBM_index']	0.4835164835164835
shapes	['Ratkowsky_Lance']	-0.6538461538461539
shapes	['Ray_Turi']	-0.22527472527472525
long3	['Banfeld_Raferty']	0.24175824175824176
long3	['modified_hubert_t']	0.010989010989010988
long3	['i_index']	-0.17032967032967034
long3	['McClain_Rao']	0.3626373626373627
long3	['IIndex']	0.010989010989010988
long3	['Dunns_index']	0.0
long3	['Scott_Symons']	-0.010989010989010988
long3	['SDBW']	0.010989010989010988
long3	['s_dbw']	0.6153846153846153
long3	['Davies_Bouldin']	0.021978021978021976
long3	['PBM_index']	0.09890109890109891
long3	['Ratkowsky_Lance']	0.13186813186813187
long3	['Ray_Turi']	0.34615384615384615
dpc	['Banfeld_Raferty']	-0.03846153846153846
dpc	['modified_hubert_t']	-0.16483516483516483
dpc	['i_index']	-0.37912087912087916
dpc	['McClain_Rao']	0.010989010989010988
dpc	['IIndex']	-0.16483516483516483
dpc	['Dunns_index']	0.21428571428571427
dpc	['Scott_Symons']	0.2087912087912088
dpc	['SDBW']	-0.16483516483516483
dpc	['s_dbw']	0.5439560439560439
dpc	['Davies_Bouldin']	0.7417582417582418
dpc	['PBM_index']	-0.010989010989010988
dpc	['Ratkowsky_Lance']	-0.4175824175824176
dpc	['Ray_Turi']	0.25274725274725274
