disk-1000n	['Banfeld_Raferty']	-0.3293233082706767
disk-1000n	['modified_hubert_t']	-0.09323308270676692
disk-1000n	['i_index']	0.2120300751879699
disk-1000n	['McClain_Rao']	0.2721804511278195
disk-1000n	['IIndex']	0.2120300751879699
disk-1000n	['Dunns_index']	-0.06616541353383458
disk-1000n	['Scott_Symons']	-0.1789473684210526
disk-1000n	['SDBW']	0.12481203007518797
disk-1000n	['s_dbw']	-0.3293233082706767
disk-1000n	['Davies_Bouldin']	-0.003007518796992481
disk-1000n	['PBM_index']	0.03157894736842105
disk-1000n	['Ratkowsky_Lance']	-0.1819548872180451
disk-1000n	['Ray_Turi']	0.021052631578947364
spherical_6_2	['Banfeld_Raferty']	0.4090225563909774
spherical_6_2	['modified_hubert_t']	0.43458646616541347
spherical_6_2	['i_index']	0.08270676691729321
spherical_6_2	['McClain_Rao']	0.28872180451127816
spherical_6_2	['IIndex']	0.08270676691729321
spherical_6_2	['Dunns_index']	0.07969924812030074
spherical_6_2	['Scott_Symons']	0.22857142857142856
spherical_6_2	['SDBW']	0.06165413533834586
spherical_6_2	['s_dbw']	0.2706766917293233
spherical_6_2	['Davies_Bouldin']	0.5684210526315789
spherical_6_2	['PBM_index']	0.04210526315789473
spherical_6_2	['Ratkowsky_Lance']	-0.1533834586466165
spherical_6_2	['Ray_Turi']	-0.28721804511278193
sizes2	['Banfeld_Raferty']	0.24511278195488717
sizes2	['modified_hubert_t']	0.5203007518796992
sizes2	['i_index']	-0.021052631578947364
sizes2	['McClain_Rao']	0.393984962406015
sizes2	['IIndex']	-0.021052631578947364
sizes2	['Dunns_index']	0.03308270676691729
sizes2	['Scott_Symons']	0.12030075187969923
sizes2	['SDBW']	0.2721804511278195
sizes2	['s_dbw']	-0.11127819548872178
sizes2	['Davies_Bouldin']	0.306766917293233
sizes2	['PBM_index']	-0.2120300751879699
sizes2	['Ratkowsky_Lance']	-0.24511278195488717
sizes2	['Ray_Turi']	-0.07969924812030074
arrhythmia	['Banfeld_Raferty']	-0.09924812030075188
arrhythmia	['modified_hubert_t']	-0.21954887218045113
arrhythmia	['i_index']	0.004511278195488721
arrhythmia	['McClain_Rao']	-0.12180451127819547
arrhythmia	['IIndex']	0.004511278195488721
arrhythmia	['Dunns_index']	-0.21954887218045113
arrhythmia	['Scott_Symons']	-0.21954887218045113
arrhythmia	['SDBW']	0.22406015037593985
arrhythmia	['s_dbw']	-0.21954887218045113
arrhythmia	['Davies_Bouldin']	-0.3037593984962406
arrhythmia	['PBM_index']	0.016541353383458645
arrhythmia	['Ratkowsky_Lance']	0.0781954887218045
arrhythmia	['Ray_Turi']	-0.2992481203007519
cluto-t4-8k	['Banfeld_Raferty']	0.3203007518796992
cluto-t4-8k	['modified_hubert_t']	0.431578947368421
cluto-t4-8k	['i_index']	-0.33533834586466166
cluto-t4-8k	['McClain_Rao']	0.16992481203007515
cluto-t4-8k	['IIndex']	-0.33533834586466166
cluto-t4-8k	['Dunns_index']	0.15789473684210525
cluto-t4-8k	['Scott_Symons']	0.393984962406015
cluto-t4-8k	['SDBW']	-0.024060150375939848
cluto-t4-8k	['s_dbw']	0.24060150375939846
cluto-t4-8k	['Davies_Bouldin']	-0.41804511278195483
cluto-t4-8k	['PBM_index']	-0.4015037593984962
cluto-t4-8k	['Ratkowsky_Lance']	-0.19999999999999998
cluto-t4-8k	['Ray_Turi']	-0.04962406015037594
zelnik4	['Banfeld_Raferty']	0.1639097744360902
zelnik4	['modified_hubert_t']	0.41804511278195483
zelnik4	['i_index']	0.1263157894736842
zelnik4	['McClain_Rao']	0.34285714285714286
zelnik4	['IIndex']	0.1263157894736842
zelnik4	['Dunns_index']	0.23458646616541348
zelnik4	['Scott_Symons']	0.4030075187969925
zelnik4	['SDBW']	-0.10676691729323308
zelnik4	['s_dbw']	0.5578947368421052
zelnik4	['Davies_Bouldin']	0.3789473684210526
zelnik4	['PBM_index']	0.009022556390977442
zelnik4	['Ratkowsky_Lance']	-0.07368421052631578
zelnik4	['Ray_Turi']	-0.3533834586466165
spherical_4_3	['Banfeld_Raferty']	-0.2781954887218045
spherical_4_3	['modified_hubert_t']	0.2526315789473684
spherical_4_3	['i_index']	-0.3203007518796992
spherical_4_3	['McClain_Rao']	0.15488721804511277
spherical_4_3	['IIndex']	-0.3203007518796992
spherical_4_3	['Dunns_index']	0.010526315789473682
spherical_4_3	['Scott_Symons']	-0.010526315789473682
spherical_4_3	['SDBW']	0.2646616541353383
spherical_4_3	['s_dbw']	0.23157894736842105
spherical_4_3	['Davies_Bouldin']	0.3609022556390977
spherical_4_3	['PBM_index']	-0.45714285714285713
spherical_4_3	['Ratkowsky_Lance']	0.20300751879699244
spherical_4_3	['Ray_Turi']	-0.08270676691729321
2dnormals	['Banfeld_Raferty']	0.5112781954887218
2dnormals	['modified_hubert_t']	0.6105263157894737
2dnormals	['i_index']	-0.2857142857142857
2dnormals	['McClain_Rao']	0.6466165413533834
2dnormals	['IIndex']	-0.2857142857142857
2dnormals	['Dunns_index']	0.016541353383458645
2dnormals	['Scott_Symons']	0.24060150375939846
2dnormals	['SDBW']	-0.2556390977443609
2dnormals	['s_dbw']	0.06917293233082707
2dnormals	['Davies_Bouldin']	0.631578947368421
2dnormals	['PBM_index']	-0.41052631578947363
2dnormals	['Ratkowsky_Lance']	-0.39097744360902253
2dnormals	['Ray_Turi']	-0.17293233082706763
impossible	['Banfeld_Raferty']	0.5428571428571428
impossible	['modified_hubert_t']	0.33533834586466166
impossible	['i_index']	0.2796992481203007
impossible	['McClain_Rao']	-0.20902255639097742
impossible	['IIndex']	0.2796992481203007
impossible	['Dunns_index']	0.07669172932330826
impossible	['Scott_Symons']	0.38195488721804516
impossible	['SDBW']	-0.17593984962406017
impossible	['s_dbw']	0.20902255639097742
impossible	['Davies_Bouldin']	-0.19097744360902258
impossible	['PBM_index']	-0.31879699248120297
impossible	['Ratkowsky_Lance']	-0.12180451127819547
impossible	['Ray_Turi']	0.12030075187969923
curves2	['Banfeld_Raferty']	0.17293233082706763
curves2	['modified_hubert_t']	0.30075187969924805
curves2	['i_index']	0.3157894736842105
curves2	['McClain_Rao']	0.17293233082706763
curves2	['IIndex']	0.3157894736842105
curves2	['Dunns_index']	0.30526315789473685
curves2	['Scott_Symons']	0.022556390977443608
curves2	['SDBW']	-0.312781954887218
curves2	['s_dbw']	0.3203007518796992
curves2	['Davies_Bouldin']	0.18646616541353384
curves2	['PBM_index']	-0.11578947368421053
curves2	['Ratkowsky_Lance']	0.12781954887218044
curves2	['Ray_Turi']	0.47218045112781953
haberman	['Banfeld_Raferty']	0.19548872180451127
haberman	['modified_hubert_t']	0.06766917293233082
haberman	['i_index']	-0.06616541353383458
haberman	['McClain_Rao']	0.16541353383458643
haberman	['IIndex']	-0.06616541353383458
haberman	['Dunns_index']	0.06766917293233082
haberman	['Scott_Symons']	0.1639097744360902
haberman	['SDBW']	0.007518796992481202
haberman	['s_dbw']	0.42255639097744363
haberman	['Davies_Bouldin']	-0.08721804511278194
haberman	['PBM_index']	-0.47518796992481205
haberman	['Ratkowsky_Lance']	-0.30075187969924805
haberman	['Ray_Turi']	-0.09924812030075188
iris	['Banfeld_Raferty']	0.0015037593984962405
iris	['modified_hubert_t']	0.4270676691729323
iris	['i_index']	-0.20601503759398496
iris	['McClain_Rao']	0.16691729323308271
iris	['IIndex']	-0.20601503759398496
iris	['Dunns_index']	0.4270676691729323
iris	['Scott_Symons']	0.4270676691729323
iris	['SDBW']	0.3037593984962406
iris	['s_dbw']	0.5593984962406015
iris	['Davies_Bouldin']	-0.03909774436090225
iris	['PBM_index']	-0.30977443609022554
iris	['Ratkowsky_Lance']	-0.1819548872180451
iris	['Ray_Turi']	-0.003007518796992481
ba0.0a	['Banfeld_Raferty']	-0.15789473684210525
ba0.0a	['modified_hubert_t']	0.2706766917293233
ba0.0a	['i_index']	-0.22255639097744356
ba0.0a	['McClain_Rao']	-0.007518796992481202
ba0.0a	['IIndex']	-0.22255639097744356
ba0.0a	['Dunns_index']	-0.2270676691729323
ba0.0a	['Scott_Symons']	-0.15789473684210525
ba0.0a	['SDBW']	-0.19548872180451127
ba0.0a	['s_dbw']	-0.17293233082706763
ba0.0a	['Davies_Bouldin']	-0.4541353383458646
ba0.0a	['PBM_index']	-0.20300751879699244
ba0.0a	['Ratkowsky_Lance']	0.007518796992481202
ba0.0a	['Ray_Turi']	0.04962406015037594
spherical_5_2	['Banfeld_Raferty']	0.1533834586466165
spherical_5_2	['modified_hubert_t']	0.35488721804511275
spherical_5_2	['i_index']	-0.512781954887218
spherical_5_2	['McClain_Rao']	0.10827067669172932
spherical_5_2	['IIndex']	-0.512781954887218
spherical_5_2	['Dunns_index']	0.18496240601503755
spherical_5_2	['Scott_Symons']	0.4526315789473684
spherical_5_2	['SDBW']	-0.12781954887218044
spherical_5_2	['s_dbw']	-0.30225563909774433
spherical_5_2	['Davies_Bouldin']	0.3744360902255639
spherical_5_2	['PBM_index']	-0.2601503759398496
spherical_5_2	['Ratkowsky_Lance']	0.08721804511278194
spherical_5_2	['Ray_Turi']	-0.3759398496240601
R15	['Banfeld_Raferty']	-0.0015037593984962405
R15	['modified_hubert_t']	0.22255639097744356
R15	['i_index']	0.13984962406015036
R15	['McClain_Rao']	0.20601503759398496
R15	['IIndex']	0.22105263157894736
R15	['Dunns_index']	0.04661654135338346
R15	['Scott_Symons']	0.306766917293233
R15	['SDBW']	0.08571428571428572
R15	['s_dbw']	-0.02706766917293233
R15	['Davies_Bouldin']	0.38646616541353385
R15	['PBM_index']	0.4827067669172932
R15	['Ratkowsky_Lance']	-0.2541353383458646
R15	['Ray_Turi']	0.31879699248120297
smile1	['Banfeld_Raferty']	-0.28120300751879695
smile1	['modified_hubert_t']	0.15939849624060148
smile1	['i_index']	-0.14736842105263157
smile1	['McClain_Rao']	-0.060150375939849614
smile1	['IIndex']	-0.14736842105263157
smile1	['Dunns_index']	-0.2270676691729323
smile1	['Scott_Symons']	-0.06766917293233082
smile1	['SDBW']	0.17142857142857143
smile1	['s_dbw']	-0.04060150375939849
smile1	['Davies_Bouldin']	-0.25112781954887214
smile1	['PBM_index']	-0.3142857142857143
smile1	['Ratkowsky_Lance']	-0.07969924812030074
smile1	['Ray_Turi']	-0.07218045112781954
donut1	['Banfeld_Raferty']	0.14586466165413534
donut1	['modified_hubert_t']	0.4661654135338345
donut1	['i_index']	-0.17293233082706763
donut1	['McClain_Rao']	-0.09172932330827067
donut1	['IIndex']	-0.05714285714285714
donut1	['Dunns_index']	-0.2902255639097744
donut1	['Scott_Symons']	0.26165413533834586
donut1	['SDBW']	-0.16691729323308271
donut1	['s_dbw']	0.5172932330827067
donut1	['Davies_Bouldin']	0.38195488721804516
donut1	['PBM_index']	-0.2857142857142857
donut1	['Ratkowsky_Lance']	-0.17593984962406017
donut1	['Ray_Turi']	0.5157894736842105
zelnik5	['Banfeld_Raferty']	0.05263157894736842
zelnik5	['modified_hubert_t']	0.40751879699248117
zelnik5	['i_index']	0.26165413533834586
zelnik5	['McClain_Rao']	-0.05263157894736842
zelnik5	['IIndex']	0.08120300751879699
zelnik5	['Dunns_index']	-0.45714285714285713
zelnik5	['Scott_Symons']	-0.09774436090225563
zelnik5	['SDBW']	-0.10225563909774435
zelnik5	['s_dbw']	0.23458646616541348
zelnik5	['Davies_Bouldin']	0.3714285714285714
zelnik5	['PBM_index']	-0.007518796992481202
zelnik5	['Ratkowsky_Lance']	-0.06766917293233082
zelnik5	['Ray_Turi']	-0.14285714285714285
dartboard1	['Banfeld_Raferty']	-0.5518796992481202
dartboard1	['modified_hubert_t']	-0.3037593984962406
dartboard1	['i_index']	-0.05864661654135337
dartboard1	['McClain_Rao']	-0.11578947368421053
dartboard1	['IIndex']	-0.05864661654135337
dartboard1	['Dunns_index']	-0.03609022556390977
dartboard1	['Scott_Symons']	-0.1609022556390977
dartboard1	['SDBW']	-0.10977443609022557
dartboard1	['s_dbw']	0.25112781954887214
dartboard1	['Davies_Bouldin']	-0.2045112781954887
dartboard1	['PBM_index']	0.009022556390977442
dartboard1	['Ratkowsky_Lance']	0.35639097744360904
dartboard1	['Ray_Turi']	0.12330827067669171
elliptical_10_2	['Banfeld_Raferty']	0.26766917293233083
elliptical_10_2	['modified_hubert_t']	0.47518796992481205
elliptical_10_2	['i_index']	-0.43909774436090226
elliptical_10_2	['McClain_Rao']	0.11729323308270674
elliptical_10_2	['IIndex']	-0.43909774436090226
elliptical_10_2	['Dunns_index']	0.28872180451127816
elliptical_10_2	['Scott_Symons']	0.4030075187969925
elliptical_10_2	['SDBW']	-0.019548872180451125
elliptical_10_2	['s_dbw']	0.33233082706766914
elliptical_10_2	['Davies_Bouldin']	-0.015037593984962403
elliptical_10_2	['PBM_index']	-0.437593984962406
elliptical_10_2	['Ratkowsky_Lance']	-0.4481203007518797
elliptical_10_2	['Ray_Turi']	-0.11127819548872178
donut2	['Banfeld_Raferty']	0.5112781954887218
donut2	['modified_hubert_t']	0.3533834586466165
donut2	['i_index']	-0.009022556390977442
donut2	['McClain_Rao']	0.34586466165413526
donut2	['IIndex']	-0.009022556390977442
donut2	['Dunns_index']	0.048120300751879695
donut2	['Scott_Symons']	-0.08270676691729321
donut2	['SDBW']	-0.024060150375939848
donut2	['s_dbw']	0.2781954887218045
donut2	['Davies_Bouldin']	0.43909774436090226
donut2	['PBM_index']	-0.009022556390977442
donut2	['Ratkowsky_Lance']	-0.33082706766917286
donut2	['Ray_Turi']	0.11578947368421053
complex9	['Banfeld_Raferty']	0.3578947368421052
complex9	['modified_hubert_t']	0.27669172932330827
complex9	['i_index']	0.0
complex9	['McClain_Rao']	0.37293233082706767
complex9	['IIndex']	0.0
complex9	['Dunns_index']	0.18796992481203004
complex9	['Scott_Symons']	-0.04962406015037594
complex9	['SDBW']	-0.4451127819548871
complex9	['s_dbw']	0.1744360902255639
complex9	['Davies_Bouldin']	-0.07969924812030074
complex9	['PBM_index']	-0.09924812030075188
complex9	['Ratkowsky_Lance']	-0.23759398496240602
complex9	['Ray_Turi']	0.45563909774436084
chainlink	['Banfeld_Raferty']	-0.1609022556390977
chainlink	['modified_hubert_t']	0.2646616541353383
chainlink	['i_index']	-0.03909774436090225
chainlink	['McClain_Rao']	-0.31127819548872177
chainlink	['IIndex']	-0.2045112781954887
chainlink	['Dunns_index']	-0.18646616541353384
chainlink	['Scott_Symons']	-0.02706766917293233
chainlink	['SDBW']	0.14436090225563908
chainlink	['s_dbw']	0.13533834586466165
chainlink	['Davies_Bouldin']	-0.02857142857142857
chainlink	['PBM_index']	-0.06165413533834586
chainlink	['Ratkowsky_Lance']	-0.13984962406015036
chainlink	['Ray_Turi']	0.09172932330827067
balance-scale	['Banfeld_Raferty']	0.1894736842105263
balance-scale	['modified_hubert_t']	-0.10827067669172932
balance-scale	['i_index']	-0.18045112781954886
balance-scale	['McClain_Rao']	-0.23157894736842105
balance-scale	['IIndex']	-0.18045112781954886
balance-scale	['Dunns_index']	-0.3639097744360902
balance-scale	['Scott_Symons']	-0.10977443609022557
balance-scale	['SDBW']	-0.34736842105263155
balance-scale	['s_dbw']	-0.05413533834586466
balance-scale	['Davies_Bouldin']	0.37744360902255636
balance-scale	['PBM_index']	0.1744360902255639
balance-scale	['Ratkowsky_Lance']	-0.08421052631578946
balance-scale	['Ray_Turi']	0.3969924812030075
diamond9	['Banfeld_Raferty']	-0.05413533834586466
diamond9	['modified_hubert_t']	0.2120300751879699
diamond9	['i_index']	-0.051127819548872175
diamond9	['McClain_Rao']	0.29172932330827067
diamond9	['IIndex']	-0.051127819548872175
diamond9	['Dunns_index']	0.11278195488721804
diamond9	['Scott_Symons']	0.03458646616541353
diamond9	['SDBW']	-0.47368421052631576
diamond9	['s_dbw']	0.5037593984962406
diamond9	['Davies_Bouldin']	-0.04962406015037594
diamond9	['PBM_index']	-0.16992481203007515
diamond9	['Ratkowsky_Lance']	0.024060150375939848
diamond9	['Ray_Turi']	0.03909774436090225
zelnik2	['Banfeld_Raferty']	-0.08421052631578946
zelnik2	['modified_hubert_t']	-0.4917293233082706
zelnik2	['i_index']	0.5007518796992482
zelnik2	['McClain_Rao']	-0.1413533834586466
zelnik2	['IIndex']	0.5007518796992482
zelnik2	['Dunns_index']	-0.38796992481203
zelnik2	['Scott_Symons']	-0.2120300751879699
zelnik2	['SDBW']	-0.04962406015037594
zelnik2	['s_dbw']	-0.4195488721804511
zelnik2	['Davies_Bouldin']	0.03909774436090225
zelnik2	['PBM_index']	0.40451127819548865
zelnik2	['Ratkowsky_Lance']	0.1744360902255639
zelnik2	['Ray_Turi']	0.6406015037593984
tae	['Banfeld_Raferty']	-0.30225563909774433
tae	['modified_hubert_t']	-0.37293233082706767
tae	['i_index']	0.21353383458646616
tae	['McClain_Rao']	-0.1819548872180451
tae	['IIndex']	0.21353383458646616
tae	['Dunns_index']	-0.37293233082706767
tae	['Scott_Symons']	-0.6661654135338345
tae	['SDBW']	-0.22857142857142856
tae	['s_dbw']	-0.24360902255639094
tae	['Davies_Bouldin']	-0.09924812030075188
tae	['PBM_index']	0.13082706766917293
tae	['Ratkowsky_Lance']	0.2300751879699248
tae	['Ray_Turi']	0.10075187969924812
ds850	['Banfeld_Raferty']	0.08120300751879699
ds850	['modified_hubert_t']	0.4781954887218045
ds850	['i_index']	-0.4300751879699248
ds850	['McClain_Rao']	0.5323308270676691
ds850	['IIndex']	-0.4300751879699248
ds850	['Dunns_index']	-0.045112781954887216
ds850	['Scott_Symons']	0.09473684210526315
ds850	['SDBW']	0.012030075187969924
ds850	['s_dbw']	0.47518796992481205
ds850	['Davies_Bouldin']	0.16842105263157892
ds850	['PBM_index']	-0.3383458646616541
ds850	['Ratkowsky_Lance']	-0.38195488721804516
ds850	['Ray_Turi']	-0.2781954887218045
zoo	['Banfeld_Raferty']	-0.019548872180451125
zoo	['modified_hubert_t']	0.12180451127819547
zoo	['i_index']	-0.045112781954887216
zoo	['McClain_Rao']	0.11278195488721804
zoo	['IIndex']	-0.045112781954887216
zoo	['Dunns_index']	0.12180451127819547
zoo	['Scott_Symons']	0.12180451127819547
zoo	['SDBW']	0.12180451127819547
zoo	['s_dbw']	0.12180451127819547
zoo	['Davies_Bouldin']	-0.4240601503759398
zoo	['PBM_index']	-0.16992481203007515
zoo	['Ratkowsky_Lance']	-0.19999999999999998
zoo	['Ray_Turi']	-0.28872180451127816
pathbased	['Banfeld_Raferty']	-0.33533834586466166
pathbased	['modified_hubert_t']	0.2421052631578947
pathbased	['i_index']	-0.17593984962406017
pathbased	['McClain_Rao']	0.4917293233082706
pathbased	['IIndex']	-0.17593984962406017
pathbased	['Dunns_index']	-0.37744360902255636
pathbased	['Scott_Symons']	-0.037593984962406006
pathbased	['SDBW']	-0.10526315789473684
pathbased	['s_dbw']	-0.010526315789473682
pathbased	['Davies_Bouldin']	-0.022556390977443608
pathbased	['PBM_index']	-0.21954887218045113
pathbased	['Ratkowsky_Lance']	0.10977443609022557
pathbased	['Ray_Turi']	-0.1609022556390977
aml28	['Banfeld_Raferty']	0.03458646616541353
aml28	['modified_hubert_t']	0.24360902255639094
aml28	['i_index']	-0.018045112781954885
aml28	['McClain_Rao']	-0.08872180451127819
aml28	['IIndex']	-0.018045112781954885
aml28	['Dunns_index']	0.24360902255639094
aml28	['Scott_Symons']	0.009022556390977442
aml28	['SDBW']	0.05714285714285714
aml28	['s_dbw']	-0.2646616541353383
aml28	['Davies_Bouldin']	0.3383458646616541
aml28	['PBM_index']	-0.14285714285714285
aml28	['Ratkowsky_Lance']	-0.35037593984962395
aml28	['Ray_Turi']	0.3654135338345864
fourty	['Banfeld_Raferty']	0.5022556390977443
fourty	['modified_hubert_t']	-0.015037593984962403
fourty	['i_index']	-0.12180451127819547
fourty	['McClain_Rao']	-0.11428571428571428
fourty	['IIndex']	-0.12180451127819547
fourty	['Dunns_index']	0.20150375939849624
fourty	['Scott_Symons']	0.1413533834586466
fourty	['SDBW']	-0.2045112781954887
fourty	['s_dbw']	0.06616541353383458
fourty	['Davies_Bouldin']	0.1894736842105263
fourty	['PBM_index']	-0.15939849624060148
fourty	['Ratkowsky_Lance']	0.03909774436090225
fourty	['Ray_Turi']	-0.19849624060150375
spiralsquare	['Banfeld_Raferty']	0.024060150375939848
spiralsquare	['modified_hubert_t']	0.49022556390977434
spiralsquare	['i_index']	0.3233082706766917
spiralsquare	['McClain_Rao']	-0.11428571428571428
spiralsquare	['IIndex']	0.3233082706766917
spiralsquare	['Dunns_index']	0.04661654135338346
spiralsquare	['Scott_Symons']	0.3789473684210526
spiralsquare	['SDBW']	-0.11428571428571428
spiralsquare	['s_dbw']	0.006015037593984962
spiralsquare	['Davies_Bouldin']	0.14285714285714285
spiralsquare	['PBM_index']	-0.13834586466165413
spiralsquare	['Ratkowsky_Lance']	-0.2796992481203007
spiralsquare	['Ray_Turi']	0.004511278195488721
compound	['Banfeld_Raferty']	0.32631578947368417
compound	['modified_hubert_t']	0.5233082706766917
compound	['i_index']	-0.2857142857142857
compound	['McClain_Rao']	0.2601503759398496
compound	['IIndex']	-0.2857142857142857
compound	['Dunns_index']	0.05864661654135337
compound	['Scott_Symons']	0.3293233082706767
compound	['SDBW']	-0.25112781954887214
compound	['s_dbw']	-0.09774436090225563
compound	['Davies_Bouldin']	-0.23759398496240602
compound	['PBM_index']	-0.49022556390977434
compound	['Ratkowsky_Lance']	-0.4917293233082706
compound	['Ray_Turi']	-0.0781954887218045
2sp2glob	['Banfeld_Raferty']	0.05263157894736842
2sp2glob	['modified_hubert_t']	0.3759398496240601
2sp2glob	['i_index']	-0.4496240601503759
2sp2glob	['McClain_Rao']	0.3533834586466165
2sp2glob	['IIndex']	-0.4496240601503759
2sp2glob	['Dunns_index']	-0.09323308270676692
2sp2glob	['Scott_Symons']	0.016541353383458645
2sp2glob	['SDBW']	-0.016541353383458645
2sp2glob	['s_dbw']	0.22406015037593985
2sp2glob	['Davies_Bouldin']	0.31127819548872177
2sp2glob	['PBM_index']	-0.5368421052631579
2sp2glob	['Ratkowsky_Lance']	-0.5037593984962406
2sp2glob	['Ray_Turi']	0.05413533834586466
lsun	['Banfeld_Raferty']	0.12481203007518797
lsun	['modified_hubert_t']	0.38496240601503756
lsun	['i_index']	-0.10225563909774435
lsun	['McClain_Rao']	0.3954887218045112
lsun	['IIndex']	-0.10225563909774435
lsun	['Dunns_index']	0.010526315789473682
lsun	['Scott_Symons']	0.4992481203007519
lsun	['SDBW']	-0.45112781954887216
lsun	['s_dbw']	0.33082706766917286
lsun	['Davies_Bouldin']	-0.05714285714285714
lsun	['PBM_index']	-0.5609022556390978
lsun	['Ratkowsky_Lance']	-0.33533834586466166
lsun	['Ray_Turi']	-0.015037593984962403
thy	['Banfeld_Raferty']	-0.02857142857142857
thy	['modified_hubert_t']	0.11428571428571428
thy	['i_index']	0.013533834586466165
thy	['McClain_Rao']	-0.37744360902255636
thy	['IIndex']	0.013533834586466165
thy	['Dunns_index']	0.11428571428571428
thy	['Scott_Symons']	-0.09774436090225563
thy	['SDBW']	-0.20902255639097742
thy	['s_dbw']	0.14736842105263157
thy	['Davies_Bouldin']	0.44360902255639095
thy	['PBM_index']	0.05563909774436089
thy	['Ratkowsky_Lance']	-0.14285714285714285
thy	['Ray_Turi']	0.007518796992481202
hypercube	['Banfeld_Raferty']	0.524812030075188
hypercube	['modified_hubert_t']	0.34285714285714286
hypercube	['i_index']	-0.04962406015037594
hypercube	['McClain_Rao']	0.4030075187969925
hypercube	['IIndex']	-0.04962406015037594
hypercube	['Dunns_index']	0.08872180451127819
hypercube	['Scott_Symons']	0.6436090225563909
hypercube	['SDBW']	-0.08571428571428572
hypercube	['s_dbw']	0.21654135338345865
hypercube	['Davies_Bouldin']	0.38646616541353385
hypercube	['PBM_index']	-0.17593984962406017
hypercube	['Ratkowsky_Lance']	-0.20902255639097742
hypercube	['Ray_Turi']	-0.12330827067669171
pmf	['Banfeld_Raferty']	-0.0015037593984962405
pmf	['modified_hubert_t']	0.22857142857142856
pmf	['i_index']	-0.28421052631578947
pmf	['McClain_Rao']	-0.022556390977443608
pmf	['IIndex']	-0.28421052631578947
pmf	['Dunns_index']	0.22857142857142856
pmf	['Scott_Symons']	0.23759398496240602
pmf	['SDBW']	0.03609022556390977
pmf	['s_dbw']	0.38345864661654133
pmf	['Davies_Bouldin']	0.33533834586466166
pmf	['PBM_index']	-0.4466165413533834
pmf	['Ratkowsky_Lance']	-0.2857142857142857
pmf	['Ray_Turi']	-0.012030075187969924
flame	['Banfeld_Raferty']	0.24812030075187969
flame	['modified_hubert_t']	0.2721804511278195
flame	['i_index']	-0.2706766917293233
flame	['McClain_Rao']	0.06766917293233082
flame	['IIndex']	-0.2706766917293233
flame	['Dunns_index']	0.14586466165413534
flame	['Scott_Symons']	0.3699248120300751
flame	['SDBW']	-0.4120300751879699
flame	['s_dbw']	0.49022556390977434
flame	['Davies_Bouldin']	0.362406015037594
flame	['PBM_index']	0.0
flame	['Ratkowsky_Lance']	-0.09774436090225563
flame	['Ray_Turi']	-0.003007518796992481
2d-10c	['Banfeld_Raferty']	0.05563909774436089
2d-10c	['modified_hubert_t']	0.38195488721804516
2d-10c	['i_index']	-0.13984962406015036
2d-10c	['McClain_Rao']	0.3654135338345864
2d-10c	['IIndex']	-0.27518796992481204
2d-10c	['Dunns_index']	-0.44360902255639095
2d-10c	['Scott_Symons']	-0.23308270676691725
2d-10c	['SDBW']	-0.33082706766917286
2d-10c	['s_dbw']	-0.2421052631578947
2d-10c	['Davies_Bouldin']	0.012030075187969924
2d-10c	['PBM_index']	-0.13383458646616542
2d-10c	['Ratkowsky_Lance']	-0.5684210526315789
2d-10c	['Ray_Turi']	-0.11278195488721804
long2	['Banfeld_Raferty']	0.26165413533834586
long2	['modified_hubert_t']	0.4857142857142857
long2	['i_index']	-0.09172932330827067
long2	['McClain_Rao']	0.08120300751879699
long2	['IIndex']	-0.20902255639097742
long2	['Dunns_index']	-0.11428571428571428
long2	['Scott_Symons']	-0.024060150375939848
long2	['SDBW']	0.19999999999999998
long2	['s_dbw']	0.6345864661654135
long2	['Davies_Bouldin']	-0.07969924812030074
long2	['PBM_index']	0.07368421052631578
long2	['Ratkowsky_Lance']	-0.45714285714285713
long2	['Ray_Turi']	-0.24812030075187969
tetra	['Banfeld_Raferty']	-0.08270676691729321
tetra	['modified_hubert_t']	0.4661654135338345
tetra	['i_index']	-0.19849624060150375
tetra	['McClain_Rao']	0.06766917293233082
tetra	['IIndex']	-0.19849624060150375
tetra	['Dunns_index']	0.11278195488721804
tetra	['Scott_Symons']	-0.06917293233082707
tetra	['SDBW']	-0.060150375939849614
tetra	['s_dbw']	0.15488721804511277
tetra	['Davies_Bouldin']	-0.1413533834586466
tetra	['PBM_index']	-0.31879699248120297
tetra	['Ratkowsky_Lance']	-0.3684210526315789
tetra	['Ray_Turi']	0.20902255639097742
smile3	['Banfeld_Raferty']	0.3924812030075188
smile3	['modified_hubert_t']	0.19849624060150375
smile3	['i_index']	-0.04060150375939849
smile3	['McClain_Rao']	0.2421052631578947
smile3	['IIndex']	-0.04060150375939849
smile3	['Dunns_index']	-0.2827067669172932
smile3	['Scott_Symons']	0.024060150375939848
smile3	['SDBW']	0.045112781954887216
smile3	['s_dbw']	0.3924812030075188
smile3	['Davies_Bouldin']	0.31729323308270674
smile3	['PBM_index']	-0.006015037593984962
smile3	['Ratkowsky_Lance']	-0.10676691729323308
smile3	['Ray_Turi']	-0.32481203007518794
circle	['Banfeld_Raferty']	0.09323308270676692
circle	['modified_hubert_t']	0.22556390977443608
circle	['i_index']	-0.019548872180451125
circle	['McClain_Rao']	-0.16240601503759397
circle	['IIndex']	-0.019548872180451125
circle	['Dunns_index']	-0.33533834586466166
circle	['Scott_Symons']	0.3157894736842105
circle	['SDBW']	-0.13082706766917293
circle	['s_dbw']	0.10977443609022557
circle	['Davies_Bouldin']	0.05864661654135337
circle	['PBM_index']	-0.09022556390977443
circle	['Ratkowsky_Lance']	-0.3037593984962406
circle	['Ray_Turi']	0.35639097744360904
curves1	['Banfeld_Raferty']	0.849624060150376
curves1	['modified_hubert_t']	0.4812030075187969
curves1	['i_index']	0.44060150375939844
curves1	['McClain_Rao']	0.849624060150376
curves1	['IIndex']	0.44060150375939844
curves1	['Dunns_index']	0.3984962406015037
curves1	['Scott_Symons']	0.24812030075187969
curves1	['SDBW']	-0.4646616541353384
curves1	['s_dbw']	0.40751879699248117
curves1	['Davies_Bouldin']	0.24812030075187969
curves1	['PBM_index']	0.44060150375939844
curves1	['Ratkowsky_Lance']	-0.5488721804511278
curves1	['Ray_Turi']	0.016541353383458645
jain	['Banfeld_Raferty']	0.1533834586466165
jain	['modified_hubert_t']	0.18646616541353384
jain	['i_index']	-0.11879699248120301
jain	['McClain_Rao']	-0.04210526315789473
jain	['IIndex']	-0.11879699248120301
jain	['Dunns_index']	-0.12481203007518797
jain	['Scott_Symons']	-0.08721804511278194
jain	['SDBW']	-0.18045112781954886
jain	['s_dbw']	0.07969924812030074
jain	['Davies_Bouldin']	-0.0631578947368421
jain	['PBM_index']	-0.21804511278195485
jain	['Ratkowsky_Lance']	0.19248120300751878
jain	['Ray_Turi']	-0.393984962406015
ds4c2sc8	['Banfeld_Raferty']	0.1413533834586466
ds4c2sc8	['modified_hubert_t']	0.1263157894736842
ds4c2sc8	['i_index']	-0.23909774436090225
ds4c2sc8	['McClain_Rao']	0.156390977443609
ds4c2sc8	['IIndex']	-0.23909774436090225
ds4c2sc8	['Dunns_index']	0.24962406015037594
ds4c2sc8	['Scott_Symons']	0.25864661654135335
ds4c2sc8	['SDBW']	0.10375939849624059
ds4c2sc8	['s_dbw']	-0.17744360902255638
ds4c2sc8	['Davies_Bouldin']	0.18646616541353384
ds4c2sc8	['PBM_index']	-0.23609022556390977
ds4c2sc8	['Ratkowsky_Lance']	-0.17142857142857143
ds4c2sc8	['Ray_Turi']	0.25112781954887214
dartboard2	['Banfeld_Raferty']	-0.1533834586466165
dartboard2	['modified_hubert_t']	0.06616541353383458
dartboard2	['i_index']	-0.28120300751879695
dartboard2	['McClain_Rao']	-0.0706766917293233
dartboard2	['IIndex']	-0.28120300751879695
dartboard2	['Dunns_index']	-0.1413533834586466
dartboard2	['Scott_Symons']	-0.3699248120300751
dartboard2	['SDBW']	0.11428571428571428
dartboard2	['s_dbw']	0.11127819548872178
dartboard2	['Davies_Bouldin']	0.045112781954887216
dartboard2	['PBM_index']	0.24360902255639094
dartboard2	['Ratkowsky_Lance']	-0.17593984962406017
dartboard2	['Ray_Turi']	0.14887218045112782
wingnut	['Banfeld_Raferty']	0.4781954887218045
wingnut	['modified_hubert_t']	0.29473684210526313
wingnut	['i_index']	-0.20751879699248119
wingnut	['McClain_Rao']	0.2526315789473684
wingnut	['IIndex']	-0.20751879699248119
wingnut	['Dunns_index']	0.018045112781954885
wingnut	['Scott_Symons']	0.37293233082706767
wingnut	['SDBW']	-0.3293233082706767
wingnut	['s_dbw']	0.15488721804511277
wingnut	['Davies_Bouldin']	0.018045112781954885
wingnut	['PBM_index']	-0.1744360902255639
wingnut	['Ratkowsky_Lance']	-0.34285714285714286
wingnut	['Ray_Turi']	-0.4872180451127819
atom	['Banfeld_Raferty']	0.06766917293233082
atom	['modified_hubert_t']	0.13984962406015036
atom	['i_index']	-0.0015037593984962405
atom	['McClain_Rao']	0.05864661654135337
atom	['IIndex']	-0.0015037593984962405
atom	['Dunns_index']	-0.28872180451127816
atom	['Scott_Symons']	0.037593984962406006
atom	['SDBW']	0.003007518796992481
atom	['s_dbw']	0.022556390977443608
atom	['Davies_Bouldin']	0.3609022556390977
atom	['PBM_index']	-0.23308270676691725
atom	['Ratkowsky_Lance']	-0.27518796992481204
atom	['Ray_Turi']	0.16842105263157892
disk-4000n	['Banfeld_Raferty']	-0.19097744360902258
disk-4000n	['modified_hubert_t']	0.23308270676691725
disk-4000n	['i_index']	-0.21804511278195485
disk-4000n	['McClain_Rao']	0.13984962406015036
disk-4000n	['IIndex']	-0.21804511278195485
disk-4000n	['Dunns_index']	0.18045112781954886
disk-4000n	['Scott_Symons']	0.2300751879699248
disk-4000n	['SDBW']	-0.16842105263157892
disk-4000n	['s_dbw']	-0.08270676691729321
disk-4000n	['Davies_Bouldin']	0.09774436090225563
disk-4000n	['PBM_index']	-0.26616541353383455
disk-4000n	['Ratkowsky_Lance']	-0.10977443609022557
disk-4000n	['Ray_Turi']	0.4120300751879699
zelnik3	['Banfeld_Raferty']	0.34285714285714286
zelnik3	['modified_hubert_t']	0.49323308270676686
zelnik3	['i_index']	-0.26315789473684204
zelnik3	['McClain_Rao']	-0.004511278195488721
zelnik3	['IIndex']	-0.4631578947368421
zelnik3	['Dunns_index']	0.1639097744360902
zelnik3	['Scott_Symons']	0.21804511278195485
zelnik3	['SDBW']	-0.05714285714285714
zelnik3	['s_dbw']	0.12030075187969923
zelnik3	['Davies_Bouldin']	0.2150375939849624
zelnik3	['PBM_index']	-0.07518796992481201
zelnik3	['Ratkowsky_Lance']	-0.312781954887218
zelnik3	['Ray_Turi']	-0.04360902255639097
disk-4500n	['Banfeld_Raferty']	-0.004511278195488721
disk-4500n	['modified_hubert_t']	0.21353383458646616
disk-4500n	['i_index']	0.28120300751879695
disk-4500n	['McClain_Rao']	0.010526315789473682
disk-4500n	['IIndex']	0.28120300751879695
disk-4500n	['Dunns_index']	-0.17142857142857143
disk-4500n	['Scott_Symons']	-0.27518796992481204
disk-4500n	['SDBW']	0.18646616541353384
disk-4500n	['s_dbw']	0.31127819548872177
disk-4500n	['Davies_Bouldin']	0.2421052631578947
disk-4500n	['PBM_index']	-0.030075187969924807
disk-4500n	['Ratkowsky_Lance']	-0.41654135338345866
disk-4500n	['Ray_Turi']	0.23759398496240602
engytime	['Banfeld_Raferty']	0.09774436090225563
engytime	['modified_hubert_t']	0.556390977443609
engytime	['i_index']	-0.18045112781954886
engytime	['McClain_Rao']	0.5488721804511278
engytime	['IIndex']	-0.18045112781954886
engytime	['Dunns_index']	0.193984962406015
engytime	['Scott_Symons']	0.5488721804511278
engytime	['SDBW']	-0.2556390977443609
engytime	['s_dbw']	0.3759398496240601
engytime	['Davies_Bouldin']	0.2646616541353383
engytime	['PBM_index']	-0.22255639097744356
engytime	['Ratkowsky_Lance']	0.05263157894736842
engytime	['Ray_Turi']	-0.12030075187969923
xor	['Banfeld_Raferty']	0.39999999999999997
xor	['modified_hubert_t']	0.4842105263157894
xor	['i_index']	-0.21052631578947367
xor	['McClain_Rao']	0.7007518796992479
xor	['IIndex']	-0.21052631578947367
xor	['Dunns_index']	0.47218045112781953
xor	['Scott_Symons']	0.12180451127819547
xor	['SDBW']	0.41052631578947363
xor	['s_dbw']	0.1969924812030075
xor	['Davies_Bouldin']	0.10977443609022557
xor	['PBM_index']	-0.24661654135338343
xor	['Ratkowsky_Lance']	-0.38496240601503756
xor	['Ray_Turi']	0.09022556390977443
square1	['Banfeld_Raferty']	0.5037593984962406
square1	['modified_hubert_t']	0.42105263157894735
square1	['i_index']	-0.22406015037593985
square1	['McClain_Rao']	0.20300751879699244
square1	['IIndex']	-0.22406015037593985
square1	['Dunns_index']	-0.04060150375939849
square1	['Scott_Symons']	0.37744360902255636
square1	['SDBW']	-0.47368421052631576
square1	['s_dbw']	0.3278195488721804
square1	['Davies_Bouldin']	-0.019548872180451125
square1	['PBM_index']	-0.2150375939849624
square1	['Ratkowsky_Lance']	-0.5037593984962406
square1	['Ray_Turi']	-0.19248120300751878
complex8	['Banfeld_Raferty']	-0.15789473684210525
complex8	['modified_hubert_t']	-0.12330827067669171
complex8	['i_index']	-0.09624060150375939
complex8	['McClain_Rao']	0.24812030075187969
complex8	['IIndex']	-0.09624060150375939
complex8	['Dunns_index']	-0.12781954887218044
complex8	['Scott_Symons']	0.05263157894736842
complex8	['SDBW']	0.23909774436090225
complex8	['s_dbw']	-0.1819548872180451
complex8	['Davies_Bouldin']	0.09323308270676692
complex8	['PBM_index']	-0.016541353383458645
complex8	['Ratkowsky_Lance']	-0.007518796992481202
complex8	['Ray_Turi']	0.18646616541353384
sizes4	['Banfeld_Raferty']	0.19999999999999998
sizes4	['modified_hubert_t']	0.4451127819548871
sizes4	['i_index']	0.14285714285714285
sizes4	['McClain_Rao']	0.04661654135338346
sizes4	['IIndex']	-0.022556390977443608
sizes4	['Dunns_index']	-0.11578947368421053
sizes4	['Scott_Symons']	0.19999999999999998
sizes4	['SDBW']	-0.4631578947368421
sizes4	['s_dbw']	0.3578947368421052
sizes4	['Davies_Bouldin']	-0.18045112781954886
sizes4	['PBM_index']	-0.4646616541353384
sizes4	['Ratkowsky_Lance']	-0.6511278195488721
sizes4	['Ray_Turi']	-0.08721804511278194
blobs	['Banfeld_Raferty']	0.4300751879699248
blobs	['modified_hubert_t']	0.4270676691729323
blobs	['i_index']	-0.5067669172932331
blobs	['McClain_Rao']	0.24962406015037594
blobs	['IIndex']	-0.5067669172932331
blobs	['Dunns_index']	0.20300751879699244
blobs	['Scott_Symons']	0.5458646616541353
blobs	['SDBW']	-0.22406015037593985
blobs	['s_dbw']	-0.23759398496240602
blobs	['Davies_Bouldin']	0.10225563909774435
blobs	['PBM_index']	-0.06766917293233082
blobs	['Ratkowsky_Lance']	-0.6556390977443608
blobs	['Ray_Turi']	-0.3142857142857143
2d-3c-no123	['Banfeld_Raferty']	0.5744360902255639
2d-3c-no123	['modified_hubert_t']	0.3293233082706767
2d-3c-no123	['i_index']	-0.4285714285714286
2d-3c-no123	['McClain_Rao']	0.5894736842105263
2d-3c-no123	['IIndex']	-0.4285714285714286
2d-3c-no123	['Dunns_index']	0.08872180451127819
2d-3c-no123	['Scott_Symons']	0.4421052631578947
2d-3c-no123	['SDBW']	-0.08270676691729321
2d-3c-no123	['s_dbw']	0.06616541353383458
2d-3c-no123	['Davies_Bouldin']	-0.11879699248120301
2d-3c-no123	['PBM_index']	0.02706766917293233
2d-3c-no123	['Ratkowsky_Lance']	-0.24360902255639094
2d-3c-no123	['Ray_Turi']	-0.009022556390977442
smile2	['Banfeld_Raferty']	0.06466165413533834
smile2	['modified_hubert_t']	0.0706766917293233
smile2	['i_index']	-0.10375939849624059
smile2	['McClain_Rao']	0.03458646616541353
smile2	['IIndex']	-0.10375939849624059
smile2	['Dunns_index']	-0.11127819548872178
smile2	['Scott_Symons']	-0.26616541353383455
smile2	['SDBW']	-0.15789473684210525
smile2	['s_dbw']	0.0
smile2	['Davies_Bouldin']	0.0706766917293233
smile2	['PBM_index']	-0.08721804511278194
smile2	['Ratkowsky_Lance']	0.23609022556390977
smile2	['Ray_Turi']	0.13383458646616542
xclara	['Banfeld_Raferty']	0.05263157894736842
xclara	['modified_hubert_t']	0.45112781954887216
xclara	['i_index']	-0.3669172932330827
xclara	['McClain_Rao']	0.19999999999999998
xclara	['IIndex']	-0.3669172932330827
xclara	['Dunns_index']	-0.30526315789473685
xclara	['Scott_Symons']	0.34285714285714286
xclara	['SDBW']	-0.24661654135338343
xclara	['s_dbw']	0.2421052631578947
xclara	['Davies_Bouldin']	0.3157894736842105
xclara	['PBM_index']	-0.38947368421052625
xclara	['Ratkowsky_Lance']	-0.8045112781954886
xclara	['Ray_Turi']	0.31127819548872177
dermatology	['Banfeld_Raferty']	0.013533834586466165
dermatology	['modified_hubert_t']	0.15037593984962402
dermatology	['i_index']	0.007518796992481202
dermatology	['McClain_Rao']	0.13383458646616542
dermatology	['IIndex']	0.007518796992481202
dermatology	['Dunns_index']	0.1609022556390977
dermatology	['Scott_Symons']	0.15037593984962402
dermatology	['SDBW']	-0.0781954887218045
dermatology	['s_dbw']	0.037593984962406006
dermatology	['Davies_Bouldin']	-0.16541353383458643
dermatology	['PBM_index']	-0.006015037593984962
dermatology	['Ratkowsky_Lance']	-0.10375939849624059
dermatology	['Ray_Turi']	-0.2045112781954887
disk-3000n	['Banfeld_Raferty']	0.30225563909774433
disk-3000n	['modified_hubert_t']	0.30977443609022554
disk-3000n	['i_index']	0.12932330827067667
disk-3000n	['McClain_Rao']	0.2571428571428572
disk-3000n	['IIndex']	0.16541353383458643
disk-3000n	['Dunns_index']	-0.13834586466165413
disk-3000n	['Scott_Symons']	0.10075187969924812
disk-3000n	['SDBW']	-0.04060150375939849
disk-3000n	['s_dbw']	0.4872180451127819
disk-3000n	['Davies_Bouldin']	0.09323308270676692
disk-3000n	['PBM_index']	0.24060150375939846
disk-3000n	['Ratkowsky_Lance']	-0.16691729323308271
disk-3000n	['Ray_Turi']	-0.13383458646616542
elly-2d10c13s	['Banfeld_Raferty']	0.009022556390977442
elly-2d10c13s	['modified_hubert_t']	0.2646616541353383
elly-2d10c13s	['i_index']	-0.34586466165413526
elly-2d10c13s	['McClain_Rao']	-0.23157894736842105
elly-2d10c13s	['IIndex']	-0.34586466165413526
elly-2d10c13s	['Dunns_index']	0.07218045112781954
elly-2d10c13s	['Scott_Symons']	0.4766917293233082
elly-2d10c13s	['SDBW']	-0.312781954887218
elly-2d10c13s	['s_dbw']	0.3037593984962406
elly-2d10c13s	['Davies_Bouldin']	-0.24511278195488717
elly-2d10c13s	['PBM_index']	-0.4601503759398496
elly-2d10c13s	['Ratkowsky_Lance']	-0.1894736842105263
elly-2d10c13s	['Ray_Turi']	-0.045112781954887216
donut3	['Banfeld_Raferty']	-0.15037593984962402
donut3	['modified_hubert_t']	0.10075187969924812
donut3	['i_index']	-0.12781954887218044
donut3	['McClain_Rao']	-0.13383458646616542
donut3	['IIndex']	-0.12781954887218044
donut3	['Dunns_index']	0.3699248120300751
donut3	['Scott_Symons']	0.03609022556390977
donut3	['SDBW']	-0.010526315789473682
donut3	['s_dbw']	-0.051127819548872175
donut3	['Davies_Bouldin']	0.22556390977443608
donut3	['PBM_index']	-0.21804511278195485
donut3	['Ratkowsky_Lance']	-0.15037593984962402
donut3	['Ray_Turi']	-0.25112781954887214
2d-20c-no0	['Banfeld_Raferty']	0.1789473684210526
2d-20c-no0	['modified_hubert_t']	0.47368421052631576
2d-20c-no0	['i_index']	0.38195488721804516
2d-20c-no0	['McClain_Rao']	0.26766917293233083
2d-20c-no0	['IIndex']	0.4646616541353384
2d-20c-no0	['Dunns_index']	-0.32631578947368417
2d-20c-no0	['Scott_Symons']	0.3142857142857143
2d-20c-no0	['SDBW']	-0.3954887218045112
2d-20c-no0	['s_dbw']	0.24511278195488717
2d-20c-no0	['Davies_Bouldin']	0.12330827067669171
2d-20c-no0	['PBM_index']	-0.0631578947368421
2d-20c-no0	['Ratkowsky_Lance']	-0.20902255639097742
2d-20c-no0	['Ray_Turi']	-0.28421052631578947
twenty	['Banfeld_Raferty']	0.3699248120300751
twenty	['modified_hubert_t']	0.3789473684210526
twenty	['i_index']	-0.22556390977443608
twenty	['McClain_Rao']	0.5052631578947367
twenty	['IIndex']	-0.22556390977443608
twenty	['Dunns_index']	0.2541353383458646
twenty	['Scott_Symons']	0.22255639097744356
twenty	['SDBW']	0.30977443609022554
twenty	['s_dbw']	0.06616541353383458
twenty	['Davies_Bouldin']	-0.08421052631578946
twenty	['PBM_index']	0.1894736842105263
twenty	['Ratkowsky_Lance']	-0.1744360902255639
twenty	['Ray_Turi']	-0.037593984962406006
rings	['Banfeld_Raferty']	-0.2781954887218045
rings	['modified_hubert_t']	-0.05563909774436089
rings	['i_index']	0.2421052631578947
rings	['McClain_Rao']	-0.14285714285714285
rings	['IIndex']	0.2421052631578947
rings	['Dunns_index']	-0.09473684210526315
rings	['Scott_Symons']	-0.20300751879699244
rings	['SDBW']	0.16240601503759397
rings	['s_dbw']	-0.05563909774436089
rings	['Davies_Bouldin']	-0.3699248120300751
rings	['PBM_index']	0.16691729323308271
rings	['Ratkowsky_Lance']	-0.037593984962406006
rings	['Ray_Turi']	0.1894736842105263
zelnik6	['Banfeld_Raferty']	-0.3744360902255639
zelnik6	['modified_hubert_t']	-0.08872180451127819
zelnik6	['i_index']	0.022556390977443608
zelnik6	['McClain_Rao']	-0.16240601503759397
zelnik6	['IIndex']	0.022556390977443608
zelnik6	['Dunns_index']	-0.37744360902255636
zelnik6	['Scott_Symons']	-0.3082706766917293
zelnik6	['SDBW']	-0.05864661654135337
zelnik6	['s_dbw']	-0.20751879699248119
zelnik6	['Davies_Bouldin']	-0.019548872180451125
zelnik6	['PBM_index']	0.03458646616541353
zelnik6	['Ratkowsky_Lance']	0.030075187969924807
zelnik6	['Ray_Turi']	-0.12030075187969923
ds577	['Banfeld_Raferty']	0.6992481203007518
ds577	['modified_hubert_t']	0.4661654135338345
ds577	['i_index']	-0.16691729323308271
ds577	['McClain_Rao']	0.3984962406015037
ds577	['IIndex']	-0.16691729323308271
ds577	['Dunns_index']	0.2556390977443609
ds577	['Scott_Symons']	0.09774436090225563
ds577	['SDBW']	-0.37293233082706767
ds577	['s_dbw']	0.35488721804511275
ds577	['Davies_Bouldin']	0.5714285714285714
ds577	['PBM_index']	-0.23157894736842105
ds577	['Ratkowsky_Lance']	-0.24812030075187969
ds577	['Ray_Turi']	-0.1969924812030075
hepta	['Banfeld_Raferty']	0.13834586466165413
hepta	['modified_hubert_t']	0.21654135338345865
hepta	['i_index']	-0.27669172932330827
hepta	['McClain_Rao']	0.5233082706766917
hepta	['IIndex']	-0.27669172932330827
hepta	['Dunns_index']	0.16691729323308271
hepta	['Scott_Symons']	0.3759398496240601
hepta	['SDBW']	-0.03458646616541353
hepta	['s_dbw']	0.4676691729323308
hepta	['Davies_Bouldin']	-0.07669172932330826
hepta	['PBM_index']	-0.12330827067669171
hepta	['Ratkowsky_Lance']	0.04210526315789473
hepta	['Ray_Turi']	0.16240601503759397
3-spiral	['Banfeld_Raferty']	-0.060150375939849614
3-spiral	['modified_hubert_t']	0.42556390977443603
3-spiral	['i_index']	0.2300751879699248
3-spiral	['McClain_Rao']	-0.07518796992481201
3-spiral	['IIndex']	0.2300751879699248
3-spiral	['Dunns_index']	0.0631578947368421
3-spiral	['Scott_Symons']	0.30977443609022554
3-spiral	['SDBW']	0.03909774436090225
3-spiral	['s_dbw']	-0.193984962406015
3-spiral	['Davies_Bouldin']	0.22255639097744356
3-spiral	['PBM_index']	-0.13834586466165413
3-spiral	['Ratkowsky_Lance']	-0.5263157894736841
3-spiral	['Ray_Turi']	-0.35488721804511275
longsquare	['Banfeld_Raferty']	0.4330827067669173
longsquare	['modified_hubert_t']	0.431578947368421
longsquare	['i_index']	-0.16240601503759397
longsquare	['McClain_Rao']	0.34285714285714286
longsquare	['IIndex']	-0.16240601503759397
longsquare	['Dunns_index']	0.37293233082706767
longsquare	['Scott_Symons']	0.41804511278195483
longsquare	['SDBW']	0.09323308270676692
longsquare	['s_dbw']	0.26917293233082706
longsquare	['Davies_Bouldin']	0.048120300751879695
longsquare	['PBM_index']	-0.1518796992481203
longsquare	['Ratkowsky_Lance']	-0.37293233082706767
longsquare	['Ray_Turi']	0.14285714285714285
ecoli	['Banfeld_Raferty']	0.08721804511278194
ecoli	['modified_hubert_t']	0.10827067669172932
ecoli	['i_index']	-0.060150375939849614
ecoli	['McClain_Rao']	-0.03458646616541353
ecoli	['IIndex']	-0.060150375939849614
ecoli	['Dunns_index']	0.10827067669172932
ecoli	['Scott_Symons']	0.10827067669172932
ecoli	['SDBW']	0.30075187969924805
ecoli	['s_dbw']	-0.26766917293233083
ecoli	['Davies_Bouldin']	0.5894736842105263
ecoli	['PBM_index']	-0.19849624060150375
ecoli	['Ratkowsky_Lance']	-0.3578947368421052
ecoli	['Ray_Turi']	0.04060150375939849
glass	['Banfeld_Raferty']	0.4195488721804511
glass	['modified_hubert_t']	0.3157894736842105
glass	['i_index']	-0.24812030075187969
glass	['McClain_Rao']	-0.019548872180451125
glass	['IIndex']	-0.24812030075187969
glass	['Dunns_index']	0.3157894736842105
glass	['Scott_Symons']	0.3157894736842105
glass	['SDBW']	0.015037593984962403
glass	['s_dbw']	0.22406015037593985
glass	['Davies_Bouldin']	0.06165413533834586
glass	['PBM_index']	-0.24360902255639094
glass	['Ratkowsky_Lance']	0.09473684210526315
glass	['Ray_Turi']	-0.3157894736842105
disk-4600n	['Banfeld_Raferty']	0.17744360902255638
disk-4600n	['modified_hubert_t']	0.24661654135338343
disk-4600n	['i_index']	0.3578947368421052
disk-4600n	['McClain_Rao']	0.19248120300751878
disk-4600n	['IIndex']	0.3578947368421052
disk-4600n	['Dunns_index']	0.05864661654135337
disk-4600n	['Scott_Symons']	0.22255639097744356
disk-4600n	['SDBW']	-0.30977443609022554
disk-4600n	['s_dbw']	0.2796992481203007
disk-4600n	['Davies_Bouldin']	0.6300751879699248
disk-4600n	['PBM_index']	-0.09323308270676692
disk-4600n	['Ratkowsky_Lance']	0.03308270676691729
disk-4600n	['Ray_Turi']	-0.010526315789473682
cuboids	['Banfeld_Raferty']	0.22556390977443608
cuboids	['modified_hubert_t']	0.4661654135338345
cuboids	['i_index']	-0.6075187969924812
cuboids	['McClain_Rao']	0.3443609022556391
cuboids	['IIndex']	-0.6075187969924812
cuboids	['Dunns_index']	0.24511278195488717
cuboids	['Scott_Symons']	0.1744360902255639
cuboids	['SDBW']	-0.18345864661654135
cuboids	['s_dbw']	-0.23458646616541348
cuboids	['Davies_Bouldin']	-0.03909774436090225
cuboids	['PBM_index']	-0.12781954887218044
cuboids	['Ratkowsky_Lance']	-0.04962406015037594
cuboids	['Ray_Turi']	0.17593984962406017
sizes1	['Banfeld_Raferty']	0.2300751879699248
sizes1	['modified_hubert_t']	0.4300751879699248
sizes1	['i_index']	-0.27518796992481204
sizes1	['McClain_Rao']	0.3804511278195489
sizes1	['IIndex']	-0.27518796992481204
sizes1	['Dunns_index']	-0.12481203007518797
sizes1	['Scott_Symons']	0.07518796992481201
sizes1	['SDBW']	-0.2300751879699248
sizes1	['s_dbw']	0.2120300751879699
sizes1	['Davies_Bouldin']	0.1413533834586466
sizes1	['PBM_index']	-0.27368421052631575
sizes1	['Ratkowsky_Lance']	-0.07969924812030074
sizes1	['Ray_Turi']	-0.33233082706766914
simplex	['Banfeld_Raferty']	0.6812030075187969
simplex	['modified_hubert_t']	0.4300751879699248
simplex	['i_index']	-0.4240601503759398
simplex	['McClain_Rao']	0.4631578947368421
simplex	['IIndex']	-0.4240601503759398
simplex	['Dunns_index']	0.07969924812030074
simplex	['Scott_Symons']	0.5503759398496241
simplex	['SDBW']	0.10827067669172932
simplex	['s_dbw']	-0.10225563909774435
simplex	['Davies_Bouldin']	0.13834586466165413
simplex	['PBM_index']	-0.08571428571428572
simplex	['Ratkowsky_Lance']	0.3398496240601503
simplex	['Ray_Turi']	-0.35187969924812035
long3	['Banfeld_Raferty']	0.22556390977443608
long3	['modified_hubert_t']	0.24962406015037594
long3	['i_index']	-0.29323308270676685
long3	['McClain_Rao']	0.2857142857142857
long3	['IIndex']	-0.29323308270676685
long3	['Dunns_index']	0.07969924812030074
long3	['Scott_Symons']	0.5263157894736841
long3	['SDBW']	-0.09022556390977443
long3	['s_dbw']	0.1263157894736842
long3	['Davies_Bouldin']	-0.2992481203007519
long3	['PBM_index']	-0.3699248120300751
long3	['Ratkowsky_Lance']	-0.21052631578947367
long3	['Ray_Turi']	0.04661654135338346
cluto-t5-8k	['Banfeld_Raferty']	-0.09774436090225563
cluto-t5-8k	['modified_hubert_t']	0.4060150375939849
cluto-t5-8k	['i_index']	-0.31729323308270674
cluto-t5-8k	['McClain_Rao']	0.060150375939849614
cluto-t5-8k	['IIndex']	-0.31729323308270674
cluto-t5-8k	['Dunns_index']	0.018045112781954885
cluto-t5-8k	['Scott_Symons']	-0.0706766917293233
cluto-t5-8k	['SDBW']	-0.3804511278195489
cluto-t5-8k	['s_dbw']	0.1969924812030075
cluto-t5-8k	['Davies_Bouldin']	0.12030075187969923
cluto-t5-8k	['PBM_index']	-0.3969924812030075
cluto-t5-8k	['Ratkowsky_Lance']	-0.20300751879699244
cluto-t5-8k	['Ray_Turi']	0.0631578947368421
cure-t0-2000n-2D	['Banfeld_Raferty']	0.13383458646616542
cure-t0-2000n-2D	['modified_hubert_t']	0.26766917293233083
cure-t0-2000n-2D	['i_index']	-0.40751879699248117
cure-t0-2000n-2D	['McClain_Rao']	0.5849624060150376
cure-t0-2000n-2D	['IIndex']	-0.40751879699248117
cure-t0-2000n-2D	['Dunns_index']	-0.09172932330827067
cure-t0-2000n-2D	['Scott_Symons']	0.5834586466165413
cure-t0-2000n-2D	['SDBW']	-0.25112781954887214
cure-t0-2000n-2D	['s_dbw']	-0.09624060150375939
cure-t0-2000n-2D	['Davies_Bouldin']	0.42556390977443603
cure-t0-2000n-2D	['PBM_index']	-0.2541353383458646
cure-t0-2000n-2D	['Ratkowsky_Lance']	-0.13383458646616542
cure-t0-2000n-2D	['Ray_Turi']	0.19097744360902258
3MC	['Banfeld_Raferty']	0.6947368421052631
3MC	['modified_hubert_t']	0.47218045112781953
3MC	['i_index']	-0.3804511278195489
3MC	['McClain_Rao']	0.3789473684210526
3MC	['IIndex']	-0.3804511278195489
3MC	['Dunns_index']	-0.29774436090225564
3MC	['Scott_Symons']	0.393984962406015
3MC	['SDBW']	0.5052631578947367
3MC	['s_dbw']	0.4917293233082706
3MC	['Davies_Bouldin']	0.3443609022556391
3MC	['PBM_index']	-0.1413533834586466
3MC	['Ratkowsky_Lance']	-0.22857142857142856
3MC	['Ray_Turi']	-0.2270676691729323
long1	['Banfeld_Raferty']	0.2556390977443609
long1	['modified_hubert_t']	0.1789473684210526
long1	['i_index']	-0.15939849624060148
long1	['McClain_Rao']	-0.24060150375939846
long1	['IIndex']	-0.15939849624060148
long1	['Dunns_index']	0.10526315789473684
long1	['Scott_Symons']	0.2857142857142857
long1	['SDBW']	0.11278195488721804
long1	['s_dbw']	0.33684210526315783
long1	['Davies_Bouldin']	-0.33082706766917286
long1	['PBM_index']	-0.15939849624060148
long1	['Ratkowsky_Lance']	-0.045112781954887216
long1	['Ray_Turi']	-0.156390977443609
segment	['Banfeld_Raferty']	-0.10827067669172932
segment	['modified_hubert_t']	0.18646616541353384
segment	['i_index']	-0.2120300751879699
segment	['McClain_Rao']	0.04661654135338346
segment	['IIndex']	-0.2120300751879699
segment	['Dunns_index']	0.18646616541353384
segment	['Scott_Symons']	0.18646616541353384
segment	['SDBW']	-0.06616541353383458
segment	['s_dbw']	0.43458646616541347
segment	['Davies_Bouldin']	-0.006015037593984962
segment	['PBM_index']	-0.26315789473684204
segment	['Ratkowsky_Lance']	0.21052631578947367
segment	['Ray_Turi']	-0.4842105263157894
triangle1	['Banfeld_Raferty']	0.39999999999999997
triangle1	['modified_hubert_t']	0.40451127819548865
triangle1	['i_index']	0.03157894736842105
triangle1	['McClain_Rao']	0.06466165413533834
triangle1	['IIndex']	-0.0631578947368421
triangle1	['Dunns_index']	-0.051127819548872175
triangle1	['Scott_Symons']	0.04962406015037594
triangle1	['SDBW']	-0.048120300751879695
triangle1	['s_dbw']	0.5203007518796992
triangle1	['Davies_Bouldin']	0.13233082706766916
triangle1	['PBM_index']	-0.19849624060150375
triangle1	['Ratkowsky_Lance']	-0.15939849624060148
triangle1	['Ray_Turi']	-0.08872180451127819
dense-disk-5000	['Banfeld_Raferty']	0.15488721804511277
dense-disk-5000	['modified_hubert_t']	0.2270676691729323
dense-disk-5000	['i_index']	0.28120300751879695
dense-disk-5000	['McClain_Rao']	0.04962406015037594
dense-disk-5000	['IIndex']	0.28120300751879695
dense-disk-5000	['Dunns_index']	0.07669172932330826
dense-disk-5000	['Scott_Symons']	0.09172932330827067
dense-disk-5000	['SDBW']	-0.1744360902255639
dense-disk-5000	['s_dbw']	0.42556390977443603
dense-disk-5000	['Davies_Bouldin']	0.14586466165413534
dense-disk-5000	['PBM_index']	-0.22105263157894736
dense-disk-5000	['Ratkowsky_Lance']	-0.2300751879699248
dense-disk-5000	['Ray_Turi']	0.49022556390977434
ds2c2sc13	['Banfeld_Raferty']	0.10075187969924812
ds2c2sc13	['modified_hubert_t']	-0.007518796992481202
ds2c2sc13	['i_index']	0.13533834586466165
ds2c2sc13	['McClain_Rao']	0.17593984962406017
ds2c2sc13	['IIndex']	0.13533834586466165
ds2c2sc13	['Dunns_index']	0.31879699248120297
ds2c2sc13	['Scott_Symons']	0.13082706766917293
ds2c2sc13	['SDBW']	0.03458646616541353
ds2c2sc13	['s_dbw']	0.2601503759398496
ds2c2sc13	['Davies_Bouldin']	-0.0706766917293233
ds2c2sc13	['PBM_index']	-0.09473684210526315
ds2c2sc13	['Ratkowsky_Lance']	0.019548872180451125
ds2c2sc13	['Ray_Turi']	0.024060150375939848
sizes5	['Banfeld_Raferty']	0.6781954887218045
sizes5	['modified_hubert_t']	0.4992481203007519
sizes5	['i_index']	-0.38195488721804516
sizes5	['McClain_Rao']	0.22406015037593985
sizes5	['IIndex']	-0.38195488721804516
sizes5	['Dunns_index']	0.3924812030075188
sizes5	['Scott_Symons']	0.6766917293233082
sizes5	['SDBW']	-0.5804511278195488
sizes5	['s_dbw']	-0.010526315789473682
sizes5	['Davies_Bouldin']	0.16541353383458643
sizes5	['PBM_index']	-0.5398496240601504
sizes5	['Ratkowsky_Lance']	-0.6781954887218045
sizes5	['Ray_Turi']	-0.5609022556390978
dpb	['Banfeld_Raferty']	0.1609022556390977
dpb	['modified_hubert_t']	0.35187969924812035
dpb	['i_index']	0.10676691729323308
dpb	['McClain_Rao']	0.31127819548872177
dpb	['IIndex']	0.2556390977443609
dpb	['Dunns_index']	-0.37293233082706767
dpb	['Scott_Symons']	-0.13984962406015036
dpb	['SDBW']	-0.24661654135338343
dpb	['s_dbw']	0.3924812030075188
dpb	['Davies_Bouldin']	0.3654135338345864
dpb	['PBM_index']	0.003007518796992481
dpb	['Ratkowsky_Lance']	-0.010526315789473682
dpb	['Ray_Turi']	0.1819548872180451
cluto-t8-8k	['Banfeld_Raferty']	0.37293233082706767
cluto-t8-8k	['modified_hubert_t']	0.016541353383458645
cluto-t8-8k	['i_index']	0.18345864661654135
cluto-t8-8k	['McClain_Rao']	-0.3789473684210526
cluto-t8-8k	['IIndex']	0.18345864661654135
cluto-t8-8k	['Dunns_index']	-0.06165413533834586
cluto-t8-8k	['Scott_Symons']	-0.006015037593984962
cluto-t8-8k	['SDBW']	0.2270676691729323
cluto-t8-8k	['s_dbw']	-0.012030075187969924
cluto-t8-8k	['Davies_Bouldin']	0.2270676691729323
cluto-t8-8k	['PBM_index']	-0.1744360902255639
cluto-t8-8k	['Ratkowsky_Lance']	0.0781954887218045
cluto-t8-8k	['Ray_Turi']	0.5368421052631579
sonar	['Banfeld_Raferty']	-0.26165413533834586
sonar	['modified_hubert_t']	-0.15939849624060148
sonar	['i_index']	0.12932330827067667
sonar	['McClain_Rao']	0.009022556390977442
sonar	['IIndex']	0.12932330827067667
sonar	['Dunns_index']	-0.15939849624060148
sonar	['Scott_Symons']	-0.15939849624060148
sonar	['SDBW']	-0.004511278195488721
sonar	['s_dbw']	-0.15939849624060148
sonar	['Davies_Bouldin']	-0.5383458646616541
sonar	['PBM_index']	0.2827067669172932
sonar	['Ratkowsky_Lance']	0.27669172932330827
sonar	['Ray_Turi']	0.27368421052631575
square4	['Banfeld_Raferty']	0.5323308270676691
square4	['modified_hubert_t']	0.4481203007518797
square4	['i_index']	-0.47518796992481205
square4	['McClain_Rao']	0.6676691729323309
square4	['IIndex']	-0.47518796992481205
square4	['Dunns_index']	0.29473684210526313
square4	['Scott_Symons']	-0.06917293233082707
square4	['SDBW']	-0.02857142857142857
square4	['s_dbw']	0.1639097744360902
square4	['Davies_Bouldin']	0.4992481203007519
square4	['PBM_index']	-0.2601503759398496
square4	['Ratkowsky_Lance']	-0.23157894736842105
square4	['Ray_Turi']	0.47067669172932325
2d-4c-no4	['Banfeld_Raferty']	0.08421052631578946
2d-4c-no4	['modified_hubert_t']	0.42255639097744363
2d-4c-no4	['i_index']	-0.2781954887218045
2d-4c-no4	['McClain_Rao']	0.1639097744360902
2d-4c-no4	['IIndex']	-0.2781954887218045
2d-4c-no4	['Dunns_index']	0.15939849624060148
2d-4c-no4	['Scott_Symons']	0.24962406015037594
2d-4c-no4	['SDBW']	-0.22105263157894736
2d-4c-no4	['s_dbw']	0.41503759398496237
2d-4c-no4	['Davies_Bouldin']	-0.18045112781954886
2d-4c-no4	['PBM_index']	-0.06165413533834586
2d-4c-no4	['Ratkowsky_Lance']	-0.22556390977443608
2d-4c-no4	['Ray_Turi']	-0.013533834586466165
iono	['Banfeld_Raferty']	0.38796992481203
iono	['modified_hubert_t']	-0.024060150375939848
iono	['i_index']	0.06766917293233082
iono	['McClain_Rao']	0.07669172932330826
iono	['IIndex']	0.06766917293233082
iono	['Dunns_index']	-0.024060150375939848
iono	['Scott_Symons']	-0.024060150375939848
iono	['SDBW']	-0.24060150375939846
iono	['s_dbw']	0.07518796992481201
iono	['Davies_Bouldin']	-0.27669172932330827
iono	['PBM_index']	0.17142857142857143
iono	['Ratkowsky_Lance']	-0.048120300751879695
iono	['Ray_Turi']	0.09172932330827067
DS-850	['Banfeld_Raferty']	0.18496240601503755
DS-850	['modified_hubert_t']	0.4015037593984962
DS-850	['i_index']	-0.38947368421052625
DS-850	['McClain_Rao']	0.18496240601503755
DS-850	['IIndex']	-0.38947368421052625
DS-850	['Dunns_index']	0.3488721804511278
DS-850	['Scott_Symons']	0.35037593984962395
DS-850	['SDBW']	0.010526315789473682
DS-850	['s_dbw']	0.4466165413533834
DS-850	['Davies_Bouldin']	-0.05563909774436089
DS-850	['PBM_index']	0.04060150375939849
DS-850	['Ratkowsky_Lance']	-0.04962406015037594
DS-850	['Ray_Turi']	-0.022556390977443608
cluto-t7-10k	['Banfeld_Raferty']	0.14285714285714285
cluto-t7-10k	['modified_hubert_t']	0.19849624060150375
cluto-t7-10k	['i_index']	-0.0781954887218045
cluto-t7-10k	['McClain_Rao']	0.12781954887218044
cluto-t7-10k	['IIndex']	-0.0781954887218045
cluto-t7-10k	['Dunns_index']	-0.43909774436090226
cluto-t7-10k	['Scott_Symons']	0.15939849624060148
cluto-t7-10k	['SDBW']	-0.07969924812030074
cluto-t7-10k	['s_dbw']	-0.11278195488721804
cluto-t7-10k	['Davies_Bouldin']	0.12030075187969923
cluto-t7-10k	['PBM_index']	0.012030075187969924
cluto-t7-10k	['Ratkowsky_Lance']	-0.5338345864661653
cluto-t7-10k	['Ray_Turi']	-0.1533834586466165
gaussians1	['Banfeld_Raferty']	0.6676691729323309
gaussians1	['modified_hubert_t']	0.49624060150375937
gaussians1	['i_index']	0.09022556390977443
gaussians1	['McClain_Rao']	0.5052631578947367
gaussians1	['IIndex']	0.09022556390977443
gaussians1	['Dunns_index']	0.49624060150375937
gaussians1	['Scott_Symons']	0.24511278195488717
gaussians1	['SDBW']	0.08270676691729321
gaussians1	['s_dbw']	-0.019548872180451125
gaussians1	['Davies_Bouldin']	0.23759398496240602
gaussians1	['PBM_index']	0.11729323308270674
gaussians1	['Ratkowsky_Lance']	-0.3984962406015037
gaussians1	['Ray_Turi']	-0.013533834586466165
twodiamonds	['Banfeld_Raferty']	-0.20601503759398496
twodiamonds	['modified_hubert_t']	0.49022556390977434
twodiamonds	['i_index']	0.03458646616541353
twodiamonds	['McClain_Rao']	0.3924812030075188
twodiamonds	['IIndex']	0.03458646616541353
twodiamonds	['Dunns_index']	-0.21654135338345865
twodiamonds	['Scott_Symons']	-0.05563909774436089
twodiamonds	['SDBW']	-0.4481203007518797
twodiamonds	['s_dbw']	0.38195488721804516
twodiamonds	['Davies_Bouldin']	0.4120300751879699
twodiamonds	['PBM_index']	-0.26315789473684204
twodiamonds	['Ratkowsky_Lance']	0.05563909774436089
twodiamonds	['Ray_Turi']	0.18796992481203004
dense-disk-3000	['Banfeld_Raferty']	-0.16992481203007515
dense-disk-3000	['modified_hubert_t']	0.30977443609022554
dense-disk-3000	['i_index']	-0.1263157894736842
dense-disk-3000	['McClain_Rao']	0.04060150375939849
dense-disk-3000	['IIndex']	-0.1263157894736842
dense-disk-3000	['Dunns_index']	0.34736842105263155
dense-disk-3000	['Scott_Symons']	0.2827067669172932
dense-disk-3000	['SDBW']	0.10225563909774435
dense-disk-3000	['s_dbw']	-0.045112781954887216
dense-disk-3000	['Davies_Bouldin']	0.20150375939849624
dense-disk-3000	['PBM_index']	0.03157894736842105
dense-disk-3000	['Ratkowsky_Lance']	0.04962406015037594
dense-disk-3000	['Ray_Turi']	0.193984962406015
cassini	['Banfeld_Raferty']	-0.08721804511278194
cassini	['modified_hubert_t']	0.4120300751879699
cassini	['i_index']	-0.3398496240601503
cassini	['McClain_Rao']	0.3639097744360902
cassini	['IIndex']	-0.3398496240601503
cassini	['Dunns_index']	0.10225563909774435
cassini	['Scott_Symons']	0.045112781954887216
cassini	['SDBW']	0.08270676691729321
cassini	['s_dbw']	0.5022556390977443
cassini	['Davies_Bouldin']	0.16992481203007515
cassini	['PBM_index']	-0.26917293233082706
cassini	['Ratkowsky_Lance']	-0.5142857142857143
cassini	['Ray_Turi']	0.29323308270676685
disk-5000n	['Banfeld_Raferty']	0.3954887218045112
disk-5000n	['modified_hubert_t']	0.5082706766917292
disk-5000n	['i_index']	-0.35037593984962395
disk-5000n	['McClain_Rao']	0.09473684210526315
disk-5000n	['IIndex']	-0.35037593984962395
disk-5000n	['Dunns_index']	-0.03909774436090225
disk-5000n	['Scott_Symons']	0.09473684210526315
disk-5000n	['SDBW']	-0.49323308270676686
disk-5000n	['s_dbw']	0.1263157894736842
disk-5000n	['Davies_Bouldin']	0.10827067669172932
disk-5000n	['PBM_index']	-0.05413533834586466
disk-5000n	['Ratkowsky_Lance']	-0.5458646616541353
disk-5000n	['Ray_Turi']	0.019548872180451125
zelnik1	['Banfeld_Raferty']	0.5112781954887218
zelnik1	['modified_hubert_t']	0.49323308270676686
zelnik1	['i_index']	0.23458646616541348
zelnik1	['McClain_Rao']	0.015037593984962403
zelnik1	['IIndex']	0.23458646616541348
zelnik1	['Dunns_index']	-0.11729323308270674
zelnik1	['Scott_Symons']	0.28721804511278193
zelnik1	['SDBW']	-0.5338345864661653
zelnik1	['s_dbw']	0.09323308270676692
zelnik1	['Davies_Bouldin']	0.4601503759398496
zelnik1	['PBM_index']	-0.23308270676691725
zelnik1	['Ratkowsky_Lance']	-0.6466165413533834
zelnik1	['Ray_Turi']	-0.11278195488721804
sizes3	['Banfeld_Raferty']	0.4631578947368421
sizes3	['modified_hubert_t']	0.38496240601503756
sizes3	['i_index']	-0.3684210526315789
sizes3	['McClain_Rao']	0.14285714285714285
sizes3	['IIndex']	-0.3684210526315789
sizes3	['Dunns_index']	-0.437593984962406
sizes3	['Scott_Symons']	0.31127819548872177
sizes3	['SDBW']	0.024060150375939848
sizes3	['s_dbw']	0.25864661654135335
sizes3	['Davies_Bouldin']	0.051127819548872175
sizes3	['PBM_index']	-0.24060150375939846
sizes3	['Ratkowsky_Lance']	-0.4466165413533834
sizes3	['Ray_Turi']	-0.13984962406015036
2d-4c-no9	['Banfeld_Raferty']	0.6902255639097743
2d-4c-no9	['modified_hubert_t']	0.4781954887218045
2d-4c-no9	['i_index']	-0.5804511278195488
2d-4c-no9	['McClain_Rao']	0.08872180451127819
2d-4c-no9	['IIndex']	-0.5804511278195488
2d-4c-no9	['Dunns_index']	-0.23909774436090225
2d-4c-no9	['Scott_Symons']	0.7037593984962407
2d-4c-no9	['SDBW']	-0.21654135338345865
2d-4c-no9	['s_dbw']	0.12481203007518797
2d-4c-no9	['Davies_Bouldin']	-0.09323308270676692
2d-4c-no9	['PBM_index']	-0.3639097744360902
2d-4c-no9	['Ratkowsky_Lance']	0.06165413533834586
2d-4c-no9	['Ray_Turi']	-0.35488721804511275
disk-6000n	['Banfeld_Raferty']	0.1819548872180451
disk-6000n	['modified_hubert_t']	0.19248120300751878
disk-6000n	['i_index']	-0.17142857142857143
disk-6000n	['McClain_Rao']	0.4977443609022556
disk-6000n	['IIndex']	-0.17142857142857143
disk-6000n	['Dunns_index']	-0.31879699248120297
disk-6000n	['Scott_Symons']	0.3278195488721804
disk-6000n	['SDBW']	0.3533834586466165
disk-6000n	['s_dbw']	0.024060150375939848
disk-6000n	['Davies_Bouldin']	0.29473684210526313
disk-6000n	['PBM_index']	-0.5278195488721804
disk-6000n	['Ratkowsky_Lance']	-0.34736842105263155
disk-6000n	['Ray_Turi']	0.6736842105263157
ds3c3sc6	['Banfeld_Raferty']	0.22556390977443608
ds3c3sc6	['modified_hubert_t']	0.38646616541353385
ds3c3sc6	['i_index']	-0.3037593984962406
ds3c3sc6	['McClain_Rao']	0.0
ds3c3sc6	['IIndex']	-0.3037593984962406
ds3c3sc6	['Dunns_index']	0.2992481203007519
ds3c3sc6	['Scott_Symons']	0.04060150375939849
ds3c3sc6	['SDBW']	-0.28120300751879695
ds3c3sc6	['s_dbw']	0.26165413533834586
ds3c3sc6	['Davies_Bouldin']	0.3984962406015037
ds3c3sc6	['PBM_index']	-0.18496240601503755
ds3c3sc6	['Ratkowsky_Lance']	-0.34586466165413526
ds3c3sc6	['Ray_Turi']	0.07518796992481201
DS-577	['Banfeld_Raferty']	0.6992481203007518
DS-577	['modified_hubert_t']	0.4812030075187969
DS-577	['i_index']	-0.3924812030075188
DS-577	['McClain_Rao']	0.5488721804511278
DS-577	['IIndex']	-0.3924812030075188
DS-577	['Dunns_index']	0.006015037593984962
DS-577	['Scott_Symons']	0.3984962406015037
DS-577	['SDBW']	0.09924812030075188
DS-577	['s_dbw']	-0.16992481203007515
DS-577	['Davies_Bouldin']	0.05864661654135337
DS-577	['PBM_index']	-0.20150375939849624
DS-577	['Ratkowsky_Lance']	-0.24812030075187969
DS-577	['Ray_Turi']	-0.4421052631578947
cure-t2-4k	['Banfeld_Raferty']	0.3744360902255639
cure-t2-4k	['modified_hubert_t']	0.2827067669172932
cure-t2-4k	['i_index']	0.07669172932330826
cure-t2-4k	['McClain_Rao']	0.07368421052631578
cure-t2-4k	['IIndex']	0.07669172932330826
cure-t2-4k	['Dunns_index']	0.05263157894736842
cure-t2-4k	['Scott_Symons']	0.05864661654135337
cure-t2-4k	['SDBW']	-0.193984962406015
cure-t2-4k	['s_dbw']	-0.015037593984962403
cure-t2-4k	['Davies_Bouldin']	0.09924812030075188
cure-t2-4k	['PBM_index']	0.1639097744360902
cure-t2-4k	['Ratkowsky_Lance']	0.0015037593984962405
cure-t2-4k	['Ray_Turi']	0.06466165413533834
2d-4c	['Banfeld_Raferty']	0.45563909774436084
2d-4c	['modified_hubert_t']	0.3398496240601503
2d-4c	['i_index']	-0.08120300751879699
2d-4c	['McClain_Rao']	0.2706766917293233
2d-4c	['IIndex']	0.02857142857142857
2d-4c	['Dunns_index']	0.44360902255639095
2d-4c	['Scott_Symons']	0.5639097744360902
2d-4c	['SDBW']	-0.12330827067669171
2d-4c	['s_dbw']	0.08571428571428572
2d-4c	['Davies_Bouldin']	-0.13834586466165413
2d-4c	['PBM_index']	-0.022556390977443608
2d-4c	['Ratkowsky_Lance']	-0.45563909774436084
2d-4c	['Ray_Turi']	-0.010526315789473682
d31	['Banfeld_Raferty']	0.431578947368421
d31	['modified_hubert_t']	0.4857142857142857
d31	['i_index']	-0.3759398496240601
d31	['McClain_Rao']	-0.019548872180451125
d31	['IIndex']	-0.3759398496240601
d31	['Dunns_index']	0.24962406015037594
d31	['Scott_Symons']	0.0706766917293233
d31	['SDBW']	0.20751879699248119
d31	['s_dbw']	-0.03609022556390977
d31	['Davies_Bouldin']	-0.17293233082706763
d31	['PBM_index']	0.09624060150375939
d31	['Ratkowsky_Lance']	-0.3714285714285714
d31	['Ray_Turi']	-0.2721804511278195
square2	['Banfeld_Raferty']	0.20300751879699244
square2	['modified_hubert_t']	0.4360902255639097
square2	['i_index']	0.012030075187969924
square2	['McClain_Rao']	0.05263157894736842
square2	['IIndex']	0.012030075187969924
square2	['Dunns_index']	-0.2992481203007519
square2	['Scott_Symons']	0.4992481203007519
square2	['SDBW']	-0.015037593984962403
square2	['s_dbw']	0.18345864661654135
square2	['Davies_Bouldin']	0.38646616541353385
square2	['PBM_index']	-0.2646616541353383
square2	['Ratkowsky_Lance']	-0.5037593984962406
square2	['Ray_Turi']	0.1533834586466165
cure-t1-2000n-2D	['Banfeld_Raferty']	-0.010526315789473682
cure-t1-2000n-2D	['modified_hubert_t']	0.29473684210526313
cure-t1-2000n-2D	['i_index']	-0.3533834586466165
cure-t1-2000n-2D	['McClain_Rao']	0.5909774436090225
cure-t1-2000n-2D	['IIndex']	-0.35187969924812035
cure-t1-2000n-2D	['Dunns_index']	-0.11428571428571428
cure-t1-2000n-2D	['Scott_Symons']	-0.013533834586466165
cure-t1-2000n-2D	['SDBW']	-0.016541353383458645
cure-t1-2000n-2D	['s_dbw']	0.07518796992481201
cure-t1-2000n-2D	['Davies_Bouldin']	-0.19548872180451127
cure-t1-2000n-2D	['PBM_index']	-0.08270676691729321
cure-t1-2000n-2D	['Ratkowsky_Lance']	-0.44060150375939844
cure-t1-2000n-2D	['Ray_Turi']	0.22105263157894736
aggregation	['Banfeld_Raferty']	0.03157894736842105
aggregation	['modified_hubert_t']	0.26766917293233083
aggregation	['i_index']	0.17593984962406017
aggregation	['McClain_Rao']	0.09172932330827067
aggregation	['IIndex']	0.17593984962406017
aggregation	['Dunns_index']	0.11127819548872178
aggregation	['Scott_Symons']	-0.2045112781954887
aggregation	['SDBW']	-0.2270676691729323
aggregation	['s_dbw']	-0.18045112781954886
aggregation	['Davies_Bouldin']	-0.18796992481203004
aggregation	['PBM_index']	-0.045112781954887216
aggregation	['Ratkowsky_Lance']	-0.07669172932330826
aggregation	['Ray_Turi']	-0.15789473684210525
spiral	['Banfeld_Raferty']	0.29473684210526313
spiral	['modified_hubert_t']	0.6511278195488721
spiral	['i_index']	0.1744360902255639
spiral	['McClain_Rao']	0.03909774436090225
spiral	['IIndex']	0.1744360902255639
spiral	['Dunns_index']	0.09473684210526315
spiral	['Scott_Symons']	0.24962406015037594
spiral	['SDBW']	-0.3203007518796992
spiral	['s_dbw']	0.1609022556390977
spiral	['Davies_Bouldin']	-0.08270676691729321
spiral	['PBM_index']	0.03909774436090225
spiral	['Ratkowsky_Lance']	0.051127819548872175
spiral	['Ray_Turi']	0.41804511278195483
target	['Banfeld_Raferty']	0.6165413533834586
target	['modified_hubert_t']	0.45714285714285713
target	['i_index']	0.42105263157894735
target	['McClain_Rao']	0.6526315789473683
target	['IIndex']	0.4631578947368421
target	['Dunns_index']	-0.02857142857142857
target	['Scott_Symons']	0.5849624060150376
target	['SDBW']	-0.28872180451127816
target	['s_dbw']	0.3789473684210526
target	['Davies_Bouldin']	0.22255639097744356
target	['PBM_index']	0.12932330827067667
target	['Ratkowsky_Lance']	-0.5714285714285714
target	['Ray_Turi']	0.0781954887218045
square3	['Banfeld_Raferty']	0.05263157894736842
square3	['modified_hubert_t']	0.4060150375939849
square3	['i_index']	-0.5684210526315789
square3	['McClain_Rao']	-0.24812030075187969
square3	['IIndex']	-0.5684210526315789
square3	['Dunns_index']	0.13984962406015036
square3	['Scott_Symons']	0.18646616541353384
square3	['SDBW']	0.2857142857142857
square3	['s_dbw']	0.20902255639097742
square3	['Davies_Bouldin']	0.43909774436090226
square3	['PBM_index']	-0.21052631578947367
square3	['Ratkowsky_Lance']	0.24812030075187969
square3	['Ray_Turi']	-0.16992481203007515
heart-statlog	['Banfeld_Raferty']	-0.4601503759398496
heart-statlog	['modified_hubert_t']	-0.4977443609022556
heart-statlog	['i_index']	0.048120300751879695
heart-statlog	['McClain_Rao']	-0.5368421052631579
heart-statlog	['IIndex']	0.048120300751879695
heart-statlog	['Dunns_index']	-0.4977443609022556
heart-statlog	['Scott_Symons']	-0.16541353383458643
heart-statlog	['SDBW']	-0.4030075187969925
heart-statlog	['s_dbw']	-0.18496240601503755
heart-statlog	['Davies_Bouldin']	0.6180451127819548
heart-statlog	['PBM_index']	0.35187969924812035
heart-statlog	['Ratkowsky_Lance']	0.30977443609022554
heart-statlog	['Ray_Turi']	0.30075187969924805
donutcurves	['Banfeld_Raferty']	-0.025563909774436087
donutcurves	['modified_hubert_t']	0.030075187969924807
donutcurves	['i_index']	0.09924812030075188
donutcurves	['McClain_Rao']	-0.0706766917293233
donutcurves	['IIndex']	0.04060150375939849
donutcurves	['Dunns_index']	0.21954887218045113
donutcurves	['Scott_Symons']	-0.08721804511278194
donutcurves	['SDBW']	0.1744360902255639
donutcurves	['s_dbw']	0.2857142857142857
donutcurves	['Davies_Bouldin']	-0.16992481203007515
donutcurves	['PBM_index']	-0.09624060150375939
donutcurves	['Ratkowsky_Lance']	-0.2150375939849624
donutcurves	['Ray_Turi']	-0.18345864661654135
threenorm	['Banfeld_Raferty']	-0.35187969924812035
threenorm	['modified_hubert_t']	0.33383458646616543
threenorm	['i_index']	-0.11127819548872178
threenorm	['McClain_Rao']	0.12932330827067667
threenorm	['IIndex']	-0.11127819548872178
threenorm	['Dunns_index']	0.24360902255639094
threenorm	['Scott_Symons']	0.47518796992481205
threenorm	['SDBW']	-0.3684210526315789
threenorm	['s_dbw']	0.23308270676691725
threenorm	['Davies_Bouldin']	0.22255639097744356
threenorm	['PBM_index']	-0.0631578947368421
threenorm	['Ratkowsky_Lance']	-0.009022556390977442
threenorm	['Ray_Turi']	-0.030075187969924807
dpc	['Banfeld_Raferty']	0.26917293233082706
dpc	['modified_hubert_t']	0.29774436090225564
dpc	['i_index']	-0.24060150375939846
dpc	['McClain_Rao']	0.4796992481203006
dpc	['IIndex']	-0.24060150375939846
dpc	['Dunns_index']	0.625563909774436
dpc	['Scott_Symons']	0.13233082706766916
dpc	['SDBW']	-0.631578947368421
dpc	['s_dbw']	0.10827067669172932
dpc	['Davies_Bouldin']	0.12932330827067667
dpc	['PBM_index']	0.193984962406015
dpc	['Ratkowsky_Lance']	-0.14887218045112782
dpc	['Ray_Turi']	0.2300751879699248
triangle2	['Banfeld_Raferty']	0.8090225563909773
triangle2	['modified_hubert_t']	0.4300751879699248
triangle2	['i_index']	-0.32481203007518794
triangle2	['McClain_Rao']	0.5533834586466165
triangle2	['IIndex']	-0.32481203007518794
triangle2	['Dunns_index']	0.3233082706766917
triangle2	['Scott_Symons']	0.26616541353383455
triangle2	['SDBW']	-0.4466165413533834
triangle2	['s_dbw']	0.4842105263157894
triangle2	['Davies_Bouldin']	0.06466165413533834
triangle2	['PBM_index']	-0.5849624060150376
triangle2	['Ratkowsky_Lance']	-0.20751879699248119
triangle2	['Ray_Turi']	0.11127819548872178
shapes	['Banfeld_Raferty']	0.23909774436090225
shapes	['modified_hubert_t']	0.4781954887218045
shapes	['i_index']	-0.39097744360902253
shapes	['McClain_Rao']	0.19999999999999998
shapes	['IIndex']	-0.39097744360902253
shapes	['Dunns_index']	-0.1413533834586466
shapes	['Scott_Symons']	0.22255639097744356
shapes	['SDBW']	-0.5789473684210527
shapes	['s_dbw']	0.3578947368421052
shapes	['Davies_Bouldin']	-0.11879699248120301
shapes	['PBM_index']	-0.4270676691729323
shapes	['Ratkowsky_Lance']	-0.08872180451127819
shapes	['Ray_Turi']	-0.08120300751879699
square5	['Banfeld_Raferty']	0.6631578947368421
square5	['modified_hubert_t']	0.41052631578947363
square5	['i_index']	-0.4676691729323308
square5	['McClain_Rao']	0.5278195488721804
square5	['IIndex']	-0.4676691729323308
square5	['Dunns_index']	0.15939849624060148
square5	['Scott_Symons']	0.34736842105263155
square5	['SDBW']	-0.41654135338345866
square5	['s_dbw']	0.41052631578947363
square5	['Davies_Bouldin']	0.45112781954887216
square5	['PBM_index']	-0.32481203007518794
square5	['Ratkowsky_Lance']	0.40451127819548865
square5	['Ray_Turi']	0.02706766917293233
