flame	['Banfeld_Raferty']	0.2300751879699248
flame	['modified_hubert_t']	0.037593984962406006
flame	['i_index']	0.7112781954887217
flame	['McClain_Rao']	0.037593984962406006
flame	['IIndex']	0.037593984962406006
flame	['Dunns_index']	0.7112781954887217
flame	['Scott_Symons']	0.2300751879699248
flame	['SDBW']	-0.44360902255639095
flame	['s_dbw']	0.2300751879699248
flame	['Davies_Bouldin']	0.2300751879699248
flame	['PBM_index']	0.7112781954887217
flame	['Ratkowsky_Lance']	-0.732330827067669
flame	['Ray_Turi']	0.2300751879699248
tae	['Banfeld_Raferty']	1.0
tae	['modified_hubert_t']	1.0
tae	['i_index']	1.0
tae	['McClain_Rao']	1.0
tae	['IIndex']	1.0
tae	['Dunns_index']	1.0
tae	['Scott_Symons']	1.0
tae	['SDBW']	1.0
tae	['s_dbw']	1.0
tae	['Davies_Bouldin']	1.0
tae	['PBM_index']	1.0
tae	['Ratkowsky_Lance']	1.0
tae	['Ray_Turi']	1.0
2dnormals	['Banfeld_Raferty']	1.0
2dnormals	['modified_hubert_t']	1.0
2dnormals	['i_index']	1.0
2dnormals	['McClain_Rao']	1.0
2dnormals	['IIndex']	1.0
2dnormals	['Dunns_index']	1.0
2dnormals	['Scott_Symons']	1.0
2dnormals	['SDBW']	1.0
2dnormals	['s_dbw']	1.0
2dnormals	['Davies_Bouldin']	1.0
2dnormals	['PBM_index']	-0.5058823529411764
2dnormals	['Ratkowsky_Lance']	-0.5058823529411764
2dnormals	['Ray_Turi']	1.0
smile1	['Banfeld_Raferty']	-0.732330827067669
smile1	['modified_hubert_t']	0.037593984962406006
smile1	['i_index']	-0.732330827067669
smile1	['McClain_Rao']	0.7112781954887217
smile1	['IIndex']	0.037593984962406006
smile1	['Dunns_index']	1.0
smile1	['Scott_Symons']	0.7112781954887217
smile1	['SDBW']	1.0
smile1	['s_dbw']	-0.732330827067669
smile1	['Davies_Bouldin']	-0.732330827067669
smile1	['PBM_index']	-0.732330827067669
smile1	['Ratkowsky_Lance']	1.0
smile1	['Ray_Turi']	-0.732330827067669
heart-statlog	['Banfeld_Raferty']	0.037593984962406006
heart-statlog	['modified_hubert_t']	1.0
heart-statlog	['i_index']	0.037593984962406006
heart-statlog	['McClain_Rao']	1.0
heart-statlog	['IIndex']	1.0
heart-statlog	['Dunns_index']	1.0
heart-statlog	['Scott_Symons']	0.037593984962406006
heart-statlog	['SDBW']	0.037593984962406006
heart-statlog	['s_dbw']	0.037593984962406006
heart-statlog	['Davies_Bouldin']	0.037593984962406006
heart-statlog	['PBM_index']	0.037593984962406006
heart-statlog	['Ratkowsky_Lance']	1.0
heart-statlog	['Ray_Turi']	0.037593984962406006
dense-disk-5000	['Banfeld_Raferty']	1.0
dense-disk-5000	['modified_hubert_t']	1.0
dense-disk-5000	['i_index']	1.0
dense-disk-5000	['McClain_Rao']	1.0
dense-disk-5000	['IIndex']	1.0
dense-disk-5000	['Dunns_index']	1.0
dense-disk-5000	['Scott_Symons']	1.0
dense-disk-5000	['SDBW']	1.0
dense-disk-5000	['s_dbw']	1.0
dense-disk-5000	['Davies_Bouldin']	1.0
dense-disk-5000	['PBM_index']	-0.5058823529411764
dense-disk-5000	['Ratkowsky_Lance']	1.0
dense-disk-5000	['Ray_Turi']	1.0
cure-t2-4k	['Banfeld_Raferty']	0.2300751879699248
cure-t2-4k	['modified_hubert_t']	1.0
cure-t2-4k	['i_index']	0.037593984962406006
cure-t2-4k	['McClain_Rao']	0.7112781954887217
cure-t2-4k	['IIndex']	1.0
cure-t2-4k	['Dunns_index']	-0.732330827067669
cure-t2-4k	['Scott_Symons']	1.0
cure-t2-4k	['SDBW']	-0.732330827067669
cure-t2-4k	['s_dbw']	-0.44360902255639095
cure-t2-4k	['Davies_Bouldin']	0.2300751879699248
cure-t2-4k	['PBM_index']	0.2300751879699248
cure-t2-4k	['Ratkowsky_Lance']	0.7112781954887217
cure-t2-4k	['Ray_Turi']	0.037593984962406006
R15	['Banfeld_Raferty']	1.0
R15	['modified_hubert_t']	1.0
R15	['i_index']	1.0
R15	['McClain_Rao']	1.0
R15	['IIndex']	1.0
R15	['Dunns_index']	1.0
R15	['Scott_Symons']	1.0
R15	['SDBW']	1.0
R15	['s_dbw']	1.0
R15	['Davies_Bouldin']	1.0
R15	['PBM_index']	1.0
R15	['Ratkowsky_Lance']	1.0
R15	['Ray_Turi']	1.0
xclara	['Banfeld_Raferty']	1.0
xclara	['modified_hubert_t']	0.037593984962406006
xclara	['i_index']	1.0
xclara	['McClain_Rao']	0.037593984962406006
xclara	['IIndex']	0.037593984962406006
xclara	['Dunns_index']	1.0
xclara	['Scott_Symons']	1.0
xclara	['SDBW']	1.0
xclara	['s_dbw']	1.0
xclara	['Davies_Bouldin']	1.0
xclara	['PBM_index']	1.0
xclara	['Ratkowsky_Lance']	0.037593984962406006
xclara	['Ray_Turi']	1.0
elly-2d10c13s	['Banfeld_Raferty']	1.0
elly-2d10c13s	['modified_hubert_t']	1.0
elly-2d10c13s	['i_index']	1.0
elly-2d10c13s	['McClain_Rao']	1.0
elly-2d10c13s	['IIndex']	1.0
elly-2d10c13s	['Dunns_index']	1.0
elly-2d10c13s	['Scott_Symons']	-0.5058823529411764
elly-2d10c13s	['SDBW']	1.0
elly-2d10c13s	['s_dbw']	1.0
elly-2d10c13s	['Davies_Bouldin']	1.0
elly-2d10c13s	['PBM_index']	-0.5058823529411764
elly-2d10c13s	['Ratkowsky_Lance']	1.0
elly-2d10c13s	['Ray_Turi']	1.0
gaussians1	['Banfeld_Raferty']	0.037593984962406006
gaussians1	['modified_hubert_t']	0.037593984962406006
gaussians1	['i_index']	1.0
gaussians1	['McClain_Rao']	0.037593984962406006
gaussians1	['IIndex']	0.037593984962406006
gaussians1	['Dunns_index']	1.0
gaussians1	['Scott_Symons']	0.037593984962406006
gaussians1	['SDBW']	1.0
gaussians1	['s_dbw']	1.0
gaussians1	['Davies_Bouldin']	1.0
gaussians1	['PBM_index']	1.0
gaussians1	['Ratkowsky_Lance']	0.037593984962406006
gaussians1	['Ray_Turi']	1.0
zoo	['Banfeld_Raferty']	1.0
zoo	['modified_hubert_t']	1.0
zoo	['i_index']	1.0
zoo	['McClain_Rao']	1.0
zoo	['IIndex']	1.0
zoo	['Dunns_index']	1.0
zoo	['Scott_Symons']	1.0
zoo	['SDBW']	1.0
zoo	['s_dbw']	1.0
zoo	['Davies_Bouldin']	1.0
zoo	['PBM_index']	1.0
zoo	['Ratkowsky_Lance']	1.0
zoo	['Ray_Turi']	1.0
2d-20c-no0	['Banfeld_Raferty']	0.037593984962406006
2d-20c-no0	['modified_hubert_t']	0.2300751879699248
2d-20c-no0	['i_index']	0.037593984962406006
2d-20c-no0	['McClain_Rao']	0.2300751879699248
2d-20c-no0	['IIndex']	0.2300751879699248
2d-20c-no0	['Dunns_index']	0.037593984962406006
2d-20c-no0	['Scott_Symons']	-0.732330827067669
2d-20c-no0	['SDBW']	0.037593984962406006
2d-20c-no0	['s_dbw']	-0.732330827067669
2d-20c-no0	['Davies_Bouldin']	-0.732330827067669
2d-20c-no0	['PBM_index']	1.0
2d-20c-no0	['Ratkowsky_Lance']	0.2300751879699248
2d-20c-no0	['Ray_Turi']	-0.732330827067669
dartboard2	['Banfeld_Raferty']	1.0
dartboard2	['modified_hubert_t']	0.037593984962406006
dartboard2	['i_index']	0.7112781954887217
dartboard2	['McClain_Rao']	1.0
dartboard2	['IIndex']	0.7112781954887217
dartboard2	['Dunns_index']	1.0
dartboard2	['Scott_Symons']	1.0
dartboard2	['SDBW']	1.0
dartboard2	['s_dbw']	0.7112781954887217
dartboard2	['Davies_Bouldin']	0.7112781954887217
dartboard2	['PBM_index']	0.7112781954887217
dartboard2	['Ratkowsky_Lance']	0.7112781954887217
dartboard2	['Ray_Turi']	1.0
impossible	['Banfeld_Raferty']	0.037593984962406006
impossible	['modified_hubert_t']	1.0
impossible	['i_index']	-0.732330827067669
impossible	['McClain_Rao']	1.0
impossible	['IIndex']	1.0
impossible	['Dunns_index']	-0.732330827067669
impossible	['Scott_Symons']	-0.732330827067669
impossible	['SDBW']	-0.732330827067669
impossible	['s_dbw']	-0.732330827067669
impossible	['Davies_Bouldin']	-0.732330827067669
impossible	['PBM_index']	-0.732330827067669
impossible	['Ratkowsky_Lance']	-0.732330827067669
impossible	['Ray_Turi']	-0.732330827067669
dense-disk-3000	['Banfeld_Raferty']	1.0
dense-disk-3000	['modified_hubert_t']	1.0
dense-disk-3000	['i_index']	1.0
dense-disk-3000	['McClain_Rao']	1.0
dense-disk-3000	['IIndex']	1.0
dense-disk-3000	['Dunns_index']	1.0
dense-disk-3000	['Scott_Symons']	1.0
dense-disk-3000	['SDBW']	1.0
dense-disk-3000	['s_dbw']	1.0
dense-disk-3000	['Davies_Bouldin']	1.0
dense-disk-3000	['PBM_index']	1.0
dense-disk-3000	['Ratkowsky_Lance']	-0.5058823529411764
dense-disk-3000	['Ray_Turi']	1.0
3-spiral	['Banfeld_Raferty']	1.0
3-spiral	['modified_hubert_t']	1.0
3-spiral	['i_index']	1.0
3-spiral	['McClain_Rao']	1.0
3-spiral	['IIndex']	1.0
3-spiral	['Dunns_index']	1.0
3-spiral	['Scott_Symons']	1.0
3-spiral	['SDBW']	1.0
3-spiral	['s_dbw']	1.0
3-spiral	['Davies_Bouldin']	1.0
3-spiral	['PBM_index']	1.0
3-spiral	['Ratkowsky_Lance']	1.0
3-spiral	['Ray_Turi']	1.0
zelnik3	['Banfeld_Raferty']	1.0
zelnik3	['modified_hubert_t']	0.2300751879699248
zelnik3	['i_index']	-0.732330827067669
zelnik3	['McClain_Rao']	1.0
zelnik3	['IIndex']	0.2300751879699248
zelnik3	['Dunns_index']	-0.732330827067669
zelnik3	['Scott_Symons']	1.0
zelnik3	['SDBW']	0.037593984962406006
zelnik3	['s_dbw']	-0.732330827067669
zelnik3	['Davies_Bouldin']	-0.732330827067669
zelnik3	['PBM_index']	-0.732330827067669
zelnik3	['Ratkowsky_Lance']	-0.732330827067669
zelnik3	['Ray_Turi']	-0.732330827067669
donut3	['Banfeld_Raferty']	-0.732330827067669
donut3	['modified_hubert_t']	0.2300751879699248
donut3	['i_index']	1.0
donut3	['McClain_Rao']	-0.732330827067669
donut3	['IIndex']	0.2300751879699248
donut3	['Dunns_index']	0.037593984962406006
donut3	['Scott_Symons']	-0.44360902255639095
donut3	['SDBW']	0.037593984962406006
donut3	['s_dbw']	0.037593984962406006
donut3	['Davies_Bouldin']	0.037593984962406006
donut3	['PBM_index']	1.0
donut3	['Ratkowsky_Lance']	-0.44360902255639095
donut3	['Ray_Turi']	-0.732330827067669
cure-t0-2000n-2D	['Banfeld_Raferty']	1.0
cure-t0-2000n-2D	['modified_hubert_t']	0.037593984962406006
cure-t0-2000n-2D	['i_index']	1.0
cure-t0-2000n-2D	['McClain_Rao']	0.037593984962406006
cure-t0-2000n-2D	['IIndex']	0.037593984962406006
cure-t0-2000n-2D	['Dunns_index']	1.0
cure-t0-2000n-2D	['Scott_Symons']	0.037593984962406006
cure-t0-2000n-2D	['SDBW']	1.0
cure-t0-2000n-2D	['s_dbw']	1.0
cure-t0-2000n-2D	['Davies_Bouldin']	1.0
cure-t0-2000n-2D	['PBM_index']	1.0
cure-t0-2000n-2D	['Ratkowsky_Lance']	0.037593984962406006
cure-t0-2000n-2D	['Ray_Turi']	1.0
DS-850	['Banfeld_Raferty']	0.2300751879699248
DS-850	['modified_hubert_t']	-0.732330827067669
DS-850	['i_index']	0.2300751879699248
DS-850	['McClain_Rao']	0.037593984962406006
DS-850	['IIndex']	-0.732330827067669
DS-850	['Dunns_index']	0.2300751879699248
DS-850	['Scott_Symons']	0.2300751879699248
DS-850	['SDBW']	0.2300751879699248
DS-850	['s_dbw']	-0.732330827067669
DS-850	['Davies_Bouldin']	0.2300751879699248
DS-850	['PBM_index']	0.2300751879699248
DS-850	['Ratkowsky_Lance']	-0.732330827067669
DS-850	['Ray_Turi']	0.2300751879699248
sizes4	['Banfeld_Raferty']	0.037593984962406006
sizes4	['modified_hubert_t']	1.0
sizes4	['i_index']	0.037593984962406006
sizes4	['McClain_Rao']	1.0
sizes4	['IIndex']	1.0
sizes4	['Dunns_index']	0.037593984962406006
sizes4	['Scott_Symons']	0.037593984962406006
sizes4	['SDBW']	0.037593984962406006
sizes4	['s_dbw']	0.037593984962406006
sizes4	['Davies_Bouldin']	0.037593984962406006
sizes4	['PBM_index']	0.037593984962406006
sizes4	['Ratkowsky_Lance']	1.0
sizes4	['Ray_Turi']	0.037593984962406006
complex9	['Banfeld_Raferty']	0.2300751879699248
complex9	['modified_hubert_t']	0.037593984962406006
complex9	['i_index']	0.2300751879699248
complex9	['McClain_Rao']	0.037593984962406006
complex9	['IIndex']	0.037593984962406006
complex9	['Dunns_index']	1.0
complex9	['Scott_Symons']	0.2300751879699248
complex9	['SDBW']	1.0
complex9	['s_dbw']	0.037593984962406006
complex9	['Davies_Bouldin']	0.2300751879699248
complex9	['PBM_index']	0.2300751879699248
complex9	['Ratkowsky_Lance']	0.037593984962406006
complex9	['Ray_Turi']	0.2300751879699248
square3	['Banfeld_Raferty']	0.2300751879699248
square3	['modified_hubert_t']	-0.732330827067669
square3	['i_index']	1.0
square3	['McClain_Rao']	-0.732330827067669
square3	['IIndex']	-0.732330827067669
square3	['Dunns_index']	0.2300751879699248
square3	['Scott_Symons']	1.0
square3	['SDBW']	1.0
square3	['s_dbw']	0.2300751879699248
square3	['Davies_Bouldin']	0.2300751879699248
square3	['PBM_index']	0.2300751879699248
square3	['Ratkowsky_Lance']	0.037593984962406006
square3	['Ray_Turi']	0.2300751879699248
xor	['Banfeld_Raferty']	-0.5058823529411764
xor	['modified_hubert_t']	-0.5058823529411764
xor	['i_index']	-0.5058823529411764
xor	['McClain_Rao']	-0.5058823529411764
xor	['IIndex']	-0.5058823529411764
xor	['Dunns_index']	-0.5058823529411764
xor	['Scott_Symons']	1.0
xor	['SDBW']	-0.5058823529411764
xor	['s_dbw']	-0.5058823529411764
xor	['Davies_Bouldin']	-0.5058823529411764
xor	['PBM_index']	1.0
xor	['Ratkowsky_Lance']	1.0
xor	['Ray_Turi']	-0.5058823529411764
dermatology	['Banfeld_Raferty']	1.0
dermatology	['modified_hubert_t']	1.0
dermatology	['i_index']	1.0
dermatology	['McClain_Rao']	1.0
dermatology	['IIndex']	1.0
dermatology	['Dunns_index']	1.0
dermatology	['Scott_Symons']	1.0
dermatology	['SDBW']	1.0
dermatology	['s_dbw']	1.0
dermatology	['Davies_Bouldin']	1.0
dermatology	['PBM_index']	1.0
dermatology	['Ratkowsky_Lance']	1.0
dermatology	['Ray_Turi']	1.0
segment	['Banfeld_Raferty']	0.2300751879699248
segment	['modified_hubert_t']	0.037593984962406006
segment	['i_index']	-0.732330827067669
segment	['McClain_Rao']	-0.732330827067669
segment	['IIndex']	0.037593984962406006
segment	['Dunns_index']	0.037593984962406006
segment	['Scott_Symons']	0.037593984962406006
segment	['SDBW']	-0.44360902255639095
segment	['s_dbw']	0.037593984962406006
segment	['Davies_Bouldin']	-0.44360902255639095
segment	['PBM_index']	-0.732330827067669
segment	['Ratkowsky_Lance']	0.7112781954887217
segment	['Ray_Turi']	-0.732330827067669
long3	['Banfeld_Raferty']	1.0
long3	['modified_hubert_t']	1.0
long3	['i_index']	1.0
long3	['McClain_Rao']	1.0
long3	['IIndex']	1.0
long3	['Dunns_index']	1.0
long3	['Scott_Symons']	1.0
long3	['SDBW']	1.0
long3	['s_dbw']	1.0
long3	['Davies_Bouldin']	1.0
long3	['PBM_index']	1.0
long3	['Ratkowsky_Lance']	1.0
long3	['Ray_Turi']	1.0
triangle2	['Banfeld_Raferty']	0.037593984962406006
triangle2	['modified_hubert_t']	1.0
triangle2	['i_index']	0.037593984962406006
triangle2	['McClain_Rao']	1.0
triangle2	['IIndex']	1.0
triangle2	['Dunns_index']	0.037593984962406006
triangle2	['Scott_Symons']	0.037593984962406006
triangle2	['SDBW']	0.037593984962406006
triangle2	['s_dbw']	0.037593984962406006
triangle2	['Davies_Bouldin']	0.037593984962406006
triangle2	['PBM_index']	0.037593984962406006
triangle2	['Ratkowsky_Lance']	1.0
triangle2	['Ray_Turi']	0.037593984962406006
dpc	['Banfeld_Raferty']	1.0
dpc	['modified_hubert_t']	1.0
dpc	['i_index']	0.037593984962406006
dpc	['McClain_Rao']	1.0
dpc	['IIndex']	1.0
dpc	['Dunns_index']	0.037593984962406006
dpc	['Scott_Symons']	1.0
dpc	['SDBW']	0.037593984962406006
dpc	['s_dbw']	0.037593984962406006
dpc	['Davies_Bouldin']	0.037593984962406006
dpc	['PBM_index']	0.037593984962406006
dpc	['Ratkowsky_Lance']	1.0
dpc	['Ray_Turi']	0.037593984962406006
wingnut	['Banfeld_Raferty']	1.0
wingnut	['modified_hubert_t']	0.037593984962406006
wingnut	['i_index']	1.0
wingnut	['McClain_Rao']	0.037593984962406006
wingnut	['IIndex']	0.037593984962406006
wingnut	['Dunns_index']	1.0
wingnut	['Scott_Symons']	1.0
wingnut	['SDBW']	1.0
wingnut	['s_dbw']	1.0
wingnut	['Davies_Bouldin']	1.0
wingnut	['PBM_index']	1.0
wingnut	['Ratkowsky_Lance']	0.037593984962406006
wingnut	['Ray_Turi']	1.0
jain	['Banfeld_Raferty']	-0.732330827067669
jain	['modified_hubert_t']	0.2300751879699248
jain	['i_index']	-0.732330827067669
jain	['McClain_Rao']	0.2300751879699248
jain	['IIndex']	0.2300751879699248
jain	['Dunns_index']	-0.732330827067669
jain	['Scott_Symons']	-0.732330827067669
jain	['SDBW']	-0.732330827067669
jain	['s_dbw']	-0.732330827067669
jain	['Davies_Bouldin']	0.037593984962406006
jain	['PBM_index']	0.037593984962406006
jain	['Ratkowsky_Lance']	1.0
jain	['Ray_Turi']	-0.732330827067669
threenorm	['Banfeld_Raferty']	1.0
threenorm	['modified_hubert_t']	1.0
threenorm	['i_index']	1.0
threenorm	['McClain_Rao']	1.0
threenorm	['IIndex']	1.0
threenorm	['Dunns_index']	1.0
threenorm	['Scott_Symons']	1.0
threenorm	['SDBW']	1.0
threenorm	['s_dbw']	1.0
threenorm	['Davies_Bouldin']	1.0
threenorm	['PBM_index']	1.0
threenorm	['Ratkowsky_Lance']	1.0
threenorm	['Ray_Turi']	1.0
blobs	['Banfeld_Raferty']	1.0
blobs	['modified_hubert_t']	0.037593984962406006
blobs	['i_index']	1.0
blobs	['McClain_Rao']	0.037593984962406006
blobs	['IIndex']	0.037593984962406006
blobs	['Dunns_index']	1.0
blobs	['Scott_Symons']	1.0
blobs	['SDBW']	1.0
blobs	['s_dbw']	1.0
blobs	['Davies_Bouldin']	1.0
blobs	['PBM_index']	1.0
blobs	['Ratkowsky_Lance']	0.037593984962406006
blobs	['Ray_Turi']	1.0
circle	['Banfeld_Raferty']	1.0
circle	['modified_hubert_t']	1.0
circle	['i_index']	1.0
circle	['McClain_Rao']	1.0
circle	['IIndex']	1.0
circle	['Dunns_index']	1.0
circle	['Scott_Symons']	1.0
circle	['SDBW']	1.0
circle	['s_dbw']	1.0
circle	['Davies_Bouldin']	1.0
circle	['PBM_index']	1.0
circle	['Ratkowsky_Lance']	1.0
circle	['Ray_Turi']	1.0
DS-577	['Banfeld_Raferty']	1.0
DS-577	['modified_hubert_t']	0.037593984962406006
DS-577	['i_index']	1.0
DS-577	['McClain_Rao']	0.037593984962406006
DS-577	['IIndex']	0.037593984962406006
DS-577	['Dunns_index']	1.0
DS-577	['Scott_Symons']	1.0
DS-577	['SDBW']	1.0
DS-577	['s_dbw']	1.0
DS-577	['Davies_Bouldin']	1.0
DS-577	['PBM_index']	1.0
DS-577	['Ratkowsky_Lance']	0.037593984962406006
DS-577	['Ray_Turi']	1.0
cure-t1-2000n-2D	['Banfeld_Raferty']	0.037593984962406006
cure-t1-2000n-2D	['modified_hubert_t']	1.0
cure-t1-2000n-2D	['i_index']	0.037593984962406006
cure-t1-2000n-2D	['McClain_Rao']	0.2300751879699248
cure-t1-2000n-2D	['IIndex']	1.0
cure-t1-2000n-2D	['Dunns_index']	0.037593984962406006
cure-t1-2000n-2D	['Scott_Symons']	0.2300751879699248
cure-t1-2000n-2D	['SDBW']	-0.44360902255639095
cure-t1-2000n-2D	['s_dbw']	-0.44360902255639095
cure-t1-2000n-2D	['Davies_Bouldin']	-0.44360902255639095
cure-t1-2000n-2D	['PBM_index']	-0.44360902255639095
cure-t1-2000n-2D	['Ratkowsky_Lance']	0.037593984962406006
cure-t1-2000n-2D	['Ray_Turi']	-0.44360902255639095
triangle1	['Banfeld_Raferty']	-0.732330827067669
triangle1	['modified_hubert_t']	0.2300751879699248
triangle1	['i_index']	-0.732330827067669
triangle1	['McClain_Rao']	1.0
triangle1	['IIndex']	0.2300751879699248
triangle1	['Dunns_index']	1.0
triangle1	['Scott_Symons']	0.037593984962406006
triangle1	['SDBW']	-0.732330827067669
triangle1	['s_dbw']	0.2300751879699248
triangle1	['Davies_Bouldin']	-0.732330827067669
triangle1	['PBM_index']	-0.732330827067669
triangle1	['Ratkowsky_Lance']	-0.44360902255639095
triangle1	['Ray_Turi']	-0.732330827067669
iris	['Banfeld_Raferty']	1.0
iris	['modified_hubert_t']	0.037593984962406006
iris	['i_index']	1.0
iris	['McClain_Rao']	0.037593984962406006
iris	['IIndex']	0.037593984962406006
iris	['Dunns_index']	1.0
iris	['Scott_Symons']	1.0
iris	['SDBW']	1.0
iris	['s_dbw']	1.0
iris	['Davies_Bouldin']	1.0
iris	['PBM_index']	1.0
iris	['Ratkowsky_Lance']	0.037593984962406006
iris	['Ray_Turi']	1.0
square4	['Banfeld_Raferty']	-0.5058823529411764
square4	['modified_hubert_t']	-0.5058823529411764
square4	['i_index']	-0.5058823529411764
square4	['McClain_Rao']	-0.5058823529411764
square4	['IIndex']	-0.5058823529411764
square4	['Dunns_index']	-0.5058823529411764
square4	['Scott_Symons']	-0.5058823529411764
square4	['SDBW']	-0.5058823529411764
square4	['s_dbw']	-0.5058823529411764
square4	['Davies_Bouldin']	-0.5058823529411764
square4	['PBM_index']	-0.5058823529411764
square4	['Ratkowsky_Lance']	-0.5058823529411764
square4	['Ray_Turi']	-0.5058823529411764
cuboids	['Banfeld_Raferty']	-0.44360902255639095
cuboids	['modified_hubert_t']	0.037593984962406006
cuboids	['i_index']	-0.732330827067669
cuboids	['McClain_Rao']	0.7112781954887217
cuboids	['IIndex']	0.037593984962406006
cuboids	['Dunns_index']	-0.732330827067669
cuboids	['Scott_Symons']	0.7112781954887217
cuboids	['SDBW']	0.7112781954887217
cuboids	['s_dbw']	-0.44360902255639095
cuboids	['Davies_Bouldin']	-0.44360902255639095
cuboids	['PBM_index']	0.7112781954887217
cuboids	['Ratkowsky_Lance']	0.7112781954887217
cuboids	['Ray_Turi']	-0.44360902255639095
ds4c2sc8	['Banfeld_Raferty']	1.0
ds4c2sc8	['modified_hubert_t']	1.0
ds4c2sc8	['i_index']	1.0
ds4c2sc8	['McClain_Rao']	1.0
ds4c2sc8	['IIndex']	1.0
ds4c2sc8	['Dunns_index']	1.0
ds4c2sc8	['Scott_Symons']	1.0
ds4c2sc8	['SDBW']	1.0
ds4c2sc8	['s_dbw']	1.0
ds4c2sc8	['Davies_Bouldin']	1.0
ds4c2sc8	['PBM_index']	1.0
ds4c2sc8	['Ratkowsky_Lance']	1.0
ds4c2sc8	['Ray_Turi']	1.0
spiral	['Banfeld_Raferty']	-0.5058823529411764
spiral	['modified_hubert_t']	1.0
spiral	['i_index']	1.0
spiral	['McClain_Rao']	1.0
spiral	['IIndex']	1.0
spiral	['Dunns_index']	1.0
spiral	['Scott_Symons']	1.0
spiral	['SDBW']	1.0
spiral	['s_dbw']	1.0
spiral	['Davies_Bouldin']	1.0
spiral	['PBM_index']	-0.5058823529411764
spiral	['Ratkowsky_Lance']	-0.5058823529411764
spiral	['Ray_Turi']	1.0
ba0.0a	['Banfeld_Raferty']	0.037593984962406006
ba0.0a	['modified_hubert_t']	-0.732330827067669
ba0.0a	['i_index']	0.2300751879699248
ba0.0a	['McClain_Rao']	0.037593984962406006
ba0.0a	['IIndex']	-0.732330827067669
ba0.0a	['Dunns_index']	0.037593984962406006
ba0.0a	['Scott_Symons']	0.037593984962406006
ba0.0a	['SDBW']	0.2300751879699248
ba0.0a	['s_dbw']	1.0
ba0.0a	['Davies_Bouldin']	1.0
ba0.0a	['PBM_index']	0.2300751879699248
ba0.0a	['Ratkowsky_Lance']	0.037593984962406006
ba0.0a	['Ray_Turi']	0.2300751879699248
glass	['Banfeld_Raferty']	-0.732330827067669
glass	['modified_hubert_t']	1.0
glass	['i_index']	0.2300751879699248
glass	['McClain_Rao']	0.2300751879699248
glass	['IIndex']	1.0
glass	['Dunns_index']	1.0
glass	['Scott_Symons']	0.2300751879699248
glass	['SDBW']	1.0
glass	['s_dbw']	1.0
glass	['Davies_Bouldin']	-0.732330827067669
glass	['PBM_index']	0.2300751879699248
glass	['Ratkowsky_Lance']	0.7112781954887217
glass	['Ray_Turi']	-0.732330827067669
disk-3000n	['Banfeld_Raferty']	1.0
disk-3000n	['modified_hubert_t']	1.0
disk-3000n	['i_index']	1.0
disk-3000n	['McClain_Rao']	1.0
disk-3000n	['IIndex']	1.0
disk-3000n	['Dunns_index']	1.0
disk-3000n	['Scott_Symons']	1.0
disk-3000n	['SDBW']	1.0
disk-3000n	['s_dbw']	1.0
disk-3000n	['Davies_Bouldin']	1.0
disk-3000n	['PBM_index']	1.0
disk-3000n	['Ratkowsky_Lance']	1.0
disk-3000n	['Ray_Turi']	1.0
fourty	['Banfeld_Raferty']	0.2300751879699248
fourty	['modified_hubert_t']	0.037593984962406006
fourty	['i_index']	0.037593984962406006
fourty	['McClain_Rao']	0.037593984962406006
fourty	['IIndex']	0.037593984962406006
fourty	['Dunns_index']	0.7112781954887217
fourty	['Scott_Symons']	0.2300751879699248
fourty	['SDBW']	-0.44360902255639095
fourty	['s_dbw']	0.2300751879699248
fourty	['Davies_Bouldin']	1.0
fourty	['PBM_index']	0.037593984962406006
fourty	['Ratkowsky_Lance']	0.037593984962406006
fourty	['Ray_Turi']	0.2300751879699248
donutcurves	['Banfeld_Raferty']	1.0
donutcurves	['modified_hubert_t']	0.2300751879699248
donutcurves	['i_index']	-0.732330827067669
donutcurves	['McClain_Rao']	0.2300751879699248
donutcurves	['IIndex']	0.2300751879699248
donutcurves	['Dunns_index']	-0.732330827067669
donutcurves	['Scott_Symons']	1.0
donutcurves	['SDBW']	0.037593984962406006
donutcurves	['s_dbw']	-0.732330827067669
donutcurves	['Davies_Bouldin']	-0.732330827067669
donutcurves	['PBM_index']	-0.732330827067669
donutcurves	['Ratkowsky_Lance']	0.2300751879699248
donutcurves	['Ray_Turi']	-0.732330827067669
cassini	['Banfeld_Raferty']	1.0
cassini	['modified_hubert_t']	0.037593984962406006
cassini	['i_index']	0.037593984962406006
cassini	['McClain_Rao']	0.037593984962406006
cassini	['IIndex']	0.037593984962406006
cassini	['Dunns_index']	1.0
cassini	['Scott_Symons']	1.0
cassini	['SDBW']	1.0
cassini	['s_dbw']	0.037593984962406006
cassini	['Davies_Bouldin']	1.0
cassini	['PBM_index']	0.037593984962406006
cassini	['Ratkowsky_Lance']	0.037593984962406006
cassini	['Ray_Turi']	1.0
curves2	['Banfeld_Raferty']	0.7112781954887217
curves2	['modified_hubert_t']	0.7112781954887217
curves2	['i_index']	-0.732330827067669
curves2	['McClain_Rao']	0.7112781954887217
curves2	['IIndex']	-0.44360902255639095
curves2	['Dunns_index']	-0.732330827067669
curves2	['Scott_Symons']	0.7112781954887217
curves2	['SDBW']	0.7112781954887217
curves2	['s_dbw']	0.7112781954887217
curves2	['Davies_Bouldin']	-0.44360902255639095
curves2	['PBM_index']	-0.732330827067669
curves2	['Ratkowsky_Lance']	1.0
curves2	['Ray_Turi']	-0.732330827067669
ds577	['Banfeld_Raferty']	1.0
ds577	['modified_hubert_t']	0.037593984962406006
ds577	['i_index']	1.0
ds577	['McClain_Rao']	0.037593984962406006
ds577	['IIndex']	0.037593984962406006
ds577	['Dunns_index']	1.0
ds577	['Scott_Symons']	1.0
ds577	['SDBW']	1.0
ds577	['s_dbw']	1.0
ds577	['Davies_Bouldin']	1.0
ds577	['PBM_index']	1.0
ds577	['Ratkowsky_Lance']	0.037593984962406006
ds577	['Ray_Turi']	1.0
tetra	['Banfeld_Raferty']	-0.5058823529411764
tetra	['modified_hubert_t']	-0.5058823529411764
tetra	['i_index']	-0.5058823529411764
tetra	['McClain_Rao']	-0.5058823529411764
tetra	['IIndex']	-0.5058823529411764
tetra	['Dunns_index']	-0.5058823529411764
tetra	['Scott_Symons']	-0.5058823529411764
tetra	['SDBW']	-0.5058823529411764
tetra	['s_dbw']	-0.5058823529411764
tetra	['Davies_Bouldin']	-0.5058823529411764
tetra	['PBM_index']	-0.5058823529411764
tetra	['Ratkowsky_Lance']	-0.5058823529411764
tetra	['Ray_Turi']	-0.5058823529411764
d31	['Banfeld_Raferty']	0.037593984962406006
d31	['modified_hubert_t']	1.0
d31	['i_index']	0.037593984962406006
d31	['McClain_Rao']	0.2300751879699248
d31	['IIndex']	1.0
d31	['Dunns_index']	0.2300751879699248
d31	['Scott_Symons']	0.037593984962406006
d31	['SDBW']	0.037593984962406006
d31	['s_dbw']	0.037593984962406006
d31	['Davies_Bouldin']	0.037593984962406006
d31	['PBM_index']	0.037593984962406006
d31	['Ratkowsky_Lance']	-0.732330827067669
d31	['Ray_Turi']	0.037593984962406006
curves1	['Banfeld_Raferty']	0.037593984962406006
curves1	['modified_hubert_t']	0.037593984962406006
curves1	['i_index']	1.0
curves1	['McClain_Rao']	0.037593984962406006
curves1	['IIndex']	0.037593984962406006
curves1	['Dunns_index']	1.0
curves1	['Scott_Symons']	0.037593984962406006
curves1	['SDBW']	1.0
curves1	['s_dbw']	1.0
curves1	['Davies_Bouldin']	1.0
curves1	['PBM_index']	1.0
curves1	['Ratkowsky_Lance']	0.037593984962406006
curves1	['Ray_Turi']	1.0
donut2	['Banfeld_Raferty']	-0.5058823529411764
donut2	['modified_hubert_t']	1.0
donut2	['i_index']	1.0
donut2	['McClain_Rao']	1.0
donut2	['IIndex']	1.0
donut2	['Dunns_index']	1.0
donut2	['Scott_Symons']	-0.5058823529411764
donut2	['SDBW']	1.0
donut2	['s_dbw']	1.0
donut2	['Davies_Bouldin']	1.0
donut2	['PBM_index']	1.0
donut2	['Ratkowsky_Lance']	-0.5058823529411764
donut2	['Ray_Turi']	1.0
pmf	['Banfeld_Raferty']	0.037593984962406006
pmf	['modified_hubert_t']	1.0
pmf	['i_index']	0.037593984962406006
pmf	['McClain_Rao']	0.037593984962406006
pmf	['IIndex']	1.0
pmf	['Dunns_index']	0.037593984962406006
pmf	['Scott_Symons']	0.037593984962406006
pmf	['SDBW']	0.037593984962406006
pmf	['s_dbw']	0.037593984962406006
pmf	['Davies_Bouldin']	0.037593984962406006
pmf	['PBM_index']	0.037593984962406006
pmf	['Ratkowsky_Lance']	0.037593984962406006
pmf	['Ray_Turi']	0.037593984962406006
complex8	['Banfeld_Raferty']	1.0
complex8	['modified_hubert_t']	-0.732330827067669
complex8	['i_index']	-0.732330827067669
complex8	['McClain_Rao']	-0.732330827067669
complex8	['IIndex']	-0.732330827067669
complex8	['Dunns_index']	0.7112781954887217
complex8	['Scott_Symons']	1.0
complex8	['SDBW']	0.2300751879699248
complex8	['s_dbw']	1.0
complex8	['Davies_Bouldin']	-0.732330827067669
complex8	['PBM_index']	-0.732330827067669
complex8	['Ratkowsky_Lance']	0.037593984962406006
complex8	['Ray_Turi']	0.2300751879699248
arrhythmia	['Banfeld_Raferty']	-0.5058823529411764
arrhythmia	['modified_hubert_t']	1.0
arrhythmia	['i_index']	-0.5058823529411764
arrhythmia	['McClain_Rao']	1.0
arrhythmia	['IIndex']	1.0
arrhythmia	['Dunns_index']	1.0
arrhythmia	['Scott_Symons']	1.0
arrhythmia	['SDBW']	-0.5058823529411764
arrhythmia	['s_dbw']	1.0
arrhythmia	['Davies_Bouldin']	-0.5058823529411764
arrhythmia	['PBM_index']	-0.5058823529411764
arrhythmia	['Ratkowsky_Lance']	1.0
arrhythmia	['Ray_Turi']	-0.5058823529411764
aml28	['Banfeld_Raferty']	1.0
aml28	['modified_hubert_t']	0.037593984962406006
aml28	['i_index']	1.0
aml28	['McClain_Rao']	1.0
aml28	['IIndex']	0.037593984962406006
aml28	['Dunns_index']	1.0
aml28	['Scott_Symons']	1.0
aml28	['SDBW']	1.0
aml28	['s_dbw']	1.0
aml28	['Davies_Bouldin']	1.0
aml28	['PBM_index']	1.0
aml28	['Ratkowsky_Lance']	1.0
aml28	['Ray_Turi']	1.0
sizes2	['Banfeld_Raferty']	0.037593984962406006
sizes2	['modified_hubert_t']	0.2300751879699248
sizes2	['i_index']	-0.732330827067669
sizes2	['McClain_Rao']	0.2300751879699248
sizes2	['IIndex']	0.2300751879699248
sizes2	['Dunns_index']	0.037593984962406006
sizes2	['Scott_Symons']	-0.732330827067669
sizes2	['SDBW']	-0.732330827067669
sizes2	['s_dbw']	-0.732330827067669
sizes2	['Davies_Bouldin']	-0.732330827067669
sizes2	['PBM_index']	-0.732330827067669
sizes2	['Ratkowsky_Lance']	0.2300751879699248
sizes2	['Ray_Turi']	-0.732330827067669
cluto-t4-8k	['Banfeld_Raferty']	1.0
cluto-t4-8k	['modified_hubert_t']	0.037593984962406006
cluto-t4-8k	['i_index']	-0.732330827067669
cluto-t4-8k	['McClain_Rao']	-0.732330827067669
cluto-t4-8k	['IIndex']	0.037593984962406006
cluto-t4-8k	['Dunns_index']	1.0
cluto-t4-8k	['Scott_Symons']	1.0
cluto-t4-8k	['SDBW']	1.0
cluto-t4-8k	['s_dbw']	0.037593984962406006
cluto-t4-8k	['Davies_Bouldin']	-0.732330827067669
cluto-t4-8k	['PBM_index']	1.0
cluto-t4-8k	['Ratkowsky_Lance']	-0.732330827067669
cluto-t4-8k	['Ray_Turi']	1.0
zelnik5	['Banfeld_Raferty']	1.0
zelnik5	['modified_hubert_t']	1.0
zelnik5	['i_index']	1.0
zelnik5	['McClain_Rao']	1.0
zelnik5	['IIndex']	1.0
zelnik5	['Dunns_index']	1.0
zelnik5	['Scott_Symons']	1.0
zelnik5	['SDBW']	1.0
zelnik5	['s_dbw']	1.0
zelnik5	['Davies_Bouldin']	1.0
zelnik5	['PBM_index']	1.0
zelnik5	['Ratkowsky_Lance']	1.0
zelnik5	['Ray_Turi']	1.0
smile2	['Banfeld_Raferty']	1.0
smile2	['modified_hubert_t']	0.2300751879699248
smile2	['i_index']	-0.732330827067669
smile2	['McClain_Rao']	-0.44360902255639095
smile2	['IIndex']	0.2300751879699248
smile2	['Dunns_index']	-0.732330827067669
smile2	['Scott_Symons']	-0.44360902255639095
smile2	['SDBW']	-0.732330827067669
smile2	['s_dbw']	1.0
smile2	['Davies_Bouldin']	1.0
smile2	['PBM_index']	1.0
smile2	['Ratkowsky_Lance']	-0.732330827067669
smile2	['Ray_Turi']	-0.732330827067669
longsquare	['Banfeld_Raferty']	1.0
longsquare	['modified_hubert_t']	0.037593984962406006
longsquare	['i_index']	1.0
longsquare	['McClain_Rao']	0.037593984962406006
longsquare	['IIndex']	0.037593984962406006
longsquare	['Dunns_index']	1.0
longsquare	['Scott_Symons']	1.0
longsquare	['SDBW']	1.0
longsquare	['s_dbw']	1.0
longsquare	['Davies_Bouldin']	1.0
longsquare	['PBM_index']	1.0
longsquare	['Ratkowsky_Lance']	0.037593984962406006
longsquare	['Ray_Turi']	1.0
target	['Banfeld_Raferty']	1.0
target	['modified_hubert_t']	-0.44360902255639095
target	['i_index']	0.7112781954887217
target	['McClain_Rao']	-0.44360902255639095
target	['IIndex']	-0.44360902255639095
target	['Dunns_index']	0.7112781954887217
target	['Scott_Symons']	-0.732330827067669
target	['SDBW']	-0.44360902255639095
target	['s_dbw']	0.7112781954887217
target	['Davies_Bouldin']	0.7112781954887217
target	['PBM_index']	0.7112781954887217
target	['Ratkowsky_Lance']	-0.732330827067669
target	['Ray_Turi']	0.7112781954887217
zelnik1	['Banfeld_Raferty']	1.0
zelnik1	['modified_hubert_t']	1.0
zelnik1	['i_index']	1.0
zelnik1	['McClain_Rao']	1.0
zelnik1	['IIndex']	1.0
zelnik1	['Dunns_index']	1.0
zelnik1	['Scott_Symons']	1.0
zelnik1	['SDBW']	1.0
zelnik1	['s_dbw']	1.0
zelnik1	['Davies_Bouldin']	1.0
zelnik1	['PBM_index']	1.0
zelnik1	['Ratkowsky_Lance']	1.0
zelnik1	['Ray_Turi']	1.0
lsun	['Banfeld_Raferty']	1.0
lsun	['modified_hubert_t']	0.037593984962406006
lsun	['i_index']	1.0
lsun	['McClain_Rao']	0.037593984962406006
lsun	['IIndex']	0.037593984962406006
lsun	['Dunns_index']	1.0
lsun	['Scott_Symons']	1.0
lsun	['SDBW']	1.0
lsun	['s_dbw']	1.0
lsun	['Davies_Bouldin']	1.0
lsun	['PBM_index']	1.0
lsun	['Ratkowsky_Lance']	0.037593984962406006
lsun	['Ray_Turi']	1.0
disk-6000n	['Banfeld_Raferty']	0.037593984962406006
disk-6000n	['modified_hubert_t']	1.0
disk-6000n	['i_index']	0.037593984962406006
disk-6000n	['McClain_Rao']	1.0
disk-6000n	['IIndex']	1.0
disk-6000n	['Dunns_index']	-0.732330827067669
disk-6000n	['Scott_Symons']	0.037593984962406006
disk-6000n	['SDBW']	0.037593984962406006
disk-6000n	['s_dbw']	0.037593984962406006
disk-6000n	['Davies_Bouldin']	0.037593984962406006
disk-6000n	['PBM_index']	0.037593984962406006
disk-6000n	['Ratkowsky_Lance']	0.037593984962406006
disk-6000n	['Ray_Turi']	0.037593984962406006
square5	['Banfeld_Raferty']	-0.5058823529411764
square5	['modified_hubert_t']	-0.5058823529411764
square5	['i_index']	-0.5058823529411764
square5	['McClain_Rao']	-0.5058823529411764
square5	['IIndex']	-0.5058823529411764
square5	['Dunns_index']	-0.5058823529411764
square5	['Scott_Symons']	-0.5058823529411764
square5	['SDBW']	-0.5058823529411764
square5	['s_dbw']	-0.5058823529411764
square5	['Davies_Bouldin']	-0.5058823529411764
square5	['PBM_index']	-0.5058823529411764
square5	['Ratkowsky_Lance']	-0.5058823529411764
square5	['Ray_Turi']	-0.5058823529411764
disk-4000n	['Banfeld_Raferty']	0.037593984962406006
disk-4000n	['modified_hubert_t']	1.0
disk-4000n	['i_index']	0.037593984962406006
disk-4000n	['McClain_Rao']	1.0
disk-4000n	['IIndex']	1.0
disk-4000n	['Dunns_index']	0.2300751879699248
disk-4000n	['Scott_Symons']	0.037593984962406006
disk-4000n	['SDBW']	-0.732330827067669
disk-4000n	['s_dbw']	0.037593984962406006
disk-4000n	['Davies_Bouldin']	0.037593984962406006
disk-4000n	['PBM_index']	0.037593984962406006
disk-4000n	['Ratkowsky_Lance']	0.7112781954887217
disk-4000n	['Ray_Turi']	0.037593984962406006
sizes5	['Banfeld_Raferty']	1.0
sizes5	['modified_hubert_t']	-0.732330827067669
sizes5	['i_index']	-0.44360902255639095
sizes5	['McClain_Rao']	-0.732330827067669
sizes5	['IIndex']	-0.732330827067669
sizes5	['Dunns_index']	0.037593984962406006
sizes5	['Scott_Symons']	0.2300751879699248
sizes5	['SDBW']	0.2300751879699248
sizes5	['s_dbw']	0.2300751879699248
sizes5	['Davies_Bouldin']	0.037593984962406006
sizes5	['PBM_index']	-0.732330827067669
sizes5	['Ratkowsky_Lance']	-0.732330827067669
sizes5	['Ray_Turi']	0.2300751879699248
spiralsquare	['Banfeld_Raferty']	1.0
spiralsquare	['modified_hubert_t']	0.037593984962406006
spiralsquare	['i_index']	1.0
spiralsquare	['McClain_Rao']	0.037593984962406006
spiralsquare	['IIndex']	0.037593984962406006
spiralsquare	['Dunns_index']	1.0
spiralsquare	['Scott_Symons']	1.0
spiralsquare	['SDBW']	1.0
spiralsquare	['s_dbw']	1.0
spiralsquare	['Davies_Bouldin']	1.0
spiralsquare	['PBM_index']	1.0
spiralsquare	['Ratkowsky_Lance']	0.037593984962406006
spiralsquare	['Ray_Turi']	1.0
sonar	['Banfeld_Raferty']	1.0
sonar	['modified_hubert_t']	1.0
sonar	['i_index']	1.0
sonar	['McClain_Rao']	1.0
sonar	['IIndex']	1.0
sonar	['Dunns_index']	1.0
sonar	['Scott_Symons']	1.0
sonar	['SDBW']	1.0
sonar	['s_dbw']	1.0
sonar	['Davies_Bouldin']	1.0
sonar	['PBM_index']	1.0
sonar	['Ratkowsky_Lance']	1.0
sonar	['Ray_Turi']	1.0
2d-10c	['Banfeld_Raferty']	1.0
2d-10c	['modified_hubert_t']	1.0
2d-10c	['i_index']	1.0
2d-10c	['McClain_Rao']	1.0
2d-10c	['IIndex']	1.0
2d-10c	['Dunns_index']	1.0
2d-10c	['Scott_Symons']	1.0
2d-10c	['SDBW']	1.0
2d-10c	['s_dbw']	1.0
2d-10c	['Davies_Bouldin']	1.0
2d-10c	['PBM_index']	1.0
2d-10c	['Ratkowsky_Lance']	1.0
2d-10c	['Ray_Turi']	1.0
diamond9	['Banfeld_Raferty']	0.037593984962406006
diamond9	['modified_hubert_t']	1.0
diamond9	['i_index']	0.037593984962406006
diamond9	['McClain_Rao']	1.0
diamond9	['IIndex']	1.0
diamond9	['Dunns_index']	0.037593984962406006
diamond9	['Scott_Symons']	0.037593984962406006
diamond9	['SDBW']	0.037593984962406006
diamond9	['s_dbw']	1.0
diamond9	['Davies_Bouldin']	0.037593984962406006
diamond9	['PBM_index']	0.037593984962406006
diamond9	['Ratkowsky_Lance']	1.0
diamond9	['Ray_Turi']	0.037593984962406006
ecoli	['Banfeld_Raferty']	0.037593984962406006
ecoli	['modified_hubert_t']	0.037593984962406006
ecoli	['i_index']	1.0
ecoli	['McClain_Rao']	0.037593984962406006
ecoli	['IIndex']	0.037593984962406006
ecoli	['Dunns_index']	0.037593984962406006
ecoli	['Scott_Symons']	0.037593984962406006
ecoli	['SDBW']	1.0
ecoli	['s_dbw']	1.0
ecoli	['Davies_Bouldin']	0.2300751879699248
ecoli	['PBM_index']	1.0
ecoli	['Ratkowsky_Lance']	-0.44360902255639095
ecoli	['Ray_Turi']	1.0
dpb	['Banfeld_Raferty']	0.2300751879699248
dpb	['modified_hubert_t']	1.0
dpb	['i_index']	0.037593984962406006
dpb	['McClain_Rao']	0.2300751879699248
dpb	['IIndex']	1.0
dpb	['Dunns_index']	-0.732330827067669
dpb	['Scott_Symons']	0.2300751879699248
dpb	['SDBW']	0.037593984962406006
dpb	['s_dbw']	0.037593984962406006
dpb	['Davies_Bouldin']	0.037593984962406006
dpb	['PBM_index']	0.037593984962406006
dpb	['Ratkowsky_Lance']	0.2300751879699248
dpb	['Ray_Turi']	0.037593984962406006
thy	['Banfeld_Raferty']	-0.732330827067669
thy	['modified_hubert_t']	1.0
thy	['i_index']	0.037593984962406006
thy	['McClain_Rao']	1.0
thy	['IIndex']	1.0
thy	['Dunns_index']	1.0
thy	['Scott_Symons']	-0.44360902255639095
thy	['SDBW']	1.0
thy	['s_dbw']	1.0
thy	['Davies_Bouldin']	-0.732330827067669
thy	['PBM_index']	-0.732330827067669
thy	['Ratkowsky_Lance']	1.0
thy	['Ray_Turi']	0.037593984962406006
rings	['Banfeld_Raferty']	1.0
rings	['modified_hubert_t']	1.0
rings	['i_index']	1.0
rings	['McClain_Rao']	1.0
rings	['IIndex']	1.0
rings	['Dunns_index']	1.0
rings	['Scott_Symons']	1.0
rings	['SDBW']	1.0
rings	['s_dbw']	1.0
rings	['Davies_Bouldin']	1.0
rings	['PBM_index']	-0.5058823529411764
rings	['Ratkowsky_Lance']	1.0
rings	['Ray_Turi']	1.0
twodiamonds	['Banfeld_Raferty']	1.0
twodiamonds	['modified_hubert_t']	0.037593984962406006
twodiamonds	['i_index']	1.0
twodiamonds	['McClain_Rao']	0.037593984962406006
twodiamonds	['IIndex']	0.037593984962406006
twodiamonds	['Dunns_index']	1.0
twodiamonds	['Scott_Symons']	0.037593984962406006
twodiamonds	['SDBW']	1.0
twodiamonds	['s_dbw']	1.0
twodiamonds	['Davies_Bouldin']	1.0
twodiamonds	['PBM_index']	1.0
twodiamonds	['Ratkowsky_Lance']	0.037593984962406006
twodiamonds	['Ray_Turi']	1.0
square2	['Banfeld_Raferty']	-0.44360902255639095
square2	['modified_hubert_t']	-0.44360902255639095
square2	['i_index']	0.7112781954887217
square2	['McClain_Rao']	-0.732330827067669
square2	['IIndex']	-0.44360902255639095
square2	['Dunns_index']	0.7112781954887217
square2	['Scott_Symons']	-0.44360902255639095
square2	['SDBW']	0.7112781954887217
square2	['s_dbw']	0.7112781954887217
square2	['Davies_Bouldin']	0.7112781954887217
square2	['PBM_index']	0.7112781954887217
square2	['Ratkowsky_Lance']	-0.44360902255639095
square2	['Ray_Turi']	0.7112781954887217
hypercube	['Banfeld_Raferty']	1.0
hypercube	['modified_hubert_t']	1.0
hypercube	['i_index']	1.0
hypercube	['McClain_Rao']	1.0
hypercube	['IIndex']	1.0
hypercube	['Dunns_index']	1.0
hypercube	['Scott_Symons']	1.0
hypercube	['SDBW']	1.0
hypercube	['s_dbw']	1.0
hypercube	['Davies_Bouldin']	1.0
hypercube	['PBM_index']	1.0
hypercube	['Ratkowsky_Lance']	1.0
hypercube	['Ray_Turi']	1.0
haberman	['Banfeld_Raferty']	0.037593984962406006
haberman	['modified_hubert_t']	1.0
haberman	['i_index']	0.037593984962406006
haberman	['McClain_Rao']	1.0
haberman	['IIndex']	1.0
haberman	['Dunns_index']	1.0
haberman	['Scott_Symons']	1.0
haberman	['SDBW']	0.037593984962406006
haberman	['s_dbw']	0.037593984962406006
haberman	['Davies_Bouldin']	0.037593984962406006
haberman	['PBM_index']	0.037593984962406006
haberman	['Ratkowsky_Lance']	1.0
haberman	['Ray_Turi']	0.037593984962406006
disk-5000n	['Banfeld_Raferty']	0.037593984962406006
disk-5000n	['modified_hubert_t']	1.0
disk-5000n	['i_index']	0.037593984962406006
disk-5000n	['McClain_Rao']	1.0
disk-5000n	['IIndex']	1.0
disk-5000n	['Dunns_index']	-0.732330827067669
disk-5000n	['Scott_Symons']	-0.732330827067669
disk-5000n	['SDBW']	0.037593984962406006
disk-5000n	['s_dbw']	0.037593984962406006
disk-5000n	['Davies_Bouldin']	0.037593984962406006
disk-5000n	['PBM_index']	0.037593984962406006
disk-5000n	['Ratkowsky_Lance']	-0.732330827067669
disk-5000n	['Ray_Turi']	0.037593984962406006
twenty	['Banfeld_Raferty']	1.0
twenty	['modified_hubert_t']	1.0
twenty	['i_index']	1.0
twenty	['McClain_Rao']	1.0
twenty	['IIndex']	1.0
twenty	['Dunns_index']	1.0
twenty	['Scott_Symons']	1.0
twenty	['SDBW']	1.0
twenty	['s_dbw']	1.0
twenty	['Davies_Bouldin']	1.0
twenty	['PBM_index']	1.0
twenty	['Ratkowsky_Lance']	1.0
twenty	['Ray_Turi']	1.0
sizes3	['Banfeld_Raferty']	0.037593984962406006
sizes3	['modified_hubert_t']	1.0
sizes3	['i_index']	-0.732330827067669
sizes3	['McClain_Rao']	0.2300751879699248
sizes3	['IIndex']	1.0
sizes3	['Dunns_index']	0.037593984962406006
sizes3	['Scott_Symons']	-0.732330827067669
sizes3	['SDBW']	-0.732330827067669
sizes3	['s_dbw']	-0.732330827067669
sizes3	['Davies_Bouldin']	-0.732330827067669
sizes3	['PBM_index']	-0.732330827067669
sizes3	['Ratkowsky_Lance']	0.037593984962406006
sizes3	['Ray_Turi']	-0.732330827067669
iono	['Banfeld_Raferty']	1.0
iono	['modified_hubert_t']	-0.44360902255639095
iono	['i_index']	-0.44360902255639095
iono	['McClain_Rao']	0.7112781954887217
iono	['IIndex']	-0.44360902255639095
iono	['Dunns_index']	-0.44360902255639095
iono	['Scott_Symons']	-0.44360902255639095
iono	['SDBW']	1.0
iono	['s_dbw']	-0.44360902255639095
iono	['Davies_Bouldin']	1.0
iono	['PBM_index']	1.0
iono	['Ratkowsky_Lance']	-0.732330827067669
iono	['Ray_Turi']	1.0
smile3	['Banfeld_Raferty']	0.2300751879699248
smile3	['modified_hubert_t']	1.0
smile3	['i_index']	0.037593984962406006
smile3	['McClain_Rao']	1.0
smile3	['IIndex']	1.0
smile3	['Dunns_index']	0.037593984962406006
smile3	['Scott_Symons']	1.0
smile3	['SDBW']	0.037593984962406006
smile3	['s_dbw']	0.037593984962406006
smile3	['Davies_Bouldin']	0.037593984962406006
smile3	['PBM_index']	0.037593984962406006
smile3	['Ratkowsky_Lance']	0.2300751879699248
smile3	['Ray_Turi']	0.037593984962406006
square1	['Banfeld_Raferty']	-0.44360902255639095
square1	['modified_hubert_t']	-0.44360902255639095
square1	['i_index']	0.7112781954887217
square1	['McClain_Rao']	-0.732330827067669
square1	['IIndex']	-0.44360902255639095
square1	['Dunns_index']	1.0
square1	['Scott_Symons']	-0.44360902255639095
square1	['SDBW']	0.7112781954887217
square1	['s_dbw']	0.7112781954887217
square1	['Davies_Bouldin']	0.7112781954887217
square1	['PBM_index']	0.7112781954887217
square1	['Ratkowsky_Lance']	-0.44360902255639095
square1	['Ray_Turi']	0.7112781954887217
ds2c2sc13	['Banfeld_Raferty']	1.0
ds2c2sc13	['modified_hubert_t']	1.0
ds2c2sc13	['i_index']	0.037593984962406006
ds2c2sc13	['McClain_Rao']	1.0
ds2c2sc13	['IIndex']	1.0
ds2c2sc13	['Dunns_index']	0.037593984962406006
ds2c2sc13	['Scott_Symons']	1.0
ds2c2sc13	['SDBW']	0.037593984962406006
ds2c2sc13	['s_dbw']	0.037593984962406006
ds2c2sc13	['Davies_Bouldin']	0.037593984962406006
ds2c2sc13	['PBM_index']	0.037593984962406006
ds2c2sc13	['Ratkowsky_Lance']	1.0
ds2c2sc13	['Ray_Turi']	0.037593984962406006
disk-1000n	['Banfeld_Raferty']	1.0
disk-1000n	['modified_hubert_t']	1.0
disk-1000n	['i_index']	1.0
disk-1000n	['McClain_Rao']	1.0
disk-1000n	['IIndex']	1.0
disk-1000n	['Dunns_index']	1.0
disk-1000n	['Scott_Symons']	1.0
disk-1000n	['SDBW']	1.0
disk-1000n	['s_dbw']	1.0
disk-1000n	['Davies_Bouldin']	1.0
disk-1000n	['PBM_index']	1.0
disk-1000n	['Ratkowsky_Lance']	1.0
disk-1000n	['Ray_Turi']	1.0
pathbased	['Banfeld_Raferty']	0.037593984962406006
pathbased	['modified_hubert_t']	0.2300751879699248
pathbased	['i_index']	1.0
pathbased	['McClain_Rao']	1.0
pathbased	['IIndex']	0.2300751879699248
pathbased	['Dunns_index']	0.037593984962406006
pathbased	['Scott_Symons']	0.037593984962406006
pathbased	['SDBW']	-0.732330827067669
pathbased	['s_dbw']	0.7112781954887217
pathbased	['Davies_Bouldin']	0.037593984962406006
pathbased	['PBM_index']	1.0
pathbased	['Ratkowsky_Lance']	-0.44360902255639095
pathbased	['Ray_Turi']	-0.732330827067669
long2	['Banfeld_Raferty']	1.0
long2	['modified_hubert_t']	1.0
long2	['i_index']	1.0
long2	['McClain_Rao']	1.0
long2	['IIndex']	1.0
long2	['Dunns_index']	1.0
long2	['Scott_Symons']	1.0
long2	['SDBW']	1.0
long2	['s_dbw']	1.0
long2	['Davies_Bouldin']	1.0
long2	['PBM_index']	1.0
long2	['Ratkowsky_Lance']	1.0
long2	['Ray_Turi']	1.0
cluto-t5-8k	['Banfeld_Raferty']	0.037593984962406006
cluto-t5-8k	['modified_hubert_t']	0.2300751879699248
cluto-t5-8k	['i_index']	0.7112781954887217
cluto-t5-8k	['McClain_Rao']	1.0
cluto-t5-8k	['IIndex']	0.2300751879699248
cluto-t5-8k	['Dunns_index']	0.037593984962406006
cluto-t5-8k	['Scott_Symons']	0.037593984962406006
cluto-t5-8k	['SDBW']	-0.732330827067669
cluto-t5-8k	['s_dbw']	0.037593984962406006
cluto-t5-8k	['Davies_Bouldin']	0.2300751879699248
cluto-t5-8k	['PBM_index']	0.037593984962406006
cluto-t5-8k	['Ratkowsky_Lance']	0.7112781954887217
cluto-t5-8k	['Ray_Turi']	1.0
2d-4c-no4	['Banfeld_Raferty']	1.0
2d-4c-no4	['modified_hubert_t']	0.037593984962406006
2d-4c-no4	['i_index']	1.0
2d-4c-no4	['McClain_Rao']	-0.732330827067669
2d-4c-no4	['IIndex']	0.037593984962406006
2d-4c-no4	['Dunns_index']	1.0
2d-4c-no4	['Scott_Symons']	1.0
2d-4c-no4	['SDBW']	1.0
2d-4c-no4	['s_dbw']	1.0
2d-4c-no4	['Davies_Bouldin']	1.0
2d-4c-no4	['PBM_index']	1.0
2d-4c-no4	['Ratkowsky_Lance']	-0.732330827067669
2d-4c-no4	['Ray_Turi']	1.0
shapes	['Banfeld_Raferty']	1.0
shapes	['modified_hubert_t']	0.037593984962406006
shapes	['i_index']	1.0
shapes	['McClain_Rao']	0.037593984962406006
shapes	['IIndex']	0.037593984962406006
shapes	['Dunns_index']	1.0
shapes	['Scott_Symons']	1.0
shapes	['SDBW']	1.0
shapes	['s_dbw']	1.0
shapes	['Davies_Bouldin']	1.0
shapes	['PBM_index']	1.0
shapes	['Ratkowsky_Lance']	1.0
shapes	['Ray_Turi']	1.0
spherical_4_3	['Banfeld_Raferty']	1.0
spherical_4_3	['modified_hubert_t']	1.0
spherical_4_3	['i_index']	1.0
spherical_4_3	['McClain_Rao']	1.0
spherical_4_3	['IIndex']	1.0
spherical_4_3	['Dunns_index']	1.0
spherical_4_3	['Scott_Symons']	1.0
spherical_4_3	['SDBW']	1.0
spherical_4_3	['s_dbw']	1.0
spherical_4_3	['Davies_Bouldin']	1.0
spherical_4_3	['PBM_index']	1.0
spherical_4_3	['Ratkowsky_Lance']	1.0
spherical_4_3	['Ray_Turi']	1.0
zelnik4	['Banfeld_Raferty']	1.0
zelnik4	['modified_hubert_t']	1.0
zelnik4	['i_index']	1.0
zelnik4	['McClain_Rao']	1.0
zelnik4	['IIndex']	1.0
zelnik4	['Dunns_index']	1.0
zelnik4	['Scott_Symons']	1.0
zelnik4	['SDBW']	1.0
zelnik4	['s_dbw']	1.0
zelnik4	['Davies_Bouldin']	1.0
zelnik4	['PBM_index']	1.0
zelnik4	['Ratkowsky_Lance']	1.0
zelnik4	['Ray_Turi']	1.0
dartboard1	['Banfeld_Raferty']	1.0
dartboard1	['modified_hubert_t']	1.0
dartboard1	['i_index']	1.0
dartboard1	['McClain_Rao']	1.0
dartboard1	['IIndex']	1.0
dartboard1	['Dunns_index']	1.0
dartboard1	['Scott_Symons']	1.0
dartboard1	['SDBW']	1.0
dartboard1	['s_dbw']	1.0
dartboard1	['Davies_Bouldin']	1.0
dartboard1	['PBM_index']	1.0
dartboard1	['Ratkowsky_Lance']	1.0
dartboard1	['Ray_Turi']	1.0
chainlink	['Banfeld_Raferty']	1.0
chainlink	['modified_hubert_t']	1.0
chainlink	['i_index']	1.0
chainlink	['McClain_Rao']	1.0
chainlink	['IIndex']	1.0
chainlink	['Dunns_index']	1.0
chainlink	['Scott_Symons']	1.0
chainlink	['SDBW']	1.0
chainlink	['s_dbw']	1.0
chainlink	['Davies_Bouldin']	1.0
chainlink	['PBM_index']	1.0
chainlink	['Ratkowsky_Lance']	1.0
chainlink	['Ray_Turi']	1.0
atom	['Banfeld_Raferty']	0.7112781954887217
atom	['modified_hubert_t']	-0.44360902255639095
atom	['i_index']	-0.44360902255639095
atom	['McClain_Rao']	0.7112781954887217
atom	['IIndex']	-0.44360902255639095
atom	['Dunns_index']	1.0
atom	['Scott_Symons']	0.7112781954887217
atom	['SDBW']	-0.44360902255639095
atom	['s_dbw']	-0.44360902255639095
atom	['Davies_Bouldin']	0.7112781954887217
atom	['PBM_index']	-0.44360902255639095
atom	['Ratkowsky_Lance']	0.7112781954887217
atom	['Ray_Turi']	0.7112781954887217
long1	['Banfeld_Raferty']	1.0
long1	['modified_hubert_t']	1.0
long1	['i_index']	1.0
long1	['McClain_Rao']	1.0
long1	['IIndex']	1.0
long1	['Dunns_index']	1.0
long1	['Scott_Symons']	1.0
long1	['SDBW']	1.0
long1	['s_dbw']	1.0
long1	['Davies_Bouldin']	1.0
long1	['PBM_index']	1.0
long1	['Ratkowsky_Lance']	1.0
long1	['Ray_Turi']	1.0
zelnik2	['Banfeld_Raferty']	-0.732330827067669
zelnik2	['modified_hubert_t']	1.0
zelnik2	['i_index']	0.037593984962406006
zelnik2	['McClain_Rao']	-0.44360902255639095
zelnik2	['IIndex']	1.0
zelnik2	['Dunns_index']	0.037593984962406006
zelnik2	['Scott_Symons']	-0.732330827067669
zelnik2	['SDBW']	1.0
zelnik2	['s_dbw']	1.0
zelnik2	['Davies_Bouldin']	0.2300751879699248
zelnik2	['PBM_index']	0.037593984962406006
zelnik2	['Ratkowsky_Lance']	0.7112781954887217
zelnik2	['Ray_Turi']	-0.732330827067669
balance-scale	['Banfeld_Raferty']	1.0
balance-scale	['modified_hubert_t']	1.0
balance-scale	['i_index']	1.0
balance-scale	['McClain_Rao']	1.0
balance-scale	['IIndex']	1.0
balance-scale	['Dunns_index']	1.0
balance-scale	['Scott_Symons']	1.0
balance-scale	['SDBW']	1.0
balance-scale	['s_dbw']	1.0
balance-scale	['Davies_Bouldin']	1.0
balance-scale	['PBM_index']	1.0
balance-scale	['Ratkowsky_Lance']	1.0
balance-scale	['Ray_Turi']	1.0
donut1	['Banfeld_Raferty']	-0.44360902255639095
donut1	['modified_hubert_t']	-0.44360902255639095
donut1	['i_index']	0.7112781954887217
donut1	['McClain_Rao']	-0.44360902255639095
donut1	['IIndex']	-0.44360902255639095
donut1	['Dunns_index']	1.0
donut1	['Scott_Symons']	-0.44360902255639095
donut1	['SDBW']	-0.44360902255639095
donut1	['s_dbw']	1.0
donut1	['Davies_Bouldin']	1.0
donut1	['PBM_index']	0.7112781954887217
donut1	['Ratkowsky_Lance']	-0.732330827067669
donut1	['Ray_Turi']	1.0
2d-3c-no123	['Banfeld_Raferty']	1.0
2d-3c-no123	['modified_hubert_t']	0.037593984962406006
2d-3c-no123	['i_index']	1.0
2d-3c-no123	['McClain_Rao']	0.037593984962406006
2d-3c-no123	['IIndex']	0.037593984962406006
2d-3c-no123	['Dunns_index']	1.0
2d-3c-no123	['Scott_Symons']	1.0
2d-3c-no123	['SDBW']	1.0
2d-3c-no123	['s_dbw']	1.0
2d-3c-no123	['Davies_Bouldin']	1.0
2d-3c-no123	['PBM_index']	0.037593984962406006
2d-3c-no123	['Ratkowsky_Lance']	0.037593984962406006
2d-3c-no123	['Ray_Turi']	1.0
engytime	['Banfeld_Raferty']	-0.5058823529411764
engytime	['modified_hubert_t']	-0.5058823529411764
engytime	['i_index']	-0.5058823529411764
engytime	['McClain_Rao']	-0.5058823529411764
engytime	['IIndex']	-0.5058823529411764
engytime	['Dunns_index']	-0.5058823529411764
engytime	['Scott_Symons']	-0.5058823529411764
engytime	['SDBW']	-0.5058823529411764
engytime	['s_dbw']	-0.5058823529411764
engytime	['Davies_Bouldin']	-0.5058823529411764
engytime	['PBM_index']	-0.5058823529411764
engytime	['Ratkowsky_Lance']	-0.5058823529411764
engytime	['Ray_Turi']	-0.5058823529411764
disk-4500n	['Banfeld_Raferty']	-0.5058823529411764
disk-4500n	['modified_hubert_t']	-0.5058823529411764
disk-4500n	['i_index']	-0.5058823529411764
disk-4500n	['McClain_Rao']	-0.5058823529411764
disk-4500n	['IIndex']	-0.5058823529411764
disk-4500n	['Dunns_index']	-0.5058823529411764
disk-4500n	['Scott_Symons']	-0.5058823529411764
disk-4500n	['SDBW']	-0.5058823529411764
disk-4500n	['s_dbw']	-0.5058823529411764
disk-4500n	['Davies_Bouldin']	-0.5058823529411764
disk-4500n	['PBM_index']	-0.5058823529411764
disk-4500n	['Ratkowsky_Lance']	-0.5058823529411764
disk-4500n	['Ray_Turi']	-0.5058823529411764
disk-4600n	['Banfeld_Raferty']	-0.732330827067669
disk-4600n	['modified_hubert_t']	1.0
disk-4600n	['i_index']	-0.732330827067669
disk-4600n	['McClain_Rao']	0.2300751879699248
disk-4600n	['IIndex']	1.0
disk-4600n	['Dunns_index']	0.037593984962406006
disk-4600n	['Scott_Symons']	-0.732330827067669
disk-4600n	['SDBW']	-0.732330827067669
disk-4600n	['s_dbw']	0.037593984962406006
disk-4600n	['Davies_Bouldin']	-0.732330827067669
disk-4600n	['PBM_index']	0.037593984962406006
disk-4600n	['Ratkowsky_Lance']	-0.44360902255639095
disk-4600n	['Ray_Turi']	-0.732330827067669
spherical_6_2	['Banfeld_Raferty']	1.0
spherical_6_2	['modified_hubert_t']	1.0
spherical_6_2	['i_index']	1.0
spherical_6_2	['McClain_Rao']	1.0
spherical_6_2	['IIndex']	1.0
spherical_6_2	['Dunns_index']	1.0
spherical_6_2	['Scott_Symons']	1.0
spherical_6_2	['SDBW']	1.0
spherical_6_2	['s_dbw']	1.0
spherical_6_2	['Davies_Bouldin']	1.0
spherical_6_2	['PBM_index']	1.0
spherical_6_2	['Ratkowsky_Lance']	1.0
spherical_6_2	['Ray_Turi']	1.0
elliptical_10_2	['Banfeld_Raferty']	0.037593984962406006
elliptical_10_2	['modified_hubert_t']	1.0
elliptical_10_2	['i_index']	1.0
elliptical_10_2	['McClain_Rao']	1.0
elliptical_10_2	['IIndex']	1.0
elliptical_10_2	['Dunns_index']	-0.44360902255639095
elliptical_10_2	['Scott_Symons']	-0.732330827067669
elliptical_10_2	['SDBW']	0.037593984962406006
elliptical_10_2	['s_dbw']	0.037593984962406006
elliptical_10_2	['Davies_Bouldin']	1.0
elliptical_10_2	['PBM_index']	1.0
elliptical_10_2	['Ratkowsky_Lance']	1.0
elliptical_10_2	['Ray_Turi']	0.037593984962406006
aggregation	['Banfeld_Raferty']	-0.732330827067669
aggregation	['modified_hubert_t']	0.2300751879699248
aggregation	['i_index']	-0.732330827067669
aggregation	['McClain_Rao']	0.2300751879699248
aggregation	['IIndex']	0.2300751879699248
aggregation	['Dunns_index']	-0.732330827067669
aggregation	['Scott_Symons']	-0.732330827067669
aggregation	['SDBW']	-0.732330827067669
aggregation	['s_dbw']	-0.732330827067669
aggregation	['Davies_Bouldin']	-0.732330827067669
aggregation	['PBM_index']	-0.732330827067669
aggregation	['Ratkowsky_Lance']	0.2300751879699248
aggregation	['Ray_Turi']	-0.732330827067669
2d-4c-no9	['Banfeld_Raferty']	1.0
2d-4c-no9	['modified_hubert_t']	0.037593984962406006
2d-4c-no9	['i_index']	1.0
2d-4c-no9	['McClain_Rao']	0.037593984962406006
2d-4c-no9	['IIndex']	0.037593984962406006
2d-4c-no9	['Dunns_index']	1.0
2d-4c-no9	['Scott_Symons']	1.0
2d-4c-no9	['SDBW']	1.0
2d-4c-no9	['s_dbw']	1.0
2d-4c-no9	['Davies_Bouldin']	1.0
2d-4c-no9	['PBM_index']	1.0
2d-4c-no9	['Ratkowsky_Lance']	1.0
2d-4c-no9	['Ray_Turi']	1.0
zelnik6	['Banfeld_Raferty']	-0.44360902255639095
zelnik6	['modified_hubert_t']	0.2300751879699248
zelnik6	['i_index']	-0.732330827067669
zelnik6	['McClain_Rao']	1.0
zelnik6	['IIndex']	0.2300751879699248
zelnik6	['Dunns_index']	-0.732330827067669
zelnik6	['Scott_Symons']	1.0
zelnik6	['SDBW']	0.2300751879699248
zelnik6	['s_dbw']	0.2300751879699248
zelnik6	['Davies_Bouldin']	1.0
zelnik6	['PBM_index']	-0.732330827067669
zelnik6	['Ratkowsky_Lance']	-0.44360902255639095
zelnik6	['Ray_Turi']	0.7112781954887217
hepta	['Banfeld_Raferty']	-0.5058823529411764
hepta	['modified_hubert_t']	-0.5058823529411764
hepta	['i_index']	-0.5058823529411764
hepta	['McClain_Rao']	-0.5058823529411764
hepta	['IIndex']	-0.5058823529411764
hepta	['Dunns_index']	-0.5058823529411764
hepta	['Scott_Symons']	-0.5058823529411764
hepta	['SDBW']	-0.5058823529411764
hepta	['s_dbw']	-0.5058823529411764
hepta	['Davies_Bouldin']	-0.5058823529411764
hepta	['PBM_index']	-0.5058823529411764
hepta	['Ratkowsky_Lance']	1.0
hepta	['Ray_Turi']	-0.5058823529411764
2d-4c	['Banfeld_Raferty']	1.0
2d-4c	['modified_hubert_t']	1.0
2d-4c	['i_index']	1.0
2d-4c	['McClain_Rao']	1.0
2d-4c	['IIndex']	1.0
2d-4c	['Dunns_index']	1.0
2d-4c	['Scott_Symons']	1.0
2d-4c	['SDBW']	1.0
2d-4c	['s_dbw']	1.0
2d-4c	['Davies_Bouldin']	1.0
2d-4c	['PBM_index']	1.0
2d-4c	['Ratkowsky_Lance']	1.0
2d-4c	['Ray_Turi']	1.0
sizes1	['Banfeld_Raferty']	0.037593984962406006
sizes1	['modified_hubert_t']	0.2300751879699248
sizes1	['i_index']	0.037593984962406006
sizes1	['McClain_Rao']	1.0
sizes1	['IIndex']	0.2300751879699248
sizes1	['Dunns_index']	-0.732330827067669
sizes1	['Scott_Symons']	-0.732330827067669
sizes1	['SDBW']	-0.732330827067669
sizes1	['s_dbw']	-0.732330827067669
sizes1	['Davies_Bouldin']	0.037593984962406006
sizes1	['PBM_index']	-0.732330827067669
sizes1	['Ratkowsky_Lance']	1.0
sizes1	['Ray_Turi']	0.037593984962406006
cluto-t7-10k	['Banfeld_Raferty']	0.2300751879699248
cluto-t7-10k	['modified_hubert_t']	0.037593984962406006
cluto-t7-10k	['i_index']	0.2300751879699248
cluto-t7-10k	['McClain_Rao']	0.037593984962406006
cluto-t7-10k	['IIndex']	0.037593984962406006
cluto-t7-10k	['Dunns_index']	1.0
cluto-t7-10k	['Scott_Symons']	0.2300751879699248
cluto-t7-10k	['SDBW']	1.0
cluto-t7-10k	['s_dbw']	-0.732330827067669
cluto-t7-10k	['Davies_Bouldin']	0.2300751879699248
cluto-t7-10k	['PBM_index']	0.2300751879699248
cluto-t7-10k	['Ratkowsky_Lance']	0.037593984962406006
cluto-t7-10k	['Ray_Turi']	0.2300751879699248
simplex	['Banfeld_Raferty']	1.0
simplex	['modified_hubert_t']	1.0
simplex	['i_index']	1.0
simplex	['McClain_Rao']	1.0
simplex	['IIndex']	1.0
simplex	['Dunns_index']	1.0
simplex	['Scott_Symons']	1.0
simplex	['SDBW']	1.0
simplex	['s_dbw']	1.0
simplex	['Davies_Bouldin']	1.0
simplex	['PBM_index']	1.0
simplex	['Ratkowsky_Lance']	1.0
simplex	['Ray_Turi']	1.0
2sp2glob	['Banfeld_Raferty']	1.0
2sp2glob	['modified_hubert_t']	1.0
2sp2glob	['i_index']	1.0
2sp2glob	['McClain_Rao']	1.0
2sp2glob	['IIndex']	1.0
2sp2glob	['Dunns_index']	1.0
2sp2glob	['Scott_Symons']	1.0
2sp2glob	['SDBW']	1.0
2sp2glob	['s_dbw']	1.0
2sp2glob	['Davies_Bouldin']	1.0
2sp2glob	['PBM_index']	1.0
2sp2glob	['Ratkowsky_Lance']	1.0
2sp2glob	['Ray_Turi']	1.0
cluto-t8-8k	['Banfeld_Raferty']	1.0
cluto-t8-8k	['modified_hubert_t']	1.0
cluto-t8-8k	['i_index']	1.0
cluto-t8-8k	['McClain_Rao']	1.0
cluto-t8-8k	['IIndex']	1.0
cluto-t8-8k	['Dunns_index']	1.0
cluto-t8-8k	['Scott_Symons']	1.0
cluto-t8-8k	['SDBW']	1.0
cluto-t8-8k	['s_dbw']	1.0
cluto-t8-8k	['Davies_Bouldin']	1.0
cluto-t8-8k	['PBM_index']	1.0
cluto-t8-8k	['Ratkowsky_Lance']	1.0
cluto-t8-8k	['Ray_Turi']	1.0
ds850	['Banfeld_Raferty']	0.2300751879699248
ds850	['modified_hubert_t']	-0.732330827067669
ds850	['i_index']	0.2300751879699248
ds850	['McClain_Rao']	0.037593984962406006
ds850	['IIndex']	-0.732330827067669
ds850	['Dunns_index']	0.2300751879699248
ds850	['Scott_Symons']	0.2300751879699248
ds850	['SDBW']	0.2300751879699248
ds850	['s_dbw']	-0.732330827067669
ds850	['Davies_Bouldin']	0.2300751879699248
ds850	['PBM_index']	0.2300751879699248
ds850	['Ratkowsky_Lance']	-0.732330827067669
ds850	['Ray_Turi']	0.2300751879699248
compound	['Banfeld_Raferty']	0.037593984962406006
compound	['modified_hubert_t']	1.0
compound	['i_index']	0.037593984962406006
compound	['McClain_Rao']	1.0
compound	['IIndex']	1.0
compound	['Dunns_index']	0.037593984962406006
compound	['Scott_Symons']	0.037593984962406006
compound	['SDBW']	0.037593984962406006
compound	['s_dbw']	0.037593984962406006
compound	['Davies_Bouldin']	0.037593984962406006
compound	['PBM_index']	0.037593984962406006
compound	['Ratkowsky_Lance']	1.0
compound	['Ray_Turi']	0.037593984962406006
ds3c3sc6	['Banfeld_Raferty']	1.0
ds3c3sc6	['modified_hubert_t']	1.0
ds3c3sc6	['i_index']	0.037593984962406006
ds3c3sc6	['McClain_Rao']	1.0
ds3c3sc6	['IIndex']	1.0
ds3c3sc6	['Dunns_index']	0.037593984962406006
ds3c3sc6	['Scott_Symons']	1.0
ds3c3sc6	['SDBW']	0.037593984962406006
ds3c3sc6	['s_dbw']	0.037593984962406006
ds3c3sc6	['Davies_Bouldin']	0.037593984962406006
ds3c3sc6	['PBM_index']	0.037593984962406006
ds3c3sc6	['Ratkowsky_Lance']	1.0
ds3c3sc6	['Ray_Turi']	0.037593984962406006
spherical_5_2	['Banfeld_Raferty']	-0.5058823529411764
spherical_5_2	['modified_hubert_t']	-0.5058823529411764
spherical_5_2	['i_index']	-0.5058823529411764
spherical_5_2	['McClain_Rao']	-0.5058823529411764
spherical_5_2	['IIndex']	-0.5058823529411764
spherical_5_2	['Dunns_index']	-0.5058823529411764
spherical_5_2	['Scott_Symons']	-0.5058823529411764
spherical_5_2	['SDBW']	-0.5058823529411764
spherical_5_2	['s_dbw']	-0.5058823529411764
spherical_5_2	['Davies_Bouldin']	-0.5058823529411764
spherical_5_2	['PBM_index']	-0.5058823529411764
spherical_5_2	['Ratkowsky_Lance']	-0.5058823529411764
spherical_5_2	['Ray_Turi']	-0.5058823529411764
3MC	['Banfeld_Raferty']	1.0
3MC	['modified_hubert_t']	0.037593984962406006
3MC	['i_index']	1.0
3MC	['McClain_Rao']	0.037593984962406006
3MC	['IIndex']	0.037593984962406006
3MC	['Dunns_index']	1.0
3MC	['Scott_Symons']	1.0
3MC	['SDBW']	1.0
3MC	['s_dbw']	1.0
3MC	['Davies_Bouldin']	1.0
3MC	['PBM_index']	1.0
3MC	['Ratkowsky_Lance']	1.0
3MC	['Ray_Turi']	1.0
