circle	['Banfeld_Raferty']	0.21804511278195485
circle	['modified_hubert_t']	0.5278195488721804
circle	['i_index']	-0.021052631578947364
circle	['McClain_Rao']	0.3443609022556391
circle	['IIndex']	0.5278195488721804
circle	['Dunns_index']	0.5278195488721804
circle	['Scott_Symons']	0.14887218045112782
circle	['SDBW']	0.5278195488721804
circle	['s_dbw']	0.04210526315789473
circle	['Davies_Bouldin']	0.15037593984962402
circle	['PBM_index']	-0.021052631578947364
circle	['Ratkowsky_Lance']	-0.25112781954887214
circle	['Ray_Turi']	-0.025563909774436087
triangle1	['Banfeld_Raferty']	0.2721804511278195
triangle1	['modified_hubert_t']	0.4240601503759398
triangle1	['i_index']	-0.05714285714285714
triangle1	['McClain_Rao']	-0.11428571428571428
triangle1	['IIndex']	0.4240601503759398
triangle1	['Dunns_index']	0.4240601503759398
triangle1	['Scott_Symons']	0.31729323308270674
triangle1	['SDBW']	0.4240601503759398
triangle1	['s_dbw']	0.2541353383458646
triangle1	['Davies_Bouldin']	0.048120300751879695
triangle1	['PBM_index']	0.1744360902255639
triangle1	['Ratkowsky_Lance']	-0.06917293233082707
triangle1	['Ray_Turi']	-0.4060150375939849
simplex	['Banfeld_Raferty']	0.3203007518796992
simplex	['modified_hubert_t']	0.7473684210526315
simplex	['i_index']	-0.4330827067669173
simplex	['McClain_Rao']	-0.05864661654135337
simplex	['IIndex']	0.7473684210526315
simplex	['Dunns_index']	0.7473684210526315
simplex	['Scott_Symons']	0.35939849624060144
simplex	['SDBW']	0.7473684210526315
simplex	['s_dbw']	-0.02857142857142857
simplex	['Davies_Bouldin']	0.35939849624060144
simplex	['PBM_index']	-0.5112781954887218
simplex	['Ratkowsky_Lance']	-0.312781954887218
simplex	['Ray_Turi']	-0.3203007518796992
2d-20c-no0	['Banfeld_Raferty']	-0.9458646616541352
2d-20c-no0	['modified_hubert_t']	-0.9684210526315788
2d-20c-no0	['i_index']	-0.5172932330827067
2d-20c-no0	['McClain_Rao']	-0.8812030075187969
2d-20c-no0	['IIndex']	-0.9684210526315788
2d-20c-no0	['Dunns_index']	0.11428571428571428
2d-20c-no0	['Scott_Symons']	-0.9684210526315788
2d-20c-no0	['SDBW']	-0.9684210526315788
2d-20c-no0	['s_dbw']	-0.9669172932330825
2d-20c-no0	['Davies_Bouldin']	-0.5052631578947367
2d-20c-no0	['PBM_index']	-0.33233082706766914
2d-20c-no0	['Ratkowsky_Lance']	0.5473684210526315
2d-20c-no0	['Ray_Turi']	-0.40751879699248117
disk-4000n	['Banfeld_Raferty']	0.2541353383458646
disk-4000n	['modified_hubert_t']	0.5909774436090225
disk-4000n	['i_index']	-0.3278195488721804
disk-4000n	['McClain_Rao']	0.08872180451127819
disk-4000n	['IIndex']	0.5909774436090225
disk-4000n	['Dunns_index']	0.07669172932330826
disk-4000n	['Scott_Symons']	0.2541353383458646
disk-4000n	['SDBW']	0.5909774436090225
disk-4000n	['s_dbw']	0.5548872180451127
disk-4000n	['Davies_Bouldin']	-0.03458646616541353
disk-4000n	['PBM_index']	-0.0631578947368421
disk-4000n	['Ratkowsky_Lance']	-0.3398496240601503
disk-4000n	['Ray_Turi']	0.0015037593984962405
zelnik1	['Banfeld_Raferty']	0.006015037593984962
zelnik1	['modified_hubert_t']	0.6526315789473683
zelnik1	['i_index']	-0.5233082706766917
zelnik1	['McClain_Rao']	-0.156390977443609
zelnik1	['IIndex']	0.6526315789473683
zelnik1	['Dunns_index']	0.6526315789473683
zelnik1	['Scott_Symons']	-0.1263157894736842
zelnik1	['SDBW']	0.6526315789473683
zelnik1	['s_dbw']	0.35939849624060144
zelnik1	['Davies_Bouldin']	0.41052631578947363
zelnik1	['PBM_index']	-0.37293233082706767
zelnik1	['Ratkowsky_Lance']	-0.6466165413533834
zelnik1	['Ray_Turi']	-0.41654135338345866
square5	['Banfeld_Raferty']	0.837593984962406
square5	['modified_hubert_t']	0.8646616541353382
square5	['i_index']	-0.7127819548872181
square5	['McClain_Rao']	0.22406015037593985
square5	['IIndex']	0.8646616541353382
square5	['Dunns_index']	-0.23308270676691725
square5	['Scott_Symons']	0.8240601503759398
square5	['SDBW']	0.8646616541353382
square5	['s_dbw']	0.8165413533834586
square5	['Davies_Bouldin']	-0.3293233082706767
square5	['PBM_index']	-0.7909774436090224
square5	['Ratkowsky_Lance']	-0.8511278195488721
square5	['Ray_Turi']	0.021052631578947364
tae	['Banfeld_Raferty']	-0.26616541353383455
tae	['modified_hubert_t']	-0.8992481203007519
tae	['i_index']	0.048120300751879695
tae	['McClain_Rao']	0.5503759398496241
tae	['IIndex']	-0.8992481203007519
tae	['Dunns_index']	-0.8992481203007519
tae	['Scott_Symons']	-0.8992481203007519
tae	['SDBW']	-0.8992481203007519
tae	['s_dbw']	-0.8842105263157894
tae	['Davies_Bouldin']	0.5759398496240601
tae	['PBM_index']	-0.7097744360902255
tae	['Ratkowsky_Lance']	-0.7398496240601502
tae	['Ray_Turi']	0.5774436090225563
zelnik5	['Banfeld_Raferty']	-0.016541353383458645
zelnik5	['modified_hubert_t']	1.0
zelnik5	['i_index']	-1.0
zelnik5	['McClain_Rao']	0.3218045112781954
zelnik5	['IIndex']	1.0
zelnik5	['Dunns_index']	1.0
zelnik5	['Scott_Symons']	-0.22406015037593985
zelnik5	['SDBW']	1.0
zelnik5	['s_dbw']	0.6451127819548872
zelnik5	['Davies_Bouldin']	-0.8466165413533834
zelnik5	['PBM_index']	-1.0
zelnik5	['Ratkowsky_Lance']	-1.0
zelnik5	['Ray_Turi']	-0.77593984962406
ds4c2sc8	['Banfeld_Raferty']	-0.35488721804511275
ds4c2sc8	['modified_hubert_t']	0.9398496240601503
ds4c2sc8	['i_index']	-0.40751879699248117
ds4c2sc8	['McClain_Rao']	-0.24812030075187969
ds4c2sc8	['IIndex']	0.9398496240601503
ds4c2sc8	['Dunns_index']	0.9398496240601503
ds4c2sc8	['Scott_Symons']	-0.38195488721804516
ds4c2sc8	['SDBW']	0.9398496240601503
ds4c2sc8	['s_dbw']	0.009022556390977442
ds4c2sc8	['Davies_Bouldin']	-0.018045112781954885
ds4c2sc8	['PBM_index']	-0.40751879699248117
ds4c2sc8	['Ratkowsky_Lance']	-0.24060150375939846
ds4c2sc8	['Ray_Turi']	-0.018045112781954885
pathbased	['Banfeld_Raferty']	0.9353383458646616
pathbased	['modified_hubert_t']	0.9428571428571428
pathbased	['i_index']	-0.7894736842105263
pathbased	['McClain_Rao']	0.5578947368421052
pathbased	['IIndex']	0.9428571428571428
pathbased	['Dunns_index']	0.14586466165413534
pathbased	['Scott_Symons']	0.8616541353383457
pathbased	['SDBW']	0.9428571428571428
pathbased	['s_dbw']	0.9398496240601503
pathbased	['Davies_Bouldin']	0.6045112781954887
pathbased	['PBM_index']	-0.7924812030075187
pathbased	['Ratkowsky_Lance']	-0.9428571428571428
pathbased	['Ray_Turi']	0.11879699248120301
heart-statlog	['Banfeld_Raferty']	0.05563909774436089
heart-statlog	['modified_hubert_t']	0.7142857142857143
heart-statlog	['i_index']	0.3398496240601503
heart-statlog	['McClain_Rao']	0.41353383458646614
heart-statlog	['IIndex']	0.7142857142857143
heart-statlog	['Dunns_index']	0.7142857142857143
heart-statlog	['Scott_Symons']	0.05563909774436089
heart-statlog	['SDBW']	0.7142857142857143
heart-statlog	['s_dbw']	0.05563909774436089
heart-statlog	['Davies_Bouldin']	0.0706766917293233
heart-statlog	['PBM_index']	0.7142857142857143
heart-statlog	['Ratkowsky_Lance']	0.7142857142857143
heart-statlog	['Ray_Turi']	0.0706766917293233
DS-577	['Banfeld_Raferty']	0.8932330827067668
DS-577	['modified_hubert_t']	0.8962406015037594
DS-577	['i_index']	-0.8586466165413533
DS-577	['McClain_Rao']	0.8932330827067668
DS-577	['IIndex']	0.8962406015037594
DS-577	['Dunns_index']	0.18345864661654135
DS-577	['Scott_Symons']	0.882706766917293
DS-577	['SDBW']	0.8962406015037594
DS-577	['s_dbw']	0.8902255639097743
DS-577	['Davies_Bouldin']	-0.24360902255639094
DS-577	['PBM_index']	-0.849624060150376
DS-577	['Ratkowsky_Lance']	-0.8962406015037594
DS-577	['Ray_Turi']	-0.6045112781954887
rings	['Banfeld_Raferty']	0.24962406015037594
rings	['modified_hubert_t']	0.7293233082706766
rings	['i_index']	-0.5263157894736841
rings	['McClain_Rao']	0.58796992481203
rings	['IIndex']	0.7293233082706766
rings	['Dunns_index']	-0.25864661654135335
rings	['Scott_Symons']	0.18646616541353384
rings	['SDBW']	0.7293233082706766
rings	['s_dbw']	0.19248120300751878
rings	['Davies_Bouldin']	0.13684210526315788
rings	['PBM_index']	-0.4947368421052631
rings	['Ratkowsky_Lance']	-0.44060150375939844
rings	['Ray_Turi']	-0.16240601503759397
cure-t2-4k	['Banfeld_Raferty']	0.03458646616541353
cure-t2-4k	['modified_hubert_t']	0.3293233082706767
cure-t2-4k	['i_index']	-0.12330827067669171
cure-t2-4k	['McClain_Rao']	0.4090225563909774
cure-t2-4k	['IIndex']	0.3293233082706767
cure-t2-4k	['Dunns_index']	0.34285714285714286
cure-t2-4k	['Scott_Symons']	0.15488721804511277
cure-t2-4k	['SDBW']	0.3293233082706767
cure-t2-4k	['s_dbw']	0.03308270676691729
cure-t2-4k	['Davies_Bouldin']	-0.1894736842105263
cure-t2-4k	['PBM_index']	-0.051127819548872175
cure-t2-4k	['Ratkowsky_Lance']	0.13834586466165413
cure-t2-4k	['Ray_Turi']	-0.11127819548872178
cuboids	['Banfeld_Raferty']	0.7458646616541353
cuboids	['modified_hubert_t']	0.9443609022556391
cuboids	['i_index']	-0.8917293233082706
cuboids	['McClain_Rao']	0.6842105263157895
cuboids	['IIndex']	0.9443609022556391
cuboids	['Dunns_index']	-0.3293233082706767
cuboids	['Scott_Symons']	0.9398496240601503
cuboids	['SDBW']	0.9443609022556391
cuboids	['s_dbw']	0.9503759398496241
cuboids	['Davies_Bouldin']	-0.8481203007518796
cuboids	['PBM_index']	-0.8962406015037594
cuboids	['Ratkowsky_Lance']	-0.9518796992481202
cuboids	['Ray_Turi']	-0.9082706766917292
iono	['Banfeld_Raferty']	0.16992481203007515
iono	['modified_hubert_t']	0.431578947368421
iono	['i_index']	-0.42556390977443603
iono	['McClain_Rao']	0.41654135338345866
iono	['IIndex']	0.431578947368421
iono	['Dunns_index']	0.20601503759398496
iono	['Scott_Symons']	0.431578947368421
iono	['SDBW']	0.431578947368421
iono	['s_dbw']	0.431578947368421
iono	['Davies_Bouldin']	-0.019548872180451125
iono	['PBM_index']	-0.4526315789473684
iono	['Ratkowsky_Lance']	-0.431578947368421
iono	['Ray_Turi']	0.1518796992481203
sonar	['Banfeld_Raferty']	-0.5744360902255639
sonar	['modified_hubert_t']	-0.9263157894736842
sonar	['i_index']	0.5263157894736841
sonar	['McClain_Rao']	-0.2150375939849624
sonar	['IIndex']	-0.9263157894736842
sonar	['Dunns_index']	0.4526315789473684
sonar	['Scott_Symons']	-0.9263157894736842
sonar	['SDBW']	-0.9263157894736842
sonar	['s_dbw']	-0.9263157894736842
sonar	['Davies_Bouldin']	-0.12180451127819547
sonar	['PBM_index']	0.512781954887218
sonar	['Ratkowsky_Lance']	0.7518796992481201
sonar	['Ray_Turi']	0.07518796992481201
compound	['Banfeld_Raferty']	-0.24812030075187969
compound	['modified_hubert_t']	0.2796992481203007
compound	['i_index']	-0.03157894736842105
compound	['McClain_Rao']	-0.07518796992481201
compound	['IIndex']	0.2796992481203007
compound	['Dunns_index']	0.2796992481203007
compound	['Scott_Symons']	-0.010526315789473682
compound	['SDBW']	0.2796992481203007
compound	['s_dbw']	-0.022556390977443608
compound	['Davies_Bouldin']	-0.2646616541353383
compound	['PBM_index']	0.06616541353383458
compound	['Ratkowsky_Lance']	-0.25112781954887214
compound	['Ray_Turi']	0.025563909774436087
haberman	['Banfeld_Raferty']	0.35639097744360904
haberman	['modified_hubert_t']	1.0
haberman	['i_index']	0.49624060150375937
haberman	['McClain_Rao']	1.0
haberman	['IIndex']	1.0
haberman	['Dunns_index']	1.0
haberman	['Scott_Symons']	0.35639097744360904
haberman	['SDBW']	1.0
haberman	['s_dbw']	0.35639097744360904
haberman	['Davies_Bouldin']	-0.05263157894736842
haberman	['PBM_index']	0.7699248120300751
haberman	['Ratkowsky_Lance']	0.7699248120300751
haberman	['Ray_Turi']	-0.05263157894736842
glass	['Banfeld_Raferty']	-0.5984962406015037
glass	['modified_hubert_t']	-0.7172932330827068
glass	['i_index']	0.6706766917293233
glass	['McClain_Rao']	-0.1413533834586466
glass	['IIndex']	-0.7172932330827068
glass	['Dunns_index']	-0.7172932330827068
glass	['Scott_Symons']	-0.0706766917293233
glass	['SDBW']	-0.7172932330827068
glass	['s_dbw']	-0.7112781954887217
glass	['Davies_Bouldin']	0.09172932330827067
glass	['PBM_index']	0.675187969924812
glass	['Ratkowsky_Lance']	0.7172932330827068
glass	['Ray_Turi']	0.4060150375939849
aggregation	['Banfeld_Raferty']	0.4466165413533834
aggregation	['modified_hubert_t']	0.4090225563909774
aggregation	['i_index']	0.051127819548872175
aggregation	['McClain_Rao']	0.4015037593984962
aggregation	['IIndex']	0.4090225563909774
aggregation	['Dunns_index']	-0.030075187969924807
aggregation	['Scott_Symons']	0.5368421052631579
aggregation	['SDBW']	0.4090225563909774
aggregation	['s_dbw']	0.4646616541353384
aggregation	['Davies_Bouldin']	0.13082706766917293
aggregation	['PBM_index']	0.0
aggregation	['Ratkowsky_Lance']	0.11278195488721804
aggregation	['Ray_Turi']	0.19097744360902258
threenorm	['Banfeld_Raferty']	0.45714285714285713
threenorm	['modified_hubert_t']	0.33233082706766914
threenorm	['i_index']	-0.31729323308270674
threenorm	['McClain_Rao']	0.37293233082706767
threenorm	['IIndex']	0.33233082706766914
threenorm	['Dunns_index']	0.30526315789473685
threenorm	['Scott_Symons']	0.2992481203007519
threenorm	['SDBW']	0.33233082706766914
threenorm	['s_dbw']	0.31879699248120297
threenorm	['Davies_Bouldin']	0.28721804511278193
threenorm	['PBM_index']	-0.4616541353383458
threenorm	['Ratkowsky_Lance']	-0.2556390977443609
threenorm	['Ray_Turi']	-0.23157894736842105
dense-disk-5000	['Banfeld_Raferty']	0.3984962406015037
dense-disk-5000	['modified_hubert_t']	0.3759398496240601
dense-disk-5000	['i_index']	-0.2601503759398496
dense-disk-5000	['McClain_Rao']	0.5097744360902255
dense-disk-5000	['IIndex']	0.3759398496240601
dense-disk-5000	['Dunns_index']	0.24661654135338343
dense-disk-5000	['Scott_Symons']	0.3924812030075188
dense-disk-5000	['SDBW']	0.3759398496240601
dense-disk-5000	['s_dbw']	0.6225563909774435
dense-disk-5000	['Davies_Bouldin']	0.3383458646616541
dense-disk-5000	['PBM_index']	-0.35939849624060144
dense-disk-5000	['Ratkowsky_Lance']	-0.24661654135338343
dense-disk-5000	['Ray_Turi']	-0.25112781954887214
smile1	['Banfeld_Raferty']	0.20150375939849624
smile1	['modified_hubert_t']	0.1819548872180451
smile1	['i_index']	-0.05413533834586466
smile1	['McClain_Rao']	0.09624060150375939
smile1	['IIndex']	0.1819548872180451
smile1	['Dunns_index']	0.1819548872180451
smile1	['Scott_Symons']	0.30225563909774433
smile1	['SDBW']	0.1819548872180451
smile1	['s_dbw']	-0.009022556390977442
smile1	['Davies_Bouldin']	-0.03308270676691729
smile1	['PBM_index']	-0.2706766917293233
smile1	['Ratkowsky_Lance']	-0.03308270676691729
smile1	['Ray_Turi']	0.04210526315789473
spiralsquare	['Banfeld_Raferty']	0.29774436090225564
spiralsquare	['modified_hubert_t']	0.33233082706766914
spiralsquare	['i_index']	0.21654135338345865
spiralsquare	['McClain_Rao']	-0.022556390977443608
spiralsquare	['IIndex']	0.33233082706766914
spiralsquare	['Dunns_index']	0.06917293233082707
spiralsquare	['Scott_Symons']	0.1789473684210526
spiralsquare	['SDBW']	0.33233082706766914
spiralsquare	['s_dbw']	-0.31879699248120297
spiralsquare	['Davies_Bouldin']	-0.02706766917293233
spiralsquare	['PBM_index']	-0.20300751879699244
spiralsquare	['Ratkowsky_Lance']	-0.5639097744360902
spiralsquare	['Ray_Turi']	-0.07969924812030074
atom	['Banfeld_Raferty']	-0.9849624060150375
atom	['modified_hubert_t']	-0.9864661654135337
atom	['i_index']	0.9864661654135337
atom	['McClain_Rao']	-0.9308270676691727
atom	['IIndex']	-0.9864661654135337
atom	['Dunns_index']	-0.9864661654135337
atom	['Scott_Symons']	-0.900751879699248
atom	['SDBW']	-0.9864661654135337
atom	['s_dbw']	-0.8586466165413533
atom	['Davies_Bouldin']	-0.7082706766917292
atom	['PBM_index']	0.8691729323308269
atom	['Ratkowsky_Lance']	0.675187969924812
atom	['Ray_Turi']	-0.3744360902255639
flame	['Banfeld_Raferty']	0.26917293233082706
flame	['modified_hubert_t']	0.6796992481203006
flame	['i_index']	-0.3654135338345864
flame	['McClain_Rao']	0.28120300751879695
flame	['IIndex']	0.6796992481203006
flame	['Dunns_index']	0.3639097744360902
flame	['Scott_Symons']	0.22556390977443608
flame	['SDBW']	0.6796992481203006
flame	['s_dbw']	0.13533834586466165
flame	['Davies_Bouldin']	0.04661654135338346
flame	['PBM_index']	-0.3654135338345864
flame	['Ratkowsky_Lance']	-0.5699248120300752
flame	['Ray_Turi']	0.1969924812030075
donut3	['Banfeld_Raferty']	-0.10827067669172932
donut3	['modified_hubert_t']	0.393984962406015
donut3	['i_index']	0.38496240601503756
donut3	['McClain_Rao']	0.030075187969924807
donut3	['IIndex']	0.393984962406015
donut3	['Dunns_index']	0.393984962406015
donut3	['Scott_Symons']	-0.18045112781954886
donut3	['SDBW']	0.393984962406015
donut3	['s_dbw']	0.03308270676691729
donut3	['Davies_Bouldin']	-0.23458646616541348
donut3	['PBM_index']	0.04060150375939849
donut3	['Ratkowsky_Lance']	-0.2541353383458646
donut3	['Ray_Turi']	0.2857142857142857
DS-850	['Banfeld_Raferty']	0.39097744360902253
DS-850	['modified_hubert_t']	0.37293233082706767
DS-850	['i_index']	0.051127819548872175
DS-850	['McClain_Rao']	0.42105263157894735
DS-850	['IIndex']	0.37293233082706767
DS-850	['Dunns_index']	0.33383458646616543
DS-850	['Scott_Symons']	0.23759398496240602
DS-850	['SDBW']	0.37293233082706767
DS-850	['s_dbw']	0.5578947368421052
DS-850	['Davies_Bouldin']	0.05413533834586466
DS-850	['PBM_index']	-0.2421052631578947
DS-850	['Ratkowsky_Lance']	-0.4330827067669173
DS-850	['Ray_Turi']	-0.0631578947368421
smile2	['Banfeld_Raferty']	0.08421052631578946
smile2	['modified_hubert_t']	0.11278195488721804
smile2	['i_index']	0.06165413533834586
smile2	['McClain_Rao']	0.39097744360902253
smile2	['IIndex']	0.11278195488721804
smile2	['Dunns_index']	0.11278195488721804
smile2	['Scott_Symons']	0.3654135338345864
smile2	['SDBW']	0.11278195488721804
smile2	['s_dbw']	0.31729323308270674
smile2	['Davies_Bouldin']	-0.1744360902255639
smile2	['PBM_index']	0.051127819548872175
smile2	['Ratkowsky_Lance']	0.08421052631578946
smile2	['Ray_Turi']	0.030075187969924807
donutcurves	['Banfeld_Raferty']	-0.013533834586466165
donutcurves	['modified_hubert_t']	0.5203007518796992
donutcurves	['i_index']	-0.5203007518796992
donutcurves	['McClain_Rao']	0.31127819548872177
donutcurves	['IIndex']	0.5203007518796992
donutcurves	['Dunns_index']	0.12932330827067667
donutcurves	['Scott_Symons']	0.2556390977443609
donutcurves	['SDBW']	0.5203007518796992
donutcurves	['s_dbw']	0.5308270676691729
donutcurves	['Davies_Bouldin']	-0.41503759398496237
donutcurves	['PBM_index']	-0.5203007518796992
donutcurves	['Ratkowsky_Lance']	-0.5203007518796992
donutcurves	['Ray_Turi']	-0.025563909774436087
sizes5	['Banfeld_Raferty']	-0.2721804511278195
sizes5	['modified_hubert_t']	0.06766917293233082
sizes5	['i_index']	0.07368421052631578
sizes5	['McClain_Rao']	-0.12030075187969923
sizes5	['IIndex']	0.06766917293233082
sizes5	['Dunns_index']	0.28872180451127816
sizes5	['Scott_Symons']	-0.28120300751879695
sizes5	['SDBW']	0.06766917293233082
sizes5	['s_dbw']	-0.22406015037593985
sizes5	['Davies_Bouldin']	-0.3443609022556391
sizes5	['PBM_index']	-0.03909774436090225
sizes5	['Ratkowsky_Lance']	-0.4586466165413533
sizes5	['Ray_Turi']	-0.19248120300751878
disk-4500n	['Banfeld_Raferty']	0.4330827067669173
disk-4500n	['modified_hubert_t']	0.4330827067669173
disk-4500n	['i_index']	-0.4466165413533834
disk-4500n	['McClain_Rao']	0.49022556390977434
disk-4500n	['IIndex']	0.4330827067669173
disk-4500n	['Dunns_index']	0.12180451127819547
disk-4500n	['Scott_Symons']	0.4330827067669173
disk-4500n	['SDBW']	0.4330827067669173
disk-4500n	['s_dbw']	0.45563909774436084
disk-4500n	['Davies_Bouldin']	0.28120300751879695
disk-4500n	['PBM_index']	-0.47368421052631576
disk-4500n	['Ratkowsky_Lance']	-0.20751879699248119
disk-4500n	['Ray_Turi']	-0.006015037593984962
2d-4c-no4	['Banfeld_Raferty']	0.9278195488721804
2d-4c-no4	['modified_hubert_t']	0.9864661654135337
2d-4c-no4	['i_index']	-0.9789473684210527
2d-4c-no4	['McClain_Rao']	-0.5759398496240601
2d-4c-no4	['IIndex']	0.9864661654135337
2d-4c-no4	['Dunns_index']	-0.819548872180451
2d-4c-no4	['Scott_Symons']	0.9172932330827066
2d-4c-no4	['SDBW']	0.9864661654135337
2d-4c-no4	['s_dbw']	0.9849624060150375
2d-4c-no4	['Davies_Bouldin']	-0.8481203007518796
2d-4c-no4	['PBM_index']	-0.9864661654135337
2d-4c-no4	['Ratkowsky_Lance']	-0.9879699248120299
2d-4c-no4	['Ray_Turi']	-0.9037593984962405
zelnik2	['Banfeld_Raferty']	0.06165413533834586
zelnik2	['modified_hubert_t']	0.38646616541353385
zelnik2	['i_index']	-0.40451127819548865
zelnik2	['McClain_Rao']	0.5518796992481202
zelnik2	['IIndex']	0.38646616541353385
zelnik2	['Dunns_index']	0.38646616541353385
zelnik2	['Scott_Symons']	0.05563909774436089
zelnik2	['SDBW']	0.38646616541353385
zelnik2	['s_dbw']	0.3924812030075188
zelnik2	['Davies_Bouldin']	-0.08120300751879699
zelnik2	['PBM_index']	-0.4030075187969925
zelnik2	['Ratkowsky_Lance']	-0.38646616541353385
zelnik2	['Ray_Turi']	-0.24360902255639094
balance-scale	['Banfeld_Raferty']	-0.27669172932330827
balance-scale	['modified_hubert_t']	-0.33533834586466166
balance-scale	['i_index']	0.30977443609022554
balance-scale	['McClain_Rao']	-0.03609022556390977
balance-scale	['IIndex']	-0.33533834586466166
balance-scale	['Dunns_index']	-0.38496240601503756
balance-scale	['Scott_Symons']	-0.4360902255639097
balance-scale	['SDBW']	-0.33533834586466166
balance-scale	['s_dbw']	-0.47218045112781953
balance-scale	['Davies_Bouldin']	0.013533834586466165
balance-scale	['PBM_index']	0.05864661654135337
balance-scale	['Ratkowsky_Lance']	-0.156390977443609
balance-scale	['Ray_Turi']	0.3759398496240601
fourty	['Banfeld_Raferty']	-0.17142857142857143
fourty	['modified_hubert_t']	-0.7999999999999999
fourty	['i_index']	0.09022556390977443
fourty	['McClain_Rao']	-0.43909774436090226
fourty	['IIndex']	-0.7999999999999999
fourty	['Dunns_index']	-0.2300751879699248
fourty	['Scott_Symons']	-0.27669172932330827
fourty	['SDBW']	-0.7999999999999999
fourty	['s_dbw']	0.20902255639097742
fourty	['Davies_Bouldin']	-0.23609022556390977
fourty	['PBM_index']	0.22255639097744356
fourty	['Ratkowsky_Lance']	0.6210526315789473
fourty	['Ray_Turi']	-0.04060150375939849
chainlink	['Banfeld_Raferty']	0.16240601503759397
chainlink	['modified_hubert_t']	0.16240601503759397
chainlink	['i_index']	0.06165413533834586
chainlink	['McClain_Rao']	0.1609022556390977
chainlink	['IIndex']	0.16240601503759397
chainlink	['Dunns_index']	0.27669172932330827
chainlink	['Scott_Symons']	0.1609022556390977
chainlink	['SDBW']	0.16240601503759397
chainlink	['s_dbw']	0.004511278195488721
chainlink	['Davies_Bouldin']	0.34586466165413526
chainlink	['PBM_index']	0.3789473684210526
chainlink	['Ratkowsky_Lance']	-0.16240601503759397
chainlink	['Ray_Turi']	0.22857142857142856
shapes	['Banfeld_Raferty']	0.7518796992481201
shapes	['modified_hubert_t']	0.7518796992481201
shapes	['i_index']	-0.3984962406015037
shapes	['McClain_Rao']	0.7263157894736841
shapes	['IIndex']	0.7518796992481201
shapes	['Dunns_index']	-0.10827067669172932
shapes	['Scott_Symons']	0.6902255639097743
shapes	['SDBW']	0.7518796992481201
shapes	['s_dbw']	0.6466165413533834
shapes	['Davies_Bouldin']	0.5218045112781955
shapes	['PBM_index']	-0.4812030075187969
shapes	['Ratkowsky_Lance']	-0.7518796992481201
shapes	['Ray_Turi']	0.4827067669172932
ds2c2sc13	['Banfeld_Raferty']	-0.015037593984962403
ds2c2sc13	['modified_hubert_t']	0.15037593984962402
ds2c2sc13	['i_index']	-0.08721804511278194
ds2c2sc13	['McClain_Rao']	-0.11578947368421053
ds2c2sc13	['IIndex']	0.15037593984962402
ds2c2sc13	['Dunns_index']	0.07669172932330826
ds2c2sc13	['Scott_Symons']	-0.022556390977443608
ds2c2sc13	['SDBW']	0.15037593984962402
ds2c2sc13	['s_dbw']	-0.05864661654135337
ds2c2sc13	['Davies_Bouldin']	-0.14586466165413534
ds2c2sc13	['PBM_index']	-0.08120300751879699
ds2c2sc13	['Ratkowsky_Lance']	-0.13834586466165413
ds2c2sc13	['Ray_Turi']	-0.1969924812030075
sizes3	['Banfeld_Raferty']	0.18796992481203004
sizes3	['modified_hubert_t']	0.33233082706766914
sizes3	['i_index']	-0.5488721804511278
sizes3	['McClain_Rao']	0.24360902255639094
sizes3	['IIndex']	0.33233082706766914
sizes3	['Dunns_index']	0.33233082706766914
sizes3	['Scott_Symons']	-0.1894736842105263
sizes3	['SDBW']	0.33233082706766914
sizes3	['s_dbw']	-0.1639097744360902
sizes3	['Davies_Bouldin']	0.3669172932330827
sizes3	['PBM_index']	-0.23909774436090225
sizes3	['Ratkowsky_Lance']	-0.09774436090225563
sizes3	['Ray_Turi']	0.2571428571428572
long2	['Banfeld_Raferty']	0.8075187969924811
long2	['modified_hubert_t']	0.9097744360902256
long2	['i_index']	-0.05263157894736842
long2	['McClain_Rao']	0.5789473684210527
long2	['IIndex']	0.9097744360902256
long2	['Dunns_index']	-0.5187969924812029
long2	['Scott_Symons']	0.7593984962406014
long2	['SDBW']	0.9097744360902256
long2	['s_dbw']	0.8962406015037594
long2	['Davies_Bouldin']	-0.11127819548872178
long2	['PBM_index']	-0.13834586466165413
long2	['Ratkowsky_Lance']	-0.8977443609022555
long2	['Ray_Turi']	-0.41052631578947363
square2	['Banfeld_Raferty']	0.024060150375939848
square2	['modified_hubert_t']	0.4586466165413533
square2	['i_index']	-0.11127819548872178
square2	['McClain_Rao']	0.012030075187969924
square2	['IIndex']	0.4586466165413533
square2	['Dunns_index']	-0.14736842105263157
square2	['Scott_Symons']	0.29473684210526313
square2	['SDBW']	0.4586466165413533
square2	['s_dbw']	0.17744360902255638
square2	['Davies_Bouldin']	-0.0631578947368421
square2	['PBM_index']	0.05563909774436089
square2	['Ratkowsky_Lance']	-0.32631578947368417
square2	['Ray_Turi']	-0.24360902255639094
sizes4	['Banfeld_Raferty']	0.5548872180451127
sizes4	['modified_hubert_t']	0.6015037593984961
sizes4	['i_index']	-0.5729323308270676
sizes4	['McClain_Rao']	0.362406015037594
sizes4	['IIndex']	0.6015037593984961
sizes4	['Dunns_index']	-0.2796992481203007
sizes4	['Scott_Symons']	0.6736842105263157
sizes4	['SDBW']	0.6015037593984961
sizes4	['s_dbw']	0.5699248120300752
sizes4	['Davies_Bouldin']	-0.024060150375939848
sizes4	['PBM_index']	-0.5699248120300752
sizes4	['Ratkowsky_Lance']	-0.5984962406015037
sizes4	['Ray_Turi']	-0.3759398496240601
dartboard1	['Banfeld_Raferty']	-0.41503759398496237
dartboard1	['modified_hubert_t']	0.4917293233082706
dartboard1	['i_index']	-0.31729323308270674
dartboard1	['McClain_Rao']	-0.35037593984962395
dartboard1	['IIndex']	0.4917293233082706
dartboard1	['Dunns_index']	0.1413533834586466
dartboard1	['Scott_Symons']	-0.29473684210526313
dartboard1	['SDBW']	0.4917293233082706
dartboard1	['s_dbw']	0.06616541353383458
dartboard1	['Davies_Bouldin']	-0.16541353383458643
dartboard1	['PBM_index']	-0.362406015037594
dartboard1	['Ratkowsky_Lance']	0.13533834586466165
dartboard1	['Ray_Turi']	0.14586466165413534
wingnut	['Banfeld_Raferty']	0.10676691729323308
wingnut	['modified_hubert_t']	0.7022556390977444
wingnut	['i_index']	-0.5954887218045113
wingnut	['McClain_Rao']	0.19999999999999998
wingnut	['IIndex']	0.7022556390977444
wingnut	['Dunns_index']	0.10225563909774435
wingnut	['Scott_Symons']	0.22105263157894736
wingnut	['SDBW']	0.7022556390977444
wingnut	['s_dbw']	0.6165413533834586
wingnut	['Davies_Bouldin']	-0.11729323308270674
wingnut	['PBM_index']	-0.5593984962406015
wingnut	['Ratkowsky_Lance']	-0.5894736842105263
wingnut	['Ray_Turi']	-0.3037593984962406
2d-3c-no123	['Banfeld_Raferty']	0.4090225563909774
2d-3c-no123	['modified_hubert_t']	0.21954887218045113
2d-3c-no123	['i_index']	-0.21804511278195485
2d-3c-no123	['McClain_Rao']	0.03157894736842105
2d-3c-no123	['IIndex']	0.21954887218045113
2d-3c-no123	['Dunns_index']	0.3218045112781954
2d-3c-no123	['Scott_Symons']	0.24360902255639094
2d-3c-no123	['SDBW']	0.21954887218045113
2d-3c-no123	['s_dbw']	0.16541353383458643
2d-3c-no123	['Davies_Bouldin']	0.09323308270676692
2d-3c-no123	['PBM_index']	-0.35187969924812035
2d-3c-no123	['Ratkowsky_Lance']	-0.2300751879699248
2d-3c-no123	['Ray_Turi']	-0.3218045112781954
disk-5000n	['Banfeld_Raferty']	0.4616541353383458
disk-5000n	['modified_hubert_t']	0.6075187969924812
disk-5000n	['i_index']	-0.21954887218045113
disk-5000n	['McClain_Rao']	0.4766917293233082
disk-5000n	['IIndex']	0.6075187969924812
disk-5000n	['Dunns_index']	0.1518796992481203
disk-5000n	['Scott_Symons']	0.38646616541353385
disk-5000n	['SDBW']	0.6075187969924812
disk-5000n	['s_dbw']	0.5864661654135337
disk-5000n	['Davies_Bouldin']	0.4496240601503759
disk-5000n	['PBM_index']	-0.34586466165413526
disk-5000n	['Ratkowsky_Lance']	-0.25864661654135335
disk-5000n	['Ray_Turi']	-0.037593984962406006
zoo	['Banfeld_Raferty']	0.34736842105263155
zoo	['modified_hubert_t']	0.6661654135338345
zoo	['i_index']	-0.669172932330827
zoo	['McClain_Rao']	-0.09473684210526315
zoo	['IIndex']	0.6661654135338345
zoo	['Dunns_index']	-0.29624060150375936
zoo	['Scott_Symons']	0.6661654135338345
zoo	['SDBW']	0.6661654135338345
zoo	['s_dbw']	0.6661654135338345
zoo	['Davies_Bouldin']	-0.3488721804511278
zoo	['PBM_index']	-0.1518796992481203
zoo	['Ratkowsky_Lance']	-0.6616541353383457
zoo	['Ray_Turi']	0.0015037593984962405
twodiamonds	['Banfeld_Raferty']	0.22105263157894736
twodiamonds	['modified_hubert_t']	0.156390977443609
twodiamonds	['i_index']	-0.2300751879699248
twodiamonds	['McClain_Rao']	0.009022556390977442
twodiamonds	['IIndex']	0.156390977443609
twodiamonds	['Dunns_index']	0.156390977443609
twodiamonds	['Scott_Symons']	0.20601503759398496
twodiamonds	['SDBW']	0.156390977443609
twodiamonds	['s_dbw']	0.0631578947368421
twodiamonds	['Davies_Bouldin']	0.16842105263157892
twodiamonds	['PBM_index']	-0.10375939849624059
twodiamonds	['Ratkowsky_Lance']	-0.4360902255639097
twodiamonds	['Ray_Turi']	-0.05413533834586466
ds3c3sc6	['Banfeld_Raferty']	0.5052631578947367
ds3c3sc6	['modified_hubert_t']	0.0015037593984962405
ds3c3sc6	['i_index']	0.06616541353383458
ds3c3sc6	['McClain_Rao']	0.15488721804511277
ds3c3sc6	['IIndex']	0.0015037593984962405
ds3c3sc6	['Dunns_index']	0.0015037593984962405
ds3c3sc6	['Scott_Symons']	0.22105263157894736
ds3c3sc6	['SDBW']	0.0015037593984962405
ds3c3sc6	['s_dbw']	-0.30225563909774433
ds3c3sc6	['Davies_Bouldin']	0.022556390977443608
ds3c3sc6	['PBM_index']	0.09774436090225563
ds3c3sc6	['Ratkowsky_Lance']	0.07218045112781954
ds3c3sc6	['Ray_Turi']	0.03157894736842105
smile3	['Banfeld_Raferty']	0.7368421052631579
smile3	['modified_hubert_t']	0.9684210526315788
smile3	['i_index']	-0.7428571428571428
smile3	['McClain_Rao']	0.437593984962406
smile3	['IIndex']	0.9684210526315788
smile3	['Dunns_index']	0.9684210526315788
smile3	['Scott_Symons']	0.5142857142857143
smile3	['SDBW']	0.9684210526315788
smile3	['s_dbw']	0.12781954887218044
smile3	['Davies_Bouldin']	0.06466165413533834
smile3	['PBM_index']	-0.6586466165413534
smile3	['Ratkowsky_Lance']	-0.7458646616541353
smile3	['Ray_Turi']	0.27518796992481204
twenty	['Banfeld_Raferty']	-0.22255639097744356
twenty	['modified_hubert_t']	-0.22255639097744356
twenty	['i_index']	-0.3383458646616541
twenty	['McClain_Rao']	-0.22857142857142856
twenty	['IIndex']	-0.22255639097744356
twenty	['Dunns_index']	-0.05864661654135337
twenty	['Scott_Symons']	-0.22406015037593985
twenty	['SDBW']	-0.22255639097744356
twenty	['s_dbw']	-0.22255639097744356
twenty	['Davies_Bouldin']	-0.15939849624060148
twenty	['PBM_index']	-0.45112781954887216
twenty	['Ratkowsky_Lance']	0.22255639097744356
twenty	['Ray_Turi']	0.43909774436090226
disk-1000n	['Banfeld_Raferty']	-0.2781954887218045
disk-1000n	['modified_hubert_t']	-0.06917293233082707
disk-1000n	['i_index']	-0.4586466165413533
disk-1000n	['McClain_Rao']	-0.2571428571428572
disk-1000n	['IIndex']	-0.06917293233082707
disk-1000n	['Dunns_index']	-0.03909774436090225
disk-1000n	['Scott_Symons']	-0.24812030075187969
disk-1000n	['SDBW']	-0.06917293233082707
disk-1000n	['s_dbw']	0.07669172932330826
disk-1000n	['Davies_Bouldin']	-0.07518796992481201
disk-1000n	['PBM_index']	-0.4541353383458646
disk-1000n	['Ratkowsky_Lance']	-0.3744360902255639
disk-1000n	['Ray_Turi']	0.47218045112781953
donut1	['Banfeld_Raferty']	-0.14285714285714285
donut1	['modified_hubert_t']	0.932330827067669
donut1	['i_index']	-0.9082706766917292
donut1	['McClain_Rao']	-0.14285714285714285
donut1	['IIndex']	0.932330827067669
donut1	['Dunns_index']	0.16541353383458643
donut1	['Scott_Symons']	-0.06917293233082707
donut1	['SDBW']	0.932330827067669
donut1	['s_dbw']	0.9473684210526315
donut1	['Davies_Bouldin']	-0.706766917293233
donut1	['PBM_index']	-0.918796992481203
donut1	['Ratkowsky_Lance']	-0.932330827067669
donut1	['Ray_Turi']	-0.7142857142857143
ds850	['Banfeld_Raferty']	0.9729323308270676
ds850	['modified_hubert_t']	0.9729323308270676
ds850	['i_index']	-0.8902255639097743
ds850	['McClain_Rao']	0.9699248120300751
ds850	['IIndex']	0.9729323308270676
ds850	['Dunns_index']	-0.2601503759398496
ds850	['Scott_Symons']	0.9639097744360902
ds850	['SDBW']	0.9729323308270676
ds850	['s_dbw']	0.9022556390977443
ds850	['Davies_Bouldin']	-0.7428571428571428
ds850	['PBM_index']	-0.9654135338345864
ds850	['Ratkowsky_Lance']	-0.9699248120300751
ds850	['Ray_Turi']	-0.7278195488721804
hepta	['Banfeld_Raferty']	-0.1609022556390977
hepta	['modified_hubert_t']	0.26315789473684204
hepta	['i_index']	0.05714285714285714
hepta	['McClain_Rao']	0.11428571428571428
hepta	['IIndex']	0.26315789473684204
hepta	['Dunns_index']	-0.16842105263157892
hepta	['Scott_Symons']	0.10225563909774435
hepta	['SDBW']	0.26315789473684204
hepta	['s_dbw']	-0.021052631578947364
hepta	['Davies_Bouldin']	0.024060150375939848
hepta	['PBM_index']	-0.16992481203007515
hepta	['Ratkowsky_Lance']	-0.29172932330827067
hepta	['Ray_Turi']	-0.012030075187969924
2d-4c-no9	['Banfeld_Raferty']	0.03308270676691729
2d-4c-no9	['modified_hubert_t']	0.9533834586466164
2d-4c-no9	['i_index']	-0.8661654135338346
2d-4c-no9	['McClain_Rao']	-0.6977443609022556
2d-4c-no9	['IIndex']	0.9533834586466164
2d-4c-no9	['Dunns_index']	-0.3293233082706767
2d-4c-no9	['Scott_Symons']	0.4766917293233082
2d-4c-no9	['SDBW']	0.9533834586466164
2d-4c-no9	['s_dbw']	0.4857142857142857
2d-4c-no9	['Davies_Bouldin']	-0.6812030075187969
2d-4c-no9	['PBM_index']	-0.8842105263157894
2d-4c-no9	['Ratkowsky_Lance']	-0.9097744360902256
2d-4c-no9	['Ray_Turi']	-0.849624060150376
zelnik4	['Banfeld_Raferty']	0.20751879699248119
zelnik4	['modified_hubert_t']	0.58796992481203
zelnik4	['i_index']	-0.5398496240601504
zelnik4	['McClain_Rao']	0.19097744360902258
zelnik4	['IIndex']	0.58796992481203
zelnik4	['Dunns_index']	0.58796992481203
zelnik4	['Scott_Symons']	0.10375939849624059
zelnik4	['SDBW']	0.58796992481203
zelnik4	['s_dbw']	0.037593984962406006
zelnik4	['Davies_Bouldin']	-0.2300751879699248
zelnik4	['PBM_index']	-0.5398496240601504
zelnik4	['Ratkowsky_Lance']	-0.6481203007518795
zelnik4	['Ray_Turi']	0.3654135338345864
cure-t1-2000n-2D	['Banfeld_Raferty']	0.9203007518796992
cure-t1-2000n-2D	['modified_hubert_t']	0.9278195488721804
cure-t1-2000n-2D	['i_index']	-0.8030075187969924
cure-t1-2000n-2D	['McClain_Rao']	0.9488721804511278
cure-t1-2000n-2D	['IIndex']	0.9278195488721804
cure-t1-2000n-2D	['Dunns_index']	-0.362406015037594
cure-t1-2000n-2D	['Scott_Symons']	0.9097744360902256
cure-t1-2000n-2D	['SDBW']	0.9278195488721804
cure-t1-2000n-2D	['s_dbw']	0.6090225563909774
cure-t1-2000n-2D	['Davies_Bouldin']	-0.47067669172932325
cure-t1-2000n-2D	['PBM_index']	-0.9127819548872179
cure-t1-2000n-2D	['Ratkowsky_Lance']	-0.9278195488721804
cure-t1-2000n-2D	['Ray_Turi']	-0.7789473684210525
spiral	['Banfeld_Raferty']	-0.13233082706766916
spiral	['modified_hubert_t']	-0.17593984962406017
spiral	['i_index']	0.7308270676691728
spiral	['McClain_Rao']	-0.156390977443609
spiral	['IIndex']	-0.17593984962406017
spiral	['Dunns_index']	-0.0015037593984962405
spiral	['Scott_Symons']	-0.1744360902255639
spiral	['SDBW']	-0.17593984962406017
spiral	['s_dbw']	-0.18796992481203004
spiral	['Davies_Bouldin']	0.18646616541353384
spiral	['PBM_index']	0.7308270676691728
spiral	['Ratkowsky_Lance']	0.17593984962406017
spiral	['Ray_Turi']	-0.12481203007518797
3-spiral	['Banfeld_Raferty']	0.02857142857142857
3-spiral	['modified_hubert_t']	0.45112781954887216
3-spiral	['i_index']	0.3157894736842105
3-spiral	['McClain_Rao']	0.04360902255639097
3-spiral	['IIndex']	0.45112781954887216
3-spiral	['Dunns_index']	-0.3233082706766917
3-spiral	['Scott_Symons']	-0.13383458646616542
3-spiral	['SDBW']	0.45112781954887216
3-spiral	['s_dbw']	0.3533834586466165
3-spiral	['Davies_Bouldin']	0.10526315789473684
3-spiral	['PBM_index']	0.02857142857142857
3-spiral	['Ratkowsky_Lance']	0.2721804511278195
3-spiral	['Ray_Turi']	0.33383458646616543
impossible	['Banfeld_Raferty']	0.4270676691729323
impossible	['modified_hubert_t']	0.831578947368421
impossible	['i_index']	-0.6796992481203006
impossible	['McClain_Rao']	-0.5624060150375939
impossible	['IIndex']	0.831578947368421
impossible	['Dunns_index']	0.06917293233082707
impossible	['Scott_Symons']	0.5849624060150376
impossible	['SDBW']	0.831578947368421
impossible	['s_dbw']	0.7413533834586465
impossible	['Davies_Bouldin']	-0.6646616541353383
impossible	['PBM_index']	-0.7112781954887217
impossible	['Ratkowsky_Lance']	-0.5669172932330826
impossible	['Ray_Turi']	-0.6180451127819548
spherical_4_3	['Banfeld_Raferty']	-0.2571428571428572
spherical_4_3	['modified_hubert_t']	0.5097744360902255
spherical_4_3	['i_index']	-0.21654135338345865
spherical_4_3	['McClain_Rao']	0.07368421052631578
spherical_4_3	['IIndex']	0.5097744360902255
spherical_4_3	['Dunns_index']	-0.20902255639097742
spherical_4_3	['Scott_Symons']	0.393984962406015
spherical_4_3	['SDBW']	0.5097744360902255
spherical_4_3	['s_dbw']	0.6240601503759398
spherical_4_3	['Davies_Bouldin']	-0.45714285714285713
spherical_4_3	['PBM_index']	-0.28721804511278193
spherical_4_3	['Ratkowsky_Lance']	-0.4240601503759398
spherical_4_3	['Ray_Turi']	-0.24661654135338343
ecoli	['Banfeld_Raferty']	-0.156390977443609
ecoli	['modified_hubert_t']	0.1533834586466165
ecoli	['i_index']	-0.05263157894736842
ecoli	['McClain_Rao']	-0.04360902255639097
ecoli	['IIndex']	0.1533834586466165
ecoli	['Dunns_index']	0.1533834586466165
ecoli	['Scott_Symons']	0.1533834586466165
ecoli	['SDBW']	0.1533834586466165
ecoli	['s_dbw']	-0.30225563909774433
ecoli	['Davies_Bouldin']	0.06616541353383458
ecoli	['PBM_index']	0.09323308270676692
ecoli	['Ratkowsky_Lance']	-0.3218045112781954
ecoli	['Ray_Turi']	-0.03157894736842105
curves1	['Banfeld_Raferty']	-0.004511278195488721
curves1	['modified_hubert_t']	0.9819548872180449
curves1	['i_index']	-0.9774436090225563
curves1	['McClain_Rao']	0.04210526315789473
curves1	['IIndex']	0.9819548872180449
curves1	['Dunns_index']	0.21353383458646616
curves1	['Scott_Symons']	-0.004511278195488721
curves1	['SDBW']	0.9819548872180449
curves1	['s_dbw']	-0.016541353383458645
curves1	['Davies_Bouldin']	-0.918796992481203
curves1	['PBM_index']	-0.9774436090225563
curves1	['Ratkowsky_Lance']	-0.9819548872180449
curves1	['Ray_Turi']	-0.6120300751879698
2d-4c	['Banfeld_Raferty']	0.0015037593984962405
2d-4c	['modified_hubert_t']	0.47518796992481205
2d-4c	['i_index']	0.045112781954887216
2d-4c	['McClain_Rao']	-0.048120300751879695
2d-4c	['IIndex']	0.47518796992481205
2d-4c	['Dunns_index']	0.09624060150375939
2d-4c	['Scott_Symons']	0.09774436090225563
2d-4c	['SDBW']	0.47518796992481205
2d-4c	['s_dbw']	0.13533834586466165
2d-4c	['Davies_Bouldin']	0.22105263157894736
2d-4c	['PBM_index']	-0.15037593984962402
2d-4c	['Ratkowsky_Lance']	-0.5338345864661653
2d-4c	['Ray_Turi']	0.393984962406015
square3	['Banfeld_Raferty']	0.8105263157894737
square3	['modified_hubert_t']	0.7263157894736841
square3	['i_index']	-0.5654135338345864
square3	['McClain_Rao']	-0.030075187969924807
square3	['IIndex']	0.7263157894736841
square3	['Dunns_index']	-0.33684210526315783
square3	['Scott_Symons']	0.6736842105263157
square3	['SDBW']	0.7263157894736841
square3	['s_dbw']	0.7022556390977444
square3	['Davies_Bouldin']	-0.3157894736842105
square3	['PBM_index']	-0.6345864661654135
square3	['Ratkowsky_Lance']	-0.6872180451127818
square3	['Ray_Turi']	-0.8180451127819548
target	['Banfeld_Raferty']	0.6857142857142857
target	['modified_hubert_t']	0.7127819548872181
target	['i_index']	-0.5413533834586466
target	['McClain_Rao']	0.6766917293233082
target	['IIndex']	0.7127819548872181
target	['Dunns_index']	0.13834586466165413
target	['Scott_Symons']	0.7112781954887217
target	['SDBW']	0.7127819548872181
target	['s_dbw']	0.6992481203007518
target	['Davies_Bouldin']	-0.6496240601503759
target	['PBM_index']	-0.5413533834586466
target	['Ratkowsky_Lance']	0.010526315789473682
target	['Ray_Turi']	-0.5774436090225563
sizes1	['Banfeld_Raferty']	-0.05714285714285714
sizes1	['modified_hubert_t']	0.29774436090225564
sizes1	['i_index']	-0.39999999999999997
sizes1	['McClain_Rao']	0.030075187969924807
sizes1	['IIndex']	0.29774436090225564
sizes1	['Dunns_index']	0.29774436090225564
sizes1	['Scott_Symons']	0.19248120300751878
sizes1	['SDBW']	0.29774436090225564
sizes1	['s_dbw']	0.2270676691729323
sizes1	['Davies_Bouldin']	0.1894736842105263
sizes1	['PBM_index']	-0.4646616541353384
sizes1	['Ratkowsky_Lance']	-0.10977443609022557
sizes1	['Ray_Turi']	-0.3398496240601503
2d-10c	['Banfeld_Raferty']	-0.09022556390977443
2d-10c	['modified_hubert_t']	0.29473684210526313
2d-10c	['i_index']	-0.08721804511278194
2d-10c	['McClain_Rao']	0.35037593984962395
2d-10c	['IIndex']	0.29473684210526313
2d-10c	['Dunns_index']	0.33082706766917286
2d-10c	['Scott_Symons']	-0.16541353383458643
2d-10c	['SDBW']	0.29473684210526313
2d-10c	['s_dbw']	-0.28421052631578947
2d-10c	['Davies_Bouldin']	0.0781954887218045
2d-10c	['PBM_index']	-0.29172932330827067
2d-10c	['Ratkowsky_Lance']	-0.09774436090225563
2d-10c	['Ray_Turi']	0.23759398496240602
cure-t0-2000n-2D	['Banfeld_Raferty']	0.09624060150375939
cure-t0-2000n-2D	['modified_hubert_t']	0.45714285714285713
cure-t0-2000n-2D	['i_index']	-0.15789473684210525
cure-t0-2000n-2D	['McClain_Rao']	-0.009022556390977442
cure-t0-2000n-2D	['IIndex']	0.45714285714285713
cure-t0-2000n-2D	['Dunns_index']	0.45714285714285713
cure-t0-2000n-2D	['Scott_Symons']	-0.013533834586466165
cure-t0-2000n-2D	['SDBW']	0.45714285714285713
cure-t0-2000n-2D	['s_dbw']	0.21052631578947367
cure-t0-2000n-2D	['Davies_Bouldin']	0.08872180451127819
cure-t0-2000n-2D	['PBM_index']	-0.05563909774436089
cure-t0-2000n-2D	['Ratkowsky_Lance']	-0.06616541353383458
cure-t0-2000n-2D	['Ray_Turi']	-0.33082706766917286
dense-disk-3000	['Banfeld_Raferty']	0.1894736842105263
dense-disk-3000	['modified_hubert_t']	0.4601503759398496
dense-disk-3000	['i_index']	-0.2992481203007519
dense-disk-3000	['McClain_Rao']	-0.07518796992481201
dense-disk-3000	['IIndex']	0.4601503759398496
dense-disk-3000	['Dunns_index']	0.21954887218045113
dense-disk-3000	['Scott_Symons']	0.20902255639097742
dense-disk-3000	['SDBW']	0.4601503759398496
dense-disk-3000	['s_dbw']	0.5729323308270676
dense-disk-3000	['Davies_Bouldin']	-0.05864661654135337
dense-disk-3000	['PBM_index']	-0.3578947368421052
dense-disk-3000	['Ratkowsky_Lance']	-0.2827067669172932
dense-disk-3000	['Ray_Turi']	-0.1533834586466165
longsquare	['Banfeld_Raferty']	0.28872180451127816
longsquare	['modified_hubert_t']	0.3488721804511278
longsquare	['i_index']	0.08270676691729321
longsquare	['McClain_Rao']	-0.2601503759398496
longsquare	['IIndex']	0.3488721804511278
longsquare	['Dunns_index']	0.02857142857142857
longsquare	['Scott_Symons']	0.021052631578947364
longsquare	['SDBW']	0.3488721804511278
longsquare	['s_dbw']	0.2045112781954887
longsquare	['Davies_Bouldin']	-0.12180451127819547
longsquare	['PBM_index']	-0.14736842105263157
longsquare	['Ratkowsky_Lance']	-0.2827067669172932
longsquare	['Ray_Turi']	-0.3744360902255639
blobs	['Banfeld_Raferty']	0.9624060150375938
blobs	['modified_hubert_t']	0.9624060150375938
blobs	['i_index']	-0.9383458646616539
blobs	['McClain_Rao']	0.9233082706766916
blobs	['IIndex']	0.9624060150375938
blobs	['Dunns_index']	0.362406015037594
blobs	['Scott_Symons']	0.9654135338345864
blobs	['SDBW']	0.9624060150375938
blobs	['s_dbw']	0.9338345864661652
blobs	['Davies_Bouldin']	0.5654135338345864
blobs	['PBM_index']	-0.9398496240601503
blobs	['Ratkowsky_Lance']	-0.9624060150375938
blobs	['Ray_Turi']	-0.13383458646616542
3MC	['Banfeld_Raferty']	0.9774436090225563
3MC	['modified_hubert_t']	0.9774436090225563
3MC	['i_index']	-0.7052631578947368
3MC	['McClain_Rao']	0.9774436090225563
3MC	['IIndex']	0.9774436090225563
3MC	['Dunns_index']	0.49624060150375937
3MC	['Scott_Symons']	0.9759398496240601
3MC	['SDBW']	0.9774436090225563
3MC	['s_dbw']	0.9714285714285714
3MC	['Davies_Bouldin']	0.7187969924812029
3MC	['PBM_index']	-0.9729323308270676
3MC	['Ratkowsky_Lance']	-0.9774436090225563
3MC	['Ray_Turi']	0.6360902255639098
disk-3000n	['Banfeld_Raferty']	0.6857142857142857
disk-3000n	['modified_hubert_t']	0.6842105263157895
disk-3000n	['i_index']	-0.6375939849624059
disk-3000n	['McClain_Rao']	0.6496240601503759
disk-3000n	['IIndex']	0.6842105263157895
disk-3000n	['Dunns_index']	0.4796992481203006
disk-3000n	['Scott_Symons']	0.669172932330827
disk-3000n	['SDBW']	0.6842105263157895
disk-3000n	['s_dbw']	0.6541353383458646
disk-3000n	['Davies_Bouldin']	0.5263157894736841
disk-3000n	['PBM_index']	-0.6721804511278194
disk-3000n	['Ratkowsky_Lance']	-0.6827067669172932
disk-3000n	['Ray_Turi']	-0.2120300751879699
diamond9	['Banfeld_Raferty']	0.013533834586466165
diamond9	['modified_hubert_t']	0.02706766917293233
diamond9	['i_index']	0.23609022556390977
diamond9	['McClain_Rao']	-0.23759398496240602
diamond9	['IIndex']	0.02706766917293233
diamond9	['Dunns_index']	0.030075187969924807
diamond9	['Scott_Symons']	0.22406015037593985
diamond9	['SDBW']	0.02706766917293233
diamond9	['s_dbw']	0.31127819548872177
diamond9	['Davies_Bouldin']	0.10375939849624059
diamond9	['PBM_index']	-0.07518796992481201
diamond9	['Ratkowsky_Lance']	0.29624060150375936
diamond9	['Ray_Turi']	0.21353383458646616
square4	['Banfeld_Raferty']	0.8451127819548873
square4	['modified_hubert_t']	0.8902255639097743
square4	['i_index']	-0.7187969924812029
square4	['McClain_Rao']	0.22857142857142856
square4	['IIndex']	0.8902255639097743
square4	['Dunns_index']	-0.3082706766917293
square4	['Scott_Symons']	0.7729323308270677
square4	['SDBW']	0.8902255639097743
square4	['s_dbw']	0.8766917293233082
square4	['Davies_Bouldin']	0.1609022556390977
square4	['PBM_index']	-0.7338345864661654
square4	['Ratkowsky_Lance']	-0.6045112781954887
square4	['Ray_Turi']	-0.5458646616541353
disk-4600n	['Banfeld_Raferty']	-0.4661654135338345
disk-4600n	['modified_hubert_t']	-0.7428571428571428
disk-4600n	['i_index']	0.613533834586466
disk-4600n	['McClain_Rao']	-0.4360902255639097
disk-4600n	['IIndex']	-0.7428571428571428
disk-4600n	['Dunns_index']	-0.23609022556390977
disk-4600n	['Scott_Symons']	-0.33082706766917286
disk-4600n	['SDBW']	-0.7428571428571428
disk-4600n	['s_dbw']	-0.5082706766917292
disk-4600n	['Davies_Bouldin']	0.013533834586466165
disk-4600n	['PBM_index']	0.5428571428571428
disk-4600n	['Ratkowsky_Lance']	0.34586466165413526
disk-4600n	['Ray_Turi']	-0.18045112781954886
sizes2	['Banfeld_Raferty']	0.41353383458646614
sizes2	['modified_hubert_t']	0.8992481203007519
sizes2	['i_index']	-0.7563909774436091
sizes2	['McClain_Rao']	0.35488721804511275
sizes2	['IIndex']	0.8992481203007519
sizes2	['Dunns_index']	-0.6120300751879698
sizes2	['Scott_Symons']	0.4090225563909774
sizes2	['SDBW']	0.8992481203007519
sizes2	['s_dbw']	0.7488721804511278
sizes2	['Davies_Bouldin']	0.30977443609022554
sizes2	['PBM_index']	-0.7684210526315788
sizes2	['Ratkowsky_Lance']	-0.849624060150376
sizes2	['Ray_Turi']	-0.5233082706766917
2dnormals	['Banfeld_Raferty']	0.3278195488721804
2dnormals	['modified_hubert_t']	0.6030075187969924
2dnormals	['i_index']	0.11879699248120301
2dnormals	['McClain_Rao']	0.06917293233082707
2dnormals	['IIndex']	0.6030075187969924
2dnormals	['Dunns_index']	0.6030075187969924
2dnormals	['Scott_Symons']	0.35639097744360904
2dnormals	['SDBW']	0.6030075187969924
2dnormals	['s_dbw']	0.2601503759398496
2dnormals	['Davies_Bouldin']	-0.012030075187969924
2dnormals	['PBM_index']	-0.03609022556390977
2dnormals	['Ratkowsky_Lance']	0.13383458646616542
2dnormals	['Ray_Turi']	-0.04060150375939849
dermatology	['Banfeld_Raferty']	-0.58796992481203
dermatology	['modified_hubert_t']	-0.900751879699248
dermatology	['i_index']	0.77593984962406
dermatology	['McClain_Rao']	0.08721804511278194
dermatology	['IIndex']	-0.900751879699248
dermatology	['Dunns_index']	-0.900751879699248
dermatology	['Scott_Symons']	0.18796992481203004
dermatology	['SDBW']	-0.900751879699248
dermatology	['s_dbw']	-0.900751879699248
dermatology	['Davies_Bouldin']	0.556390977443609
dermatology	['PBM_index']	0.4842105263157894
dermatology	['Ratkowsky_Lance']	0.15037593984962402
dermatology	['Ray_Turi']	0.21353383458646616
dartboard2	['Banfeld_Raferty']	-0.3516483516483516
dartboard2	['modified_hubert_t']	0.09890109890109891
dartboard2	['i_index']	0.06043956043956044
dartboard2	['McClain_Rao']	-0.5494505494505494
dartboard2	['IIndex']	0.09890109890109891
dartboard2	['Dunns_index']	0.21978021978021978
dartboard2	['Scott_Symons']	-0.2747252747252747
dartboard2	['SDBW']	0.09890109890109891
dartboard2	['s_dbw']	-0.08241758241758242
dartboard2	['Davies_Bouldin']	0.03296703296703297
dartboard2	['PBM_index']	0.09890109890109891
dartboard2	['Ratkowsky_Lance']	-0.09890109890109891
dartboard2	['Ray_Turi']	0.07142857142857142
complex9	['Banfeld_Raferty']	-0.954592363261094
complex9	['modified_hubert_t']	-0.9876160990712075
complex9	['i_index']	0.8575851393188855
complex9	['McClain_Rao']	-0.6615067079463364
complex9	['IIndex']	-0.9876160990712075
complex9	['Dunns_index']	-0.9876160990712075
complex9	['Scott_Symons']	-0.954592363261094
complex9	['SDBW']	-0.9876160990712075
complex9	['s_dbw']	-0.933952528379773
complex9	['Davies_Bouldin']	0.2693498452012384
complex9	['PBM_index']	0.9174406604747163
complex9	['Ratkowsky_Lance']	0.954592363261094
complex9	['Ray_Turi']	0.1991744066047472
spherical_5_2	['Banfeld_Raferty']	-0.021052631578947364
spherical_5_2	['modified_hubert_t']	0.4466165413533834
spherical_5_2	['i_index']	-0.08270676691729321
spherical_5_2	['McClain_Rao']	0.006015037593984962
spherical_5_2	['IIndex']	0.4466165413533834
spherical_5_2	['Dunns_index']	0.17593984962406017
spherical_5_2	['Scott_Symons']	-0.1413533834586466
spherical_5_2	['SDBW']	0.4466165413533834
spherical_5_2	['s_dbw']	-0.16992481203007515
spherical_5_2	['Davies_Bouldin']	0.13684210526315788
spherical_5_2	['PBM_index']	-0.23609022556390977
spherical_5_2	['Ratkowsky_Lance']	-0.2120300751879699
spherical_5_2	['Ray_Turi']	0.34285714285714286
ds577	['Banfeld_Raferty']	0.10225563909774435
ds577	['modified_hubert_t']	0.42105263157894735
ds577	['i_index']	0.12180451127819547
ds577	['McClain_Rao']	0.08721804511278194
ds577	['IIndex']	0.42105263157894735
ds577	['Dunns_index']	-0.4526315789473684
ds577	['Scott_Symons']	0.24060150375939846
ds577	['SDBW']	0.42105263157894735
ds577	['s_dbw']	0.33082706766917286
ds577	['Davies_Bouldin']	0.15037593984962402
ds577	['PBM_index']	0.18796992481203004
ds577	['Ratkowsky_Lance']	0.05714285714285714
ds577	['Ray_Turi']	0.2721804511278195
xor	['Banfeld_Raferty']	0.09624060150375939
xor	['modified_hubert_t']	0.6150375939849623
xor	['i_index']	-0.58796992481203
xor	['McClain_Rao']	0.3413533834586466
xor	['IIndex']	0.6150375939849623
xor	['Dunns_index']	-0.08120300751879699
xor	['Scott_Symons']	0.26766917293233083
xor	['SDBW']	0.6150375939849623
xor	['s_dbw']	0.24661654135338343
xor	['Davies_Bouldin']	0.49323308270676686
xor	['PBM_index']	-0.5503759398496241
xor	['Ratkowsky_Lance']	-0.3984962406015037
xor	['Ray_Turi']	-0.22105263157894736
curves2	['Banfeld_Raferty']	-0.09022556390977443
curves2	['modified_hubert_t']	0.9834586466165413
curves2	['i_index']	-0.21353383458646616
curves2	['McClain_Rao']	0.4060150375939849
curves2	['IIndex']	0.9834586466165413
curves2	['Dunns_index']	0.9834586466165413
curves2	['Scott_Symons']	0.04661654135338346
curves2	['SDBW']	0.9834586466165413
curves2	['s_dbw']	-0.07218045112781954
curves2	['Davies_Bouldin']	-0.13383458646616542
curves2	['PBM_index']	-0.3203007518796992
curves2	['Ratkowsky_Lance']	-0.10526315789473684
curves2	['Ray_Turi']	0.08721804511278194
donut2	['Banfeld_Raferty']	0.5338345864661653
donut2	['modified_hubert_t']	-0.918796992481203
donut2	['i_index']	0.9067669172932331
donut2	['McClain_Rao']	0.5233082706766917
donut2	['IIndex']	-0.918796992481203
donut2	['Dunns_index']	-0.918796992481203
donut2	['Scott_Symons']	0.5338345864661653
donut2	['SDBW']	-0.918796992481203
donut2	['s_dbw']	-0.556390977443609
donut2	['Davies_Bouldin']	-0.7293233082706766
donut2	['PBM_index']	0.8526315789473683
donut2	['Ratkowsky_Lance']	0.918796992481203
donut2	['Ray_Turi']	0.24360902255639094
tetra	['Banfeld_Raferty']	0.7308270676691728
tetra	['modified_hubert_t']	0.7353383458646616
tetra	['i_index']	-0.7398496240601502
tetra	['McClain_Rao']	0.7233082706766917
tetra	['IIndex']	0.7353383458646616
tetra	['Dunns_index']	-0.25864661654135335
tetra	['Scott_Symons']	0.7263157894736841
tetra	['SDBW']	0.7353383458646616
tetra	['s_dbw']	0.7353383458646616
tetra	['Davies_Bouldin']	0.5187969924812029
tetra	['PBM_index']	-0.6842105263157895
tetra	['Ratkowsky_Lance']	-0.6917293233082705
tetra	['Ray_Turi']	0.5714285714285714
gaussians1	['Banfeld_Raferty']	-0.7654135338345864
gaussians1	['modified_hubert_t']	0.8947368421052632
gaussians1	['i_index']	-0.837593984962406
gaussians1	['McClain_Rao']	0.006015037593984962
gaussians1	['IIndex']	0.8947368421052632
gaussians1	['Dunns_index']	0.8947368421052632
gaussians1	['Scott_Symons']	-0.8721804511278194
gaussians1	['SDBW']	0.8947368421052632
gaussians1	['s_dbw']	0.7473684210526315
gaussians1	['Davies_Bouldin']	0.3699248120300751
gaussians1	['PBM_index']	-0.837593984962406
gaussians1	['Ratkowsky_Lance']	-0.8947368421052632
gaussians1	['Ray_Turi']	-0.08571428571428572
d31	['Banfeld_Raferty']	-0.9984962406015038
d31	['modified_hubert_t']	-1.0
d31	['i_index']	0.29624060150375936
d31	['McClain_Rao']	-0.9819548872180449
d31	['IIndex']	-1.0
d31	['Dunns_index']	0.22857142857142856
d31	['Scott_Symons']	-0.9924812030075187
d31	['SDBW']	-1.0
d31	['s_dbw']	-0.9804511278195487
d31	['Davies_Bouldin']	-0.7007518796992479
d31	['PBM_index']	0.7458646616541353
d31	['Ratkowsky_Lance']	0.6827067669172932
d31	['Ray_Turi']	-0.524812030075188
square1	['Banfeld_Raferty']	0.2045112781954887
square1	['modified_hubert_t']	0.5323308270676691
square1	['i_index']	-0.010526315789473682
square1	['McClain_Rao']	-0.06917293233082707
square1	['IIndex']	0.5323308270676691
square1	['Dunns_index']	0.27669172932330827
square1	['Scott_Symons']	0.18045112781954886
square1	['SDBW']	0.5323308270676691
square1	['s_dbw']	0.09473684210526315
square1	['Davies_Bouldin']	0.05413533834586466
square1	['PBM_index']	-0.19999999999999998
square1	['Ratkowsky_Lance']	-0.2556390977443609
square1	['Ray_Turi']	-0.41353383458646614
pmf	['Banfeld_Raferty']	0.675187969924812
pmf	['modified_hubert_t']	0.7699248120300751
pmf	['i_index']	0.7699248120300751
pmf	['McClain_Rao']	0.04661654135338346
pmf	['IIndex']	0.7699248120300751
pmf	['Dunns_index']	0.7699248120300751
pmf	['Scott_Symons']	0.675187969924812
pmf	['SDBW']	0.7699248120300751
pmf	['s_dbw']	0.675187969924812
pmf	['Davies_Bouldin']	0.675187969924812
pmf	['PBM_index']	0.7699248120300751
pmf	['Ratkowsky_Lance']	0.7699248120300751
pmf	['Ray_Turi']	0.675187969924812
xclara	['Banfeld_Raferty']	0.4240601503759398
xclara	['modified_hubert_t']	0.40451127819548865
xclara	['i_index']	-0.1819548872180451
xclara	['McClain_Rao']	0.3714285714285714
xclara	['IIndex']	0.40451127819548865
xclara	['Dunns_index']	0.40451127819548865
xclara	['Scott_Symons']	0.23759398496240602
xclara	['SDBW']	0.40451127819548865
xclara	['s_dbw']	0.2421052631578947
xclara	['Davies_Bouldin']	-0.312781954887218
xclara	['PBM_index']	0.40451127819548865
xclara	['Ratkowsky_Lance']	0.40451127819548865
xclara	['Ray_Turi']	0.5007518796992482
ba0.0a	['Banfeld_Raferty']	0.18045112781954886
ba0.0a	['modified_hubert_t']	0.6616541353383457
ba0.0a	['i_index']	-0.19248120300751878
ba0.0a	['McClain_Rao']	0.13684210526315788
ba0.0a	['IIndex']	0.6616541353383457
ba0.0a	['Dunns_index']	0.6616541353383457
ba0.0a	['Scott_Symons']	0.15789473684210525
ba0.0a	['SDBW']	0.6616541353383457
ba0.0a	['s_dbw']	0.03308270676691729
ba0.0a	['Davies_Bouldin']	-0.024060150375939848
ba0.0a	['PBM_index']	-0.19248120300751878
ba0.0a	['Ratkowsky_Lance']	0.07218045112781954
ba0.0a	['Ray_Turi']	0.18045112781954886
cassini	['Banfeld_Raferty']	0.47518796992481205
cassini	['modified_hubert_t']	0.47518796992481205
cassini	['i_index']	-0.4541353383458646
cassini	['McClain_Rao']	0.45112781954887216
cassini	['IIndex']	0.47518796992481205
cassini	['Dunns_index']	0.2045112781954887
cassini	['Scott_Symons']	0.4360902255639097
cassini	['SDBW']	0.47518796992481205
cassini	['s_dbw']	0.3924812030075188
cassini	['Davies_Bouldin']	-0.12781954887218044
cassini	['PBM_index']	-0.5082706766917292
cassini	['Ratkowsky_Lance']	-0.47518796992481205
cassini	['Ray_Turi']	-0.1639097744360902
R15	['Banfeld_Raferty']	0.4496240601503759
R15	['modified_hubert_t']	0.45112781954887216
R15	['i_index']	0.25112781954887214
R15	['McClain_Rao']	0.5037593984962406
R15	['IIndex']	0.45112781954887216
R15	['Dunns_index']	-0.2045112781954887
R15	['Scott_Symons']	0.4781954887218045
R15	['SDBW']	0.45112781954887216
R15	['s_dbw']	0.3804511278195489
R15	['Davies_Bouldin']	-0.38345864661654133
R15	['PBM_index']	0.35037593984962395
R15	['Ratkowsky_Lance']	-0.38947368421052625
R15	['Ray_Turi']	-0.3293233082706767
jain	['Banfeld_Raferty']	0.9834586466165413
jain	['modified_hubert_t']	0.9924812030075187
jain	['i_index']	-0.30977443609022554
jain	['McClain_Rao']	0.8812030075187969
jain	['IIndex']	0.9924812030075187
jain	['Dunns_index']	-0.7037593984962407
jain	['Scott_Symons']	0.9669172932330825
jain	['SDBW']	0.9924812030075187
jain	['s_dbw']	0.9864661654135337
jain	['Davies_Bouldin']	0.393984962406015
jain	['PBM_index']	-0.306766917293233
jain	['Ratkowsky_Lance']	-0.9924812030075187
jain	['Ray_Turi']	0.306766917293233
engytime	['Banfeld_Raferty']	0.24511278195488717
engytime	['modified_hubert_t']	0.2541353383458646
engytime	['i_index']	-0.1894736842105263
engytime	['McClain_Rao']	-0.23308270676691725
engytime	['IIndex']	0.2541353383458646
engytime	['Dunns_index']	-0.08270676691729321
engytime	['Scott_Symons']	-0.03157894736842105
engytime	['SDBW']	0.2541353383458646
engytime	['s_dbw']	0.13383458646616542
engytime	['Davies_Bouldin']	0.2045112781954887
engytime	['PBM_index']	-0.29624060150375936
engytime	['Ratkowsky_Lance']	-0.10977443609022557
engytime	['Ray_Turi']	-0.19548872180451127
aml28	['Banfeld_Raferty']	-0.5984962406015037
aml28	['modified_hubert_t']	-0.6225563909774435
aml28	['i_index']	0.5593984962406015
aml28	['McClain_Rao']	-0.6556390977443608
aml28	['IIndex']	-0.6225563909774435
aml28	['Dunns_index']	-0.6225563909774435
aml28	['Scott_Symons']	-0.5804511278195488
aml28	['SDBW']	-0.6225563909774435
aml28	['s_dbw']	-0.4421052631578947
aml28	['Davies_Bouldin']	0.045112781954887216
aml28	['PBM_index']	0.42105263157894735
aml28	['Ratkowsky_Lance']	-0.05864661654135337
aml28	['Ray_Turi']	0.35939849624060144
zelnik6	['Banfeld_Raferty']	0.28421052631578947
zelnik6	['modified_hubert_t']	0.22556390977443608
zelnik6	['i_index']	-0.42556390977443603
zelnik6	['McClain_Rao']	-0.2300751879699248
zelnik6	['IIndex']	0.22556390977443608
zelnik6	['Dunns_index']	0.22556390977443608
zelnik6	['Scott_Symons']	0.15789473684210525
zelnik6	['SDBW']	0.22556390977443608
zelnik6	['s_dbw']	-0.3609022556390977
zelnik6	['Davies_Bouldin']	0.19248120300751878
zelnik6	['PBM_index']	-0.4781954887218045
zelnik6	['Ratkowsky_Lance']	-0.037593984962406006
zelnik6	['Ray_Turi']	0.1639097744360902
2sp2glob	['Banfeld_Raferty']	0.07518796992481201
2sp2glob	['modified_hubert_t']	0.41353383458646614
2sp2glob	['i_index']	-0.15037593984962402
2sp2glob	['McClain_Rao']	0.3278195488721804
2sp2glob	['IIndex']	0.41353383458646614
2sp2glob	['Dunns_index']	-0.024060150375939848
2sp2glob	['Scott_Symons']	0.0706766917293233
2sp2glob	['SDBW']	0.41353383458646614
2sp2glob	['s_dbw']	0.10375939849624059
2sp2glob	['Davies_Bouldin']	0.437593984962406
2sp2glob	['PBM_index']	-0.13834586466165413
2sp2glob	['Ratkowsky_Lance']	-0.2827067669172932
2sp2glob	['Ray_Turi']	-0.2601503759398496
elly-2d10c13s	['Banfeld_Raferty']	-0.5233082706766917
elly-2d10c13s	['modified_hubert_t']	-0.6015037593984961
elly-2d10c13s	['i_index']	0.5142857142857143
elly-2d10c13s	['McClain_Rao']	-0.6
elly-2d10c13s	['IIndex']	-0.6015037593984961
elly-2d10c13s	['Dunns_index']	-0.4616541353383458
elly-2d10c13s	['Scott_Symons']	-0.675187969924812
elly-2d10c13s	['SDBW']	-0.6015037593984961
elly-2d10c13s	['s_dbw']	-0.6090225563909774
elly-2d10c13s	['Davies_Bouldin']	0.14436090225563908
elly-2d10c13s	['PBM_index']	0.5067669172932331
elly-2d10c13s	['Ratkowsky_Lance']	0.5924812030075187
elly-2d10c13s	['Ray_Turi']	0.3684210526315789
long1	['Banfeld_Raferty']	-0.5172932330827067
long1	['modified_hubert_t']	-0.26616541353383455
long1	['i_index']	0.013533834586466165
long1	['McClain_Rao']	-0.10676691729323308
long1	['IIndex']	-0.26616541353383455
long1	['Dunns_index']	-0.26616541353383455
long1	['Scott_Symons']	-0.23308270676691725
long1	['SDBW']	-0.26616541353383455
long1	['s_dbw']	0.18646616541353384
long1	['Davies_Bouldin']	-0.27669172932330827
long1	['PBM_index']	0.23458646616541348
long1	['Ratkowsky_Lance']	0.31127819548872177
long1	['Ray_Turi']	0.0631578947368421
zelnik3	['Banfeld_Raferty']	0.46917293233082696
zelnik3	['modified_hubert_t']	0.2526315789473684
zelnik3	['i_index']	-0.45112781954887216
zelnik3	['McClain_Rao']	0.3278195488721804
zelnik3	['IIndex']	0.2526315789473684
zelnik3	['Dunns_index']	0.2526315789473684
zelnik3	['Scott_Symons']	0.4060150375939849
zelnik3	['SDBW']	0.2526315789473684
zelnik3	['s_dbw']	-0.41052631578947363
zelnik3	['Davies_Bouldin']	0.16992481203007515
zelnik3	['PBM_index']	-0.29323308270676685
zelnik3	['Ratkowsky_Lance']	-0.32631578947368417
zelnik3	['Ray_Turi']	0.0015037593984962405
long3	['Banfeld_Raferty']	0.6511278195488721
long3	['modified_hubert_t']	0.8030075187969924
long3	['i_index']	0.24360902255639094
long3	['McClain_Rao']	0.6451127819548872
long3	['IIndex']	0.8030075187969924
long3	['Dunns_index']	-0.6360902255639098
long3	['Scott_Symons']	0.5954887218045113
long3	['SDBW']	0.8030075187969924
long3	['s_dbw']	0.7849624060150376
long3	['Davies_Bouldin']	0.03909774436090225
long3	['PBM_index']	0.25112781954887214
long3	['Ratkowsky_Lance']	-0.7849624060150376
long3	['Ray_Turi']	-0.33082706766917286
triangle2	['Banfeld_Raferty']	0.4781954887218045
triangle2	['modified_hubert_t']	0.7789473684210525
triangle2	['i_index']	-0.362406015037594
triangle2	['McClain_Rao']	0.04962406015037594
triangle2	['IIndex']	0.7789473684210525
triangle2	['Dunns_index']	-0.16992481203007515
triangle2	['Scott_Symons']	0.44360902255639095
triangle2	['SDBW']	0.7789473684210525
triangle2	['s_dbw']	0.45112781954887216
triangle2	['Davies_Bouldin']	0.037593984962406006
triangle2	['PBM_index']	-0.5548872180451127
triangle2	['Ratkowsky_Lance']	-0.8105263157894737
triangle2	['Ray_Turi']	-0.27518796992481204
lsun	['Banfeld_Raferty']	0.9639097744360902
lsun	['modified_hubert_t']	0.9744360902255638
lsun	['i_index']	-0.9353383458646616
lsun	['McClain_Rao']	0.9413533834586465
lsun	['IIndex']	0.9744360902255638
lsun	['Dunns_index']	-0.006015037593984962
lsun	['Scott_Symons']	0.9729323308270676
lsun	['SDBW']	0.9744360902255638
lsun	['s_dbw']	0.9578947368421054
lsun	['Davies_Bouldin']	0.27669172932330827
lsun	['PBM_index']	-0.9714285714285714
lsun	['Ratkowsky_Lance']	-0.9744360902255638
lsun	['Ray_Turi']	0.22556390977443608
thy	['Banfeld_Raferty']	0.24812030075187969
thy	['modified_hubert_t']	-0.11729323308270674
thy	['i_index']	-0.11729323308270674
thy	['McClain_Rao']	-0.11729323308270674
thy	['IIndex']	-0.11729323308270674
thy	['Dunns_index']	-0.11729323308270674
thy	['Scott_Symons']	0.9714285714285714
thy	['SDBW']	-0.11729323308270674
thy	['s_dbw']	0.24812030075187969
thy	['Davies_Bouldin']	0.24812030075187969
thy	['PBM_index']	-0.11729323308270674
thy	['Ratkowsky_Lance']	-0.11729323308270674
thy	['Ray_Turi']	0.18646616541353384
spherical_6_2	['Banfeld_Raferty']	0.8962406015037594
spherical_6_2	['modified_hubert_t']	0.9052631578947368
spherical_6_2	['i_index']	0.3142857142857143
spherical_6_2	['McClain_Rao']	0.7654135338345864
spherical_6_2	['IIndex']	0.9052631578947368
spherical_6_2	['Dunns_index']	0.07969924812030074
spherical_6_2	['Scott_Symons']	0.9308270676691727
spherical_6_2	['SDBW']	0.9052631578947368
spherical_6_2	['s_dbw']	0.8691729323308269
spherical_6_2	['Davies_Bouldin']	0.8285714285714285
spherical_6_2	['PBM_index']	0.3293233082706767
spherical_6_2	['Ratkowsky_Lance']	-0.9082706766917292
spherical_6_2	['Ray_Turi']	0.05263157894736842
iris	['Banfeld_Raferty']	0.25864661654135335
iris	['modified_hubert_t']	0.3954887218045112
iris	['i_index']	-0.43458646616541347
iris	['McClain_Rao']	0.08120300751879699
iris	['IIndex']	0.3954887218045112
iris	['Dunns_index']	0.3954887218045112
iris	['Scott_Symons']	0.3954887218045112
iris	['SDBW']	0.3954887218045112
iris	['s_dbw']	-0.13383458646616542
iris	['Davies_Bouldin']	-0.1969924812030075
iris	['PBM_index']	-0.1894736842105263
iris	['Ratkowsky_Lance']	-0.20601503759398496
iris	['Ray_Turi']	0.10977443609022557
dpb	['Banfeld_Raferty']	0.33233082706766914
dpb	['modified_hubert_t']	0.4586466165413533
dpb	['i_index']	-0.5067669172932331
dpb	['McClain_Rao']	0.23759398496240602
dpb	['IIndex']	0.4586466165413533
dpb	['Dunns_index']	-0.12781954887218044
dpb	['Scott_Symons']	0.2541353383458646
dpb	['SDBW']	0.4586466165413533
dpb	['s_dbw']	-0.14285714285714285
dpb	['Davies_Bouldin']	-0.08421052631578946
dpb	['PBM_index']	-0.3293233082706767
dpb	['Ratkowsky_Lance']	-0.4586466165413533
dpb	['Ray_Turi']	-0.40751879699248117
hypercube	['Banfeld_Raferty']	-0.004511278195488721
hypercube	['modified_hubert_t']	0.2601503759398496
hypercube	['i_index']	0.08571428571428572
hypercube	['McClain_Rao']	0.3684210526315789
hypercube	['IIndex']	0.2601503759398496
hypercube	['Dunns_index']	0.019548872180451125
hypercube	['Scott_Symons']	0.19248120300751878
hypercube	['SDBW']	0.2601503759398496
hypercube	['s_dbw']	-0.05864661654135337
hypercube	['Davies_Bouldin']	0.17744360902255638
hypercube	['PBM_index']	-0.2556390977443609
hypercube	['Ratkowsky_Lance']	-0.14436090225563908
hypercube	['Ray_Turi']	0.19548872180451127
dpc	['Banfeld_Raferty']	0.2857142857142857
dpc	['modified_hubert_t']	0.6646616541353383
dpc	['i_index']	-0.6586466165413534
dpc	['McClain_Rao']	0.6240601503759398
dpc	['IIndex']	0.6646616541353383
dpc	['Dunns_index']	0.26315789473684204
dpc	['Scott_Symons']	0.26917293233082706
dpc	['SDBW']	0.6646616541353383
dpc	['s_dbw']	-0.20150375939849624
dpc	['Davies_Bouldin']	-0.5789473684210527
dpc	['PBM_index']	-0.7127819548872181
dpc	['Ratkowsky_Lance']	-0.6646616541353383
dpc	['Ray_Turi']	-0.15789473684210525
elliptical_10_2	['Banfeld_Raferty']	0.08120300751879699
elliptical_10_2	['modified_hubert_t']	0.08120300751879699
elliptical_10_2	['i_index']	0.006015037593984962
elliptical_10_2	['McClain_Rao']	0.08120300751879699
elliptical_10_2	['IIndex']	0.08120300751879699
elliptical_10_2	['Dunns_index']	0.14436090225563908
elliptical_10_2	['Scott_Symons']	0.08270676691729321
elliptical_10_2	['SDBW']	0.08120300751879699
elliptical_10_2	['s_dbw']	0.06165413533834586
elliptical_10_2	['Davies_Bouldin']	-0.21353383458646616
elliptical_10_2	['PBM_index']	0.03458646616541353
elliptical_10_2	['Ratkowsky_Lance']	-0.08120300751879699
elliptical_10_2	['Ray_Turi']	0.42255639097744363
