square2	['Banfeld_Raferty']	-0.34586466165413526
square2	['modified_hubert_t']	0.47518796992481205
square2	['i_index']	-0.4601503759398496
square2	['McClain_Rao']	-0.4451127819548871
square2	['IIndex']	0.47518796992481205
square2	['Dunns_index']	-0.28120300751879695
square2	['Scott_Symons']	0.14736842105263157
square2	['SDBW']	0.47518796992481205
square2	['s_dbw']	0.0706766917293233
square2	['Davies_Bouldin']	-0.3954887218045112
square2	['PBM_index']	-0.24661654135338343
square2	['Ratkowsky_Lance']	-0.21353383458646616
square2	['Ray_Turi']	-0.4601503759398496
DS-577	['Banfeld_Raferty']	0.09774436090225563
DS-577	['modified_hubert_t']	0.4661654135338345
DS-577	['i_index']	-0.14887218045112782
DS-577	['McClain_Rao']	0.037593984962406006
DS-577	['IIndex']	0.4661654135338345
DS-577	['Dunns_index']	0.08120300751879699
DS-577	['Scott_Symons']	-0.3233082706766917
DS-577	['SDBW']	0.4661654135338345
DS-577	['s_dbw']	0.13834586466165413
DS-577	['Davies_Bouldin']	-0.2045112781954887
DS-577	['PBM_index']	0.09774436090225563
DS-577	['Ratkowsky_Lance']	-0.5142857142857143
DS-577	['Ray_Turi']	-0.09323308270676692
rings	['Banfeld_Raferty']	-0.11879699248120301
rings	['modified_hubert_t']	0.02706766917293233
rings	['i_index']	0.1789473684210526
rings	['McClain_Rao']	-0.15939849624060148
rings	['IIndex']	0.02706766917293233
rings	['Dunns_index']	0.1263157894736842
rings	['Scott_Symons']	0.29473684210526313
rings	['SDBW']	0.02706766917293233
rings	['s_dbw']	-0.29323308270676685
rings	['Davies_Bouldin']	-0.03909774436090225
rings	['PBM_index']	0.23609022556390977
rings	['Ratkowsky_Lance']	0.11428571428571428
rings	['Ray_Turi']	0.20902255639097742
ds577	['Banfeld_Raferty']	0.3969924812030075
ds577	['modified_hubert_t']	0.21804511278195485
ds577	['i_index']	-0.08421052631578946
ds577	['McClain_Rao']	-0.17744360902255638
ds577	['IIndex']	0.21804511278195485
ds577	['Dunns_index']	0.3293233082706767
ds577	['Scott_Symons']	-0.4872180451127819
ds577	['SDBW']	0.21804511278195485
ds577	['s_dbw']	-0.024060150375939848
ds577	['Davies_Bouldin']	-0.012030075187969924
ds577	['PBM_index']	0.3969924812030075
ds577	['Ratkowsky_Lance']	-0.41804511278195483
ds577	['Ray_Turi']	-0.21954887218045113
long3	['Banfeld_Raferty']	0.4421052631578947
long3	['modified_hubert_t']	-0.3037593984962406
long3	['i_index']	0.12781954887218044
long3	['McClain_Rao']	0.7909774436090224
long3	['IIndex']	-0.3037593984962406
long3	['Dunns_index']	0.18045112781954886
long3	['Scott_Symons']	0.3293233082706767
long3	['SDBW']	-0.3037593984962406
long3	['s_dbw']	0.08571428571428572
long3	['Davies_Bouldin']	0.21654135338345865
long3	['PBM_index']	-0.4300751879699248
long3	['Ratkowsky_Lance']	-0.09624060150375939
long3	['Ray_Turi']	0.9082706766917292
spherical_5_2	['Banfeld_Raferty']	0.037593984962406006
spherical_5_2	['modified_hubert_t']	0.41654135338345866
spherical_5_2	['i_index']	-0.15037593984962402
spherical_5_2	['McClain_Rao']	-0.18646616541353384
spherical_5_2	['IIndex']	0.41654135338345866
spherical_5_2	['Dunns_index']	-0.4872180451127819
spherical_5_2	['Scott_Symons']	0.38496240601503756
spherical_5_2	['SDBW']	0.41654135338345866
spherical_5_2	['s_dbw']	-0.3669172932330827
spherical_5_2	['Davies_Bouldin']	-0.15037593984962402
spherical_5_2	['PBM_index']	0.03609022556390977
spherical_5_2	['Ratkowsky_Lance']	0.02706766917293233
spherical_5_2	['Ray_Turi']	-0.15037593984962402
long1	['Banfeld_Raferty']	-0.40751879699248117
long1	['modified_hubert_t']	-0.13984962406015036
long1	['i_index']	0.39999999999999997
long1	['McClain_Rao']	-0.05714285714285714
long1	['IIndex']	-0.13984962406015036
long1	['Dunns_index']	0.26917293233082706
long1	['Scott_Symons']	-0.393984962406015
long1	['SDBW']	-0.13984962406015036
long1	['s_dbw']	-0.5744360902255639
long1	['Davies_Bouldin']	0.3969924812030075
long1	['PBM_index']	0.28421052631578947
long1	['Ratkowsky_Lance']	0.6781954887218045
long1	['Ray_Turi']	0.393984962406015
zelnik3	['Banfeld_Raferty']	-0.5151515151515151
zelnik3	['modified_hubert_t']	-0.5151515151515151
zelnik3	['i_index']	0.9999999999999999
zelnik3	['McClain_Rao']	0.9999999999999999
zelnik3	['IIndex']	-0.5151515151515151
zelnik3	['Dunns_index']	0.9999999999999999
zelnik3	['Scott_Symons']	0.9999999999999999
zelnik3	['SDBW']	-0.5151515151515151
zelnik3	['s_dbw']	-0.5151515151515151
zelnik3	['Davies_Bouldin']	0.9999999999999999
zelnik3	['PBM_index']	-0.5151515151515151
zelnik3	['Ratkowsky_Lance']	-0.5151515151515151
zelnik3	['Ray_Turi']	0.9999999999999999
elly-2d10c13s	['Banfeld_Raferty']	0.524812030075188
elly-2d10c13s	['modified_hubert_t']	0.1894736842105263
elly-2d10c13s	['i_index']	-0.10977443609022557
elly-2d10c13s	['McClain_Rao']	0.2045112781954887
elly-2d10c13s	['IIndex']	0.1894736842105263
elly-2d10c13s	['Dunns_index']	0.09172932330827067
elly-2d10c13s	['Scott_Symons']	0.3142857142857143
elly-2d10c13s	['SDBW']	0.1894736842105263
elly-2d10c13s	['s_dbw']	0.11578947368421053
elly-2d10c13s	['Davies_Bouldin']	-0.5398496240601504
elly-2d10c13s	['PBM_index']	-0.2827067669172932
elly-2d10c13s	['Ratkowsky_Lance']	0.2421052631578947
elly-2d10c13s	['Ray_Turi']	0.10676691729323308
sizes1	['Banfeld_Raferty']	0.12781954887218044
sizes1	['modified_hubert_t']	-0.3157894736842105
sizes1	['i_index']	0.5157894736842105
sizes1	['McClain_Rao']	0.4977443609022556
sizes1	['IIndex']	-0.3157894736842105
sizes1	['Dunns_index']	-0.2706766917293233
sizes1	['Scott_Symons']	0.5203007518796992
sizes1	['SDBW']	-0.3157894736842105
sizes1	['s_dbw']	0.33684210526315783
sizes1	['Davies_Bouldin']	0.5037593984962406
sizes1	['PBM_index']	0.38646616541353385
sizes1	['Ratkowsky_Lance']	0.4270676691729323
sizes1	['Ray_Turi']	0.5458646616541353
spherical_4_3	['Banfeld_Raferty']	0.23308270676691725
spherical_4_3	['modified_hubert_t']	0.23308270676691725
spherical_4_3	['i_index']	0.23308270676691725
spherical_4_3	['McClain_Rao']	0.23308270676691725
spherical_4_3	['IIndex']	0.23308270676691725
spherical_4_3	['Dunns_index']	0.23308270676691725
spherical_4_3	['Scott_Symons']	0.23308270676691725
spherical_4_3	['SDBW']	0.23308270676691725
spherical_4_3	['s_dbw']	0.23308270676691725
spherical_4_3	['Davies_Bouldin']	1.0
spherical_4_3	['PBM_index']	1.0
spherical_4_3	['Ratkowsky_Lance']	0.23308270676691725
spherical_4_3	['Ray_Turi']	0.23308270676691725
square3	['Banfeld_Raferty']	0.32481203007518794
square3	['modified_hubert_t']	0.4285714285714286
square3	['i_index']	0.0
square3	['McClain_Rao']	0.33533834586466166
square3	['IIndex']	0.4285714285714286
square3	['Dunns_index']	-0.048120300751879695
square3	['Scott_Symons']	-0.05714285714285714
square3	['SDBW']	0.4285714285714286
square3	['s_dbw']	-0.27368421052631575
square3	['Davies_Bouldin']	0.3398496240601503
square3	['PBM_index']	-0.09624060150375939
square3	['Ratkowsky_Lance']	-0.38646616541353385
square3	['Ray_Turi']	0.08721804511278194
elliptical_10_2	['Banfeld_Raferty']	1.0
elliptical_10_2	['modified_hubert_t']	1.0
elliptical_10_2	['i_index']	0.9924812030075187
elliptical_10_2	['McClain_Rao']	0.9924812030075187
elliptical_10_2	['IIndex']	1.0
elliptical_10_2	['Dunns_index']	1.0
elliptical_10_2	['Scott_Symons']	1.0
elliptical_10_2	['SDBW']	1.0
elliptical_10_2	['s_dbw']	1.0
elliptical_10_2	['Davies_Bouldin']	1.0
elliptical_10_2	['PBM_index']	0.9924812030075187
elliptical_10_2	['Ratkowsky_Lance']	1.0
elliptical_10_2	['Ray_Turi']	1.0
d31	['Banfeld_Raferty']	0.35639097744360904
d31	['modified_hubert_t']	0.20751879699248119
d31	['i_index']	0.29774436090225564
d31	['McClain_Rao']	0.5699248120300752
d31	['IIndex']	0.20751879699248119
d31	['Dunns_index']	-0.16691729323308271
d31	['Scott_Symons']	-0.004511278195488721
d31	['SDBW']	0.20751879699248119
d31	['s_dbw']	0.2150375939849624
d31	['Davies_Bouldin']	0.1609022556390977
d31	['PBM_index']	-0.009022556390977442
d31	['Ratkowsky_Lance']	0.38345864661654133
d31	['Ray_Turi']	0.32481203007518794
complex8	['Banfeld_Raferty']	-0.42105263157894735
complex8	['modified_hubert_t']	-0.42105263157894735
complex8	['i_index']	-0.42105263157894735
complex8	['McClain_Rao']	-0.42105263157894735
complex8	['IIndex']	-0.42105263157894735
complex8	['Dunns_index']	-0.42105263157894735
complex8	['Scott_Symons']	-0.42105263157894735
complex8	['SDBW']	-0.42105263157894735
complex8	['s_dbw']	0.5263157894736841
complex8	['Davies_Bouldin']	-0.42105263157894735
complex8	['PBM_index']	0.5263157894736841
complex8	['Ratkowsky_Lance']	0.12030075187969923
complex8	['Ray_Turi']	-0.42105263157894735
jain	['Banfeld_Raferty']	0.9684210526315788
jain	['modified_hubert_t']	0.006015037593984962
jain	['i_index']	0.1533834586466165
jain	['McClain_Rao']	0.5458646616541353
jain	['IIndex']	0.006015037593984962
jain	['Dunns_index']	0.5969924812030075
jain	['Scott_Symons']	0.7954887218045112
jain	['SDBW']	0.006015037593984962
jain	['s_dbw']	1.0
jain	['Davies_Bouldin']	1.0
jain	['PBM_index']	1.0
jain	['Ratkowsky_Lance']	1.0
jain	['Ray_Turi']	0.26315789473684204
zelnik5	['Banfeld_Raferty']	0.9999999999999999
zelnik5	['modified_hubert_t']	0.9999999999999999
zelnik5	['i_index']	0.9999999999999999
zelnik5	['McClain_Rao']	0.9999999999999999
zelnik5	['IIndex']	0.9999999999999999
zelnik5	['Dunns_index']	0.9999999999999999
zelnik5	['Scott_Symons']	-0.5151515151515151
zelnik5	['SDBW']	0.9999999999999999
zelnik5	['s_dbw']	0.9999999999999999
zelnik5	['Davies_Bouldin']	0.9999999999999999
zelnik5	['PBM_index']	0.9999999999999999
zelnik5	['Ratkowsky_Lance']	-0.5151515151515151
zelnik5	['Ray_Turi']	0.9999999999999999
smile3	['Banfeld_Raferty']	-0.4360902255639097
smile3	['modified_hubert_t']	0.10526315789473684
smile3	['i_index']	-0.08270676691729321
smile3	['McClain_Rao']	-0.015037593984962403
smile3	['IIndex']	0.10526315789473684
smile3	['Dunns_index']	0.4812030075187969
smile3	['Scott_Symons']	-0.2781954887218045
smile3	['SDBW']	0.10526315789473684
smile3	['s_dbw']	-0.09774436090225563
smile3	['Davies_Bouldin']	-0.08270676691729321
smile3	['PBM_index']	-0.06165413533834586
smile3	['Ratkowsky_Lance']	-0.12030075187969923
smile3	['Ray_Turi']	-0.015037593984962403
twodiamonds	['Banfeld_Raferty']	-0.23157894736842105
twodiamonds	['modified_hubert_t']	0.7398496240601502
twodiamonds	['i_index']	-0.1518796992481203
twodiamonds	['McClain_Rao']	-0.23458646616541348
twodiamonds	['IIndex']	0.7398496240601502
twodiamonds	['Dunns_index']	-0.23609022556390977
twodiamonds	['Scott_Symons']	-0.23458646616541348
twodiamonds	['SDBW']	0.7398496240601502
twodiamonds	['s_dbw']	-0.15488721804511277
twodiamonds	['Davies_Bouldin']	-0.1518796992481203
twodiamonds	['PBM_index']	1.0
twodiamonds	['Ratkowsky_Lance']	-0.15488721804511277
twodiamonds	['Ray_Turi']	-0.23157894736842105
ds4c2sc8	['Banfeld_Raferty']	0.9999999999999999
ds4c2sc8	['modified_hubert_t']	0.9999999999999999
ds4c2sc8	['i_index']	0.9999999999999999
ds4c2sc8	['McClain_Rao']	0.9999999999999999
ds4c2sc8	['IIndex']	0.9999999999999999
ds4c2sc8	['Dunns_index']	0.9999999999999999
ds4c2sc8	['Scott_Symons']	0.9999999999999999
ds4c2sc8	['SDBW']	0.9999999999999999
ds4c2sc8	['s_dbw']	0.9999999999999999
ds4c2sc8	['Davies_Bouldin']	0.9999999999999999
ds4c2sc8	['PBM_index']	0.9999999999999999
ds4c2sc8	['Ratkowsky_Lance']	0.9999999999999999
ds4c2sc8	['Ray_Turi']	0.9999999999999999
ds2c2sc13	['Banfeld_Raferty']	0.9999999999999999
ds2c2sc13	['modified_hubert_t']	-0.5151515151515151
ds2c2sc13	['i_index']	0.9999999999999999
ds2c2sc13	['McClain_Rao']	0.9999999999999999
ds2c2sc13	['IIndex']	-0.5151515151515151
ds2c2sc13	['Dunns_index']	-0.5151515151515151
ds2c2sc13	['Scott_Symons']	-0.5151515151515151
ds2c2sc13	['SDBW']	-0.5151515151515151
ds2c2sc13	['s_dbw']	0.9999999999999999
ds2c2sc13	['Davies_Bouldin']	0.9999999999999999
ds2c2sc13	['PBM_index']	0.9999999999999999
ds2c2sc13	['Ratkowsky_Lance']	0.9999999999999999
ds2c2sc13	['Ray_Turi']	0.9999999999999999
sizes2	['Banfeld_Raferty']	-0.21052631578947367
sizes2	['modified_hubert_t']	-0.006015037593984962
sizes2	['i_index']	-0.2721804511278195
sizes2	['McClain_Rao']	-0.17142857142857143
sizes2	['IIndex']	-0.006015037593984962
sizes2	['Dunns_index']	-0.22857142857142856
sizes2	['Scott_Symons']	-0.13082706766917293
sizes2	['SDBW']	-0.006015037593984962
sizes2	['s_dbw']	0.08270676691729321
sizes2	['Davies_Bouldin']	-0.20902255639097742
sizes2	['PBM_index']	0.04661654135338346
sizes2	['Ratkowsky_Lance']	-0.1413533834586466
sizes2	['Ray_Turi']	0.07368421052631578
sizes5	['Banfeld_Raferty']	0.05263157894736842
sizes5	['modified_hubert_t']	0.41052631578947363
sizes5	['i_index']	0.6360902255639098
sizes5	['McClain_Rao']	-0.3969924812030075
sizes5	['IIndex']	0.41052631578947363
sizes5	['Dunns_index']	0.49323308270676686
sizes5	['Scott_Symons']	-0.5624060150375939
sizes5	['SDBW']	0.41052631578947363
sizes5	['s_dbw']	0.5112781954887218
sizes5	['Davies_Bouldin']	0.5353383458646617
sizes5	['PBM_index']	0.7518796992481201
sizes5	['Ratkowsky_Lance']	0.09323308270676692
sizes5	['Ray_Turi']	0.6360902255639098
compound	['Banfeld_Raferty']	1.0
compound	['modified_hubert_t']	1.0
compound	['i_index']	1.0
compound	['McClain_Rao']	1.0
compound	['IIndex']	1.0
compound	['Dunns_index']	1.0
compound	['Scott_Symons']	1.0
compound	['SDBW']	1.0
compound	['s_dbw']	1.0
compound	['Davies_Bouldin']	1.0
compound	['PBM_index']	1.0
compound	['Ratkowsky_Lance']	1.0
compound	['Ray_Turi']	1.0
disk-4500n	['Banfeld_Raferty']	0.4090225563909774
disk-4500n	['modified_hubert_t']	-0.20150375939849624
disk-4500n	['i_index']	-0.23759398496240602
disk-4500n	['McClain_Rao']	-0.33233082706766914
disk-4500n	['IIndex']	-0.20150375939849624
disk-4500n	['Dunns_index']	0.24060150375939846
disk-4500n	['Scott_Symons']	0.09924812030075188
disk-4500n	['SDBW']	-0.20150375939849624
disk-4500n	['s_dbw']	0.4360902255639097
disk-4500n	['Davies_Bouldin']	0.07518796992481201
disk-4500n	['PBM_index']	-0.02857142857142857
disk-4500n	['Ratkowsky_Lance']	0.1894736842105263
disk-4500n	['Ray_Turi']	-0.29774436090225564
impossible	['Banfeld_Raferty']	1.0
impossible	['modified_hubert_t']	1.0
impossible	['i_index']	0.863157894736842
impossible	['McClain_Rao']	0.863157894736842
impossible	['IIndex']	1.0
impossible	['Dunns_index']	0.863157894736842
impossible	['Scott_Symons']	0.863157894736842
impossible	['SDBW']	1.0
impossible	['s_dbw']	0.863157894736842
impossible	['Davies_Bouldin']	0.863157894736842
impossible	['PBM_index']	0.863157894736842
impossible	['Ratkowsky_Lance']	0.863157894736842
impossible	['Ray_Turi']	0.863157894736842
curves1	['Banfeld_Raferty']	0.9999999999999999
curves1	['modified_hubert_t']	0.9999999999999999
curves1	['i_index']	0.9999999999999999
curves1	['McClain_Rao']	0.9999999999999999
curves1	['IIndex']	0.9999999999999999
curves1	['Dunns_index']	0.9999999999999999
curves1	['Scott_Symons']	0.9999999999999999
curves1	['SDBW']	0.9999999999999999
curves1	['s_dbw']	0.9999999999999999
curves1	['Davies_Bouldin']	0.9999999999999999
curves1	['PBM_index']	0.9999999999999999
curves1	['Ratkowsky_Lance']	0.9999999999999999
curves1	['Ray_Turi']	0.9999999999999999
smile1	['Banfeld_Raferty']	0.21071428571428572
smile1	['modified_hubert_t']	-0.5
smile1	['i_index']	0.21071428571428572
smile1	['McClain_Rao']	-0.021428571428571425
smile1	['IIndex']	-0.5
smile1	['Dunns_index']	0.21071428571428572
smile1	['Scott_Symons']	1.0
smile1	['SDBW']	-0.5
smile1	['s_dbw']	0.35357142857142854
smile1	['Davies_Bouldin']	0.35357142857142854
smile1	['PBM_index']	0.35357142857142854
smile1	['Ratkowsky_Lance']	-0.125
smile1	['Ray_Turi']	0.21071428571428572
cure-t1-2000n-2D	['Banfeld_Raferty']	0.060150375939849614
cure-t1-2000n-2D	['modified_hubert_t']	0.4360902255639097
cure-t1-2000n-2D	['i_index']	0.4360902255639097
cure-t1-2000n-2D	['McClain_Rao']	-0.19548872180451127
cure-t1-2000n-2D	['IIndex']	0.4360902255639097
cure-t1-2000n-2D	['Dunns_index']	-0.06766917293233082
cure-t1-2000n-2D	['Scott_Symons']	0.4360902255639097
cure-t1-2000n-2D	['SDBW']	0.4360902255639097
cure-t1-2000n-2D	['s_dbw']	0.4360902255639097
cure-t1-2000n-2D	['Davies_Bouldin']	0.4360902255639097
cure-t1-2000n-2D	['PBM_index']	0.4360902255639097
cure-t1-2000n-2D	['Ratkowsky_Lance']	-0.19548872180451127
cure-t1-2000n-2D	['Ray_Turi']	0.4360902255639097
square1	['Banfeld_Raferty']	-0.30225563909774433
square1	['modified_hubert_t']	0.20751879699248119
square1	['i_index']	-0.3684210526315789
square1	['McClain_Rao']	-0.3157894736842105
square1	['IIndex']	0.20751879699248119
square1	['Dunns_index']	-0.05563909774436089
square1	['Scott_Symons']	-0.06466165413533834
square1	['SDBW']	0.20751879699248119
square1	['s_dbw']	-0.07518796992481201
square1	['Davies_Bouldin']	-0.30225563909774433
square1	['PBM_index']	0.14285714285714285
square1	['Ratkowsky_Lance']	0.03609022556390977
square1	['Ray_Turi']	-0.3157894736842105
cure-t2-4k	['Banfeld_Raferty']	0.06917293233082707
cure-t2-4k	['modified_hubert_t']	0.7684210526315788
cure-t2-4k	['i_index']	-0.46917293233082696
cure-t2-4k	['McClain_Rao']	0.7729323308270677
cure-t2-4k	['IIndex']	0.7684210526315788
cure-t2-4k	['Dunns_index']	-0.312781954887218
cure-t2-4k	['Scott_Symons']	-0.4030075187969925
cure-t2-4k	['SDBW']	0.7684210526315788
cure-t2-4k	['s_dbw']	-0.08421052631578946
cure-t2-4k	['Davies_Bouldin']	-0.18496240601503755
cure-t2-4k	['PBM_index']	-0.03909774436090225
cure-t2-4k	['Ratkowsky_Lance']	-0.08421052631578946
cure-t2-4k	['Ray_Turi']	-0.35037593984962395
sonar	['Banfeld_Raferty']	0.14586466165413534
sonar	['modified_hubert_t']	-0.7278195488721804
sonar	['i_index']	-0.13533834586466165
sonar	['McClain_Rao']	0.03308270676691729
sonar	['IIndex']	-0.7278195488721804
sonar	['Dunns_index']	-0.7563909774436091
sonar	['Scott_Symons']	0.4992481203007519
sonar	['SDBW']	-0.7278195488721804
sonar	['s_dbw']	-0.7278195488721804
sonar	['Davies_Bouldin']	-0.006015037593984962
sonar	['PBM_index']	0.06766917293233082
sonar	['Ratkowsky_Lance']	0.6812030075187969
sonar	['Ray_Turi']	-0.03458646616541353
ba0.0a	['Banfeld_Raferty']	-0.5151515151515151
ba0.0a	['modified_hubert_t']	-0.5151515151515151
ba0.0a	['i_index']	0.9999999999999999
ba0.0a	['McClain_Rao']	-0.5151515151515151
ba0.0a	['IIndex']	-0.5151515151515151
ba0.0a	['Dunns_index']	0.9999999999999999
ba0.0a	['Scott_Symons']	0.9999999999999999
ba0.0a	['SDBW']	-0.5151515151515151
ba0.0a	['s_dbw']	0.9999999999999999
ba0.0a	['Davies_Bouldin']	0.9999999999999999
ba0.0a	['PBM_index']	0.9999999999999999
ba0.0a	['Ratkowsky_Lance']	0.9999999999999999
ba0.0a	['Ray_Turi']	-0.5151515151515151
disk-4000n	['Banfeld_Raferty']	-0.08421052631578946
disk-4000n	['modified_hubert_t']	0.13684210526315788
disk-4000n	['i_index']	-0.013533834586466165
disk-4000n	['McClain_Rao']	0.004511278195488721
disk-4000n	['IIndex']	0.13684210526315788
disk-4000n	['Dunns_index']	-0.20300751879699244
disk-4000n	['Scott_Symons']	-0.42255639097744363
disk-4000n	['SDBW']	0.13684210526315788
disk-4000n	['s_dbw']	0.2120300751879699
disk-4000n	['Davies_Bouldin']	-0.03308270676691729
disk-4000n	['PBM_index']	-0.12481203007518797
disk-4000n	['Ratkowsky_Lance']	-0.09172932330827067
disk-4000n	['Ray_Turi']	-0.03909774436090225
fourty	['Banfeld_Raferty']	-0.4827067669172932
fourty	['modified_hubert_t']	0.8421052631578947
fourty	['i_index']	-0.6
fourty	['McClain_Rao']	-0.4827067669172932
fourty	['IIndex']	0.8421052631578947
fourty	['Dunns_index']	0.26315789473684204
fourty	['Scott_Symons']	-0.39999999999999997
fourty	['SDBW']	0.8421052631578947
fourty	['s_dbw']	-0.5368421052631579
fourty	['Davies_Bouldin']	-0.26165413533834586
fourty	['PBM_index']	0.7278195488721804
fourty	['Ratkowsky_Lance']	0.11428571428571428
fourty	['Ray_Turi']	-0.6
spiralsquare	['Banfeld_Raferty']	1.0
spiralsquare	['modified_hubert_t']	1.0
spiralsquare	['i_index']	1.0
spiralsquare	['McClain_Rao']	1.0
spiralsquare	['IIndex']	1.0
spiralsquare	['Dunns_index']	1.0
spiralsquare	['Scott_Symons']	1.0
spiralsquare	['SDBW']	1.0
spiralsquare	['s_dbw']	1.0
spiralsquare	['Davies_Bouldin']	1.0
spiralsquare	['PBM_index']	1.0
spiralsquare	['Ratkowsky_Lance']	1.0
spiralsquare	['Ray_Turi']	1.0
iris	['Banfeld_Raferty']	0.2781954887218045
iris	['modified_hubert_t']	1.0
iris	['i_index']	0.2781954887218045
iris	['McClain_Rao']	0.2781954887218045
iris	['IIndex']	1.0
iris	['Dunns_index']	0.2781954887218045
iris	['Scott_Symons']	0.2781954887218045
iris	['SDBW']	1.0
iris	['s_dbw']	0.2781954887218045
iris	['Davies_Bouldin']	0.2781954887218045
iris	['PBM_index']	0.2781954887218045
iris	['Ratkowsky_Lance']	0.4586466165413533
iris	['Ray_Turi']	0.2781954887218045
pmf	['Banfeld_Raferty']	0.29323308270676685
pmf	['modified_hubert_t']	0.593984962406015
pmf	['i_index']	1.0
pmf	['McClain_Rao']	1.0
pmf	['IIndex']	0.593984962406015
pmf	['Dunns_index']	1.0
pmf	['Scott_Symons']	1.0
pmf	['SDBW']	0.593984962406015
pmf	['s_dbw']	0.29323308270676685
pmf	['Davies_Bouldin']	1.0
pmf	['PBM_index']	1.0
pmf	['Ratkowsky_Lance']	1.0
pmf	['Ray_Turi']	1.0
shapes	['Banfeld_Raferty']	1.0
shapes	['modified_hubert_t']	1.0
shapes	['i_index']	1.0
shapes	['McClain_Rao']	1.0
shapes	['IIndex']	1.0
shapes	['Dunns_index']	1.0
shapes	['Scott_Symons']	1.0
shapes	['SDBW']	1.0
shapes	['s_dbw']	1.0
shapes	['Davies_Bouldin']	1.0
shapes	['PBM_index']	1.0
shapes	['Ratkowsky_Lance']	1.0
shapes	['Ray_Turi']	1.0
heart-statlog	['Banfeld_Raferty']	1.0
heart-statlog	['modified_hubert_t']	1.0
heart-statlog	['i_index']	1.0
heart-statlog	['McClain_Rao']	1.0
heart-statlog	['IIndex']	1.0
heart-statlog	['Dunns_index']	1.0
heart-statlog	['Scott_Symons']	1.0
heart-statlog	['SDBW']	1.0
heart-statlog	['s_dbw']	1.0
heart-statlog	['Davies_Bouldin']	1.0
heart-statlog	['PBM_index']	1.0
heart-statlog	['Ratkowsky_Lance']	1.0
heart-statlog	['Ray_Turi']	1.0
zelnik6	['Banfeld_Raferty']	-0.5151515151515151
zelnik6	['modified_hubert_t']	-0.5151515151515151
zelnik6	['i_index']	-0.5151515151515151
zelnik6	['McClain_Rao']	-0.5151515151515151
zelnik6	['IIndex']	-0.5151515151515151
zelnik6	['Dunns_index']	-0.5151515151515151
zelnik6	['Scott_Symons']	0.9999999999999999
zelnik6	['SDBW']	-0.5151515151515151
zelnik6	['s_dbw']	-0.5151515151515151
zelnik6	['Davies_Bouldin']	-0.5151515151515151
zelnik6	['PBM_index']	-0.5151515151515151
zelnik6	['Ratkowsky_Lance']	-0.5151515151515151
zelnik6	['Ray_Turi']	-0.5151515151515151
twenty	['Banfeld_Raferty']	0.6601503759398496
twenty	['modified_hubert_t']	0.7142857142857143
twenty	['i_index']	0.8781954887218045
twenty	['McClain_Rao']	0.2045112781954887
twenty	['IIndex']	0.7142857142857143
twenty	['Dunns_index']	-0.06165413533834586
twenty	['Scott_Symons']	1.0
twenty	['SDBW']	0.7142857142857143
twenty	['s_dbw']	0.9774436090225563
twenty	['Davies_Bouldin']	1.0
twenty	['PBM_index']	0.8781954887218045
twenty	['Ratkowsky_Lance']	-0.2150375939849624
twenty	['Ray_Turi']	1.0
ds850	['Banfeld_Raferty']	0.20902255639097742
ds850	['modified_hubert_t']	-0.4090225563909774
ds850	['i_index']	-0.306766917293233
ds850	['McClain_Rao']	0.21353383458646616
ds850	['IIndex']	-0.4090225563909774
ds850	['Dunns_index']	0.2045112781954887
ds850	['Scott_Symons']	-0.030075187969924807
ds850	['SDBW']	-0.4090225563909774
ds850	['s_dbw']	0.2857142857142857
ds850	['Davies_Bouldin']	-0.03609022556390977
ds850	['PBM_index']	0.33233082706766914
ds850	['Ratkowsky_Lance']	-0.10676691729323308
ds850	['Ray_Turi']	0.18045112781954886
square5	['Banfeld_Raferty']	0.012030075187969924
square5	['modified_hubert_t']	0.17744360902255638
square5	['i_index']	-0.08421052631578946
square5	['McClain_Rao']	0.13082706766917293
square5	['IIndex']	0.17744360902255638
square5	['Dunns_index']	0.010526315789473682
square5	['Scott_Symons']	-0.019548872180451125
square5	['SDBW']	0.17744360902255638
square5	['s_dbw']	-0.10977443609022557
square5	['Davies_Bouldin']	-0.2571428571428572
square5	['PBM_index']	-0.2902255639097744
square5	['Ratkowsky_Lance']	-0.05413533834586466
square5	['Ray_Turi']	0.20601503759398496
2d-4c	['Banfeld_Raferty']	1.0
2d-4c	['modified_hubert_t']	1.0
2d-4c	['i_index']	1.0
2d-4c	['McClain_Rao']	1.0
2d-4c	['IIndex']	1.0
2d-4c	['Dunns_index']	1.0
2d-4c	['Scott_Symons']	1.0
2d-4c	['SDBW']	1.0
2d-4c	['s_dbw']	1.0
2d-4c	['Davies_Bouldin']	1.0
2d-4c	['PBM_index']	1.0
2d-4c	['Ratkowsky_Lance']	1.0
2d-4c	['Ray_Turi']	1.0
wingnut	['Banfeld_Raferty']	-0.007518796992481202
wingnut	['modified_hubert_t']	0.5849624060150376
wingnut	['i_index']	0.35639097744360904
wingnut	['McClain_Rao']	-0.04060150375939849
wingnut	['IIndex']	0.5849624060150376
wingnut	['Dunns_index']	-0.10375939849624059
wingnut	['Scott_Symons']	-0.09323308270676692
wingnut	['SDBW']	0.5849624060150376
wingnut	['s_dbw']	0.8796992481203006
wingnut	['Davies_Bouldin']	0.35639097744360904
wingnut	['PBM_index']	0.7924812030075187
wingnut	['Ratkowsky_Lance']	-0.5052631578947367
wingnut	['Ray_Turi']	0.06466165413533834
iono	['Banfeld_Raferty']	-0.34736842105263155
iono	['modified_hubert_t']	-0.6240601503759398
iono	['i_index']	-0.3398496240601503
iono	['McClain_Rao']	0.819548872180451
iono	['IIndex']	-0.6240601503759398
iono	['Dunns_index']	-0.3383458646616541
iono	['Scott_Symons']	-0.6240601503759398
iono	['SDBW']	-0.6240601503759398
iono	['s_dbw']	-0.23157894736842105
iono	['Davies_Bouldin']	-0.34285714285714286
iono	['PBM_index']	0.819548872180451
iono	['Ratkowsky_Lance']	-0.631578947368421
iono	['Ray_Turi']	-0.3398496240601503
2dnormals	['Banfeld_Raferty']	0.38796992481203
2dnormals	['modified_hubert_t']	-0.20150375939849624
2dnormals	['i_index']	0.20751879699248119
2dnormals	['McClain_Rao']	0.13834586466165413
2dnormals	['IIndex']	-0.20150375939849624
2dnormals	['Dunns_index']	0.4451127819548871
2dnormals	['Scott_Symons']	0.31127819548872177
2dnormals	['SDBW']	-0.20150375939849624
2dnormals	['s_dbw']	-0.0706766917293233
2dnormals	['Davies_Bouldin']	0.004511278195488721
2dnormals	['PBM_index']	-0.11127819548872178
2dnormals	['Ratkowsky_Lance']	0.13533834586466165
2dnormals	['Ray_Turi']	-0.013533834586466165
blobs	['Banfeld_Raferty']	-0.17293233082706763
blobs	['modified_hubert_t']	-0.38345864661654133
blobs	['i_index']	0.5774436090225563
blobs	['McClain_Rao']	-0.06616541353383458
blobs	['IIndex']	-0.38345864661654133
blobs	['Dunns_index']	0.3954887218045112
blobs	['Scott_Symons']	0.14887218045112782
blobs	['SDBW']	-0.38345864661654133
blobs	['s_dbw']	0.3037593984962406
blobs	['Davies_Bouldin']	-0.23157894736842105
blobs	['PBM_index']	-0.2541353383458646
blobs	['Ratkowsky_Lance']	-0.43458646616541347
blobs	['Ray_Turi']	0.6045112781954887
2d-10c	['Banfeld_Raferty']	1.0
2d-10c	['modified_hubert_t']	1.0
2d-10c	['i_index']	1.0
2d-10c	['McClain_Rao']	1.0
2d-10c	['IIndex']	1.0
2d-10c	['Dunns_index']	1.0
2d-10c	['Scott_Symons']	1.0
2d-10c	['SDBW']	1.0
2d-10c	['s_dbw']	1.0
2d-10c	['Davies_Bouldin']	1.0
2d-10c	['PBM_index']	1.0
2d-10c	['Ratkowsky_Lance']	1.0
2d-10c	['Ray_Turi']	1.0
cuboids	['Banfeld_Raferty']	0.22556390977443608
cuboids	['modified_hubert_t']	0.4586466165413533
cuboids	['i_index']	0.4586466165413533
cuboids	['McClain_Rao']	0.4586466165413533
cuboids	['IIndex']	0.4586466165413533
cuboids	['Dunns_index']	0.44360902255639095
cuboids	['Scott_Symons']	0.4586466165413533
cuboids	['SDBW']	0.4586466165413533
cuboids	['s_dbw']	0.44360902255639095
cuboids	['Davies_Bouldin']	0.22556390977443608
cuboids	['PBM_index']	0.4586466165413533
cuboids	['Ratkowsky_Lance']	0.44360902255639095
cuboids	['Ray_Turi']	0.4586466165413533
dartboard2	['Banfeld_Raferty']	0.9999999999999999
dartboard2	['modified_hubert_t']	0.9999999999999999
dartboard2	['i_index']	0.9999999999999999
dartboard2	['McClain_Rao']	0.9999999999999999
dartboard2	['IIndex']	0.9999999999999999
dartboard2	['Dunns_index']	0.9999999999999999
dartboard2	['Scott_Symons']	0.9999999999999999
dartboard2	['SDBW']	0.9999999999999999
dartboard2	['s_dbw']	0.9999999999999999
dartboard2	['Davies_Bouldin']	0.9999999999999999
dartboard2	['PBM_index']	0.9999999999999999
dartboard2	['Ratkowsky_Lance']	0.9999999999999999
dartboard2	['Ray_Turi']	0.9999999999999999
simplex	['Banfeld_Raferty']	0.8120300751879698
simplex	['modified_hubert_t']	-0.3684210526315789
simplex	['i_index']	0.8120300751879698
simplex	['McClain_Rao']	-0.10526315789473684
simplex	['IIndex']	-0.3684210526315789
simplex	['Dunns_index']	1.0
simplex	['Scott_Symons']	-0.5187969924812029
simplex	['SDBW']	-0.3684210526315789
simplex	['s_dbw']	1.0
simplex	['Davies_Bouldin']	0.8120300751879698
simplex	['PBM_index']	0.8120300751879698
simplex	['Ratkowsky_Lance']	-0.17293233082706763
simplex	['Ray_Turi']	0.8120300751879698
disk-1000n	['Banfeld_Raferty']	0.31879699248120297
disk-1000n	['modified_hubert_t']	-0.45112781954887216
disk-1000n	['i_index']	0.17593984962406017
disk-1000n	['McClain_Rao']	-0.23458646616541348
disk-1000n	['IIndex']	-0.45112781954887216
disk-1000n	['Dunns_index']	0.18646616541353384
disk-1000n	['Scott_Symons']	0.009022556390977442
disk-1000n	['SDBW']	-0.45112781954887216
disk-1000n	['s_dbw']	0.060150375939849614
disk-1000n	['Davies_Bouldin']	-0.2556390977443609
disk-1000n	['PBM_index']	-0.006015037593984962
disk-1000n	['Ratkowsky_Lance']	0.02857142857142857
disk-1000n	['Ray_Turi']	0.2526315789473684
ecoli	['Banfeld_Raferty']	-0.7218045112781954
ecoli	['modified_hubert_t']	0.8045112781954886
ecoli	['i_index']	-0.4917293233082706
ecoli	['McClain_Rao']	-0.6150375939849623
ecoli	['IIndex']	0.8045112781954886
ecoli	['Dunns_index']	0.8345864661654135
ecoli	['Scott_Symons']	-0.048120300751879695
ecoli	['SDBW']	0.8045112781954886
ecoli	['s_dbw']	-0.5067669172932331
ecoli	['Davies_Bouldin']	-0.4917293233082706
ecoli	['PBM_index']	0.6210526315789473
ecoli	['Ratkowsky_Lance']	-0.7218045112781954
ecoli	['Ray_Turi']	-0.5774436090225563
flame	['Banfeld_Raferty']	-0.30977443609022554
flame	['modified_hubert_t']	-0.3037593984962406
flame	['i_index']	-0.007518796992481202
flame	['McClain_Rao']	-0.18496240601503755
flame	['IIndex']	-0.3037593984962406
flame	['Dunns_index']	-0.19849624060150375
flame	['Scott_Symons']	0.7774436090225564
flame	['SDBW']	-0.3037593984962406
flame	['s_dbw']	-0.09473684210526315
flame	['Davies_Bouldin']	0.12481203007518797
flame	['PBM_index']	0.724812030075188
flame	['Ratkowsky_Lance']	0.4631578947368421
flame	['Ray_Turi']	-0.08721804511278194
cure-t0-2000n-2D	['Banfeld_Raferty']	-0.544360902255639
cure-t0-2000n-2D	['modified_hubert_t']	-0.4526315789473684
cure-t0-2000n-2D	['i_index']	-0.3037593984962406
cure-t0-2000n-2D	['McClain_Rao']	-0.39097744360902253
cure-t0-2000n-2D	['IIndex']	-0.4526315789473684
cure-t0-2000n-2D	['Dunns_index']	-0.43909774436090226
cure-t0-2000n-2D	['Scott_Symons']	-0.39999999999999997
cure-t0-2000n-2D	['SDBW']	-0.4526315789473684
cure-t0-2000n-2D	['s_dbw']	-0.27368421052631575
cure-t0-2000n-2D	['Davies_Bouldin']	-0.25864661654135335
cure-t0-2000n-2D	['PBM_index']	-0.25864661654135335
cure-t0-2000n-2D	['Ratkowsky_Lance']	-0.12932330827067667
cure-t0-2000n-2D	['Ray_Turi']	-0.31879699248120297
2sp2glob	['Banfeld_Raferty']	0.18045112781954886
2sp2glob	['modified_hubert_t']	0.3684210526315789
2sp2glob	['i_index']	0.18045112781954886
2sp2glob	['McClain_Rao']	0.18045112781954886
2sp2glob	['IIndex']	0.3684210526315789
2sp2glob	['Dunns_index']	0.18045112781954886
2sp2glob	['Scott_Symons']	0.18045112781954886
2sp2glob	['SDBW']	0.3684210526315789
2sp2glob	['s_dbw']	0.18045112781954886
2sp2glob	['Davies_Bouldin']	1.0
2sp2glob	['PBM_index']	1.0
2sp2glob	['Ratkowsky_Lance']	0.18045112781954886
2sp2glob	['Ray_Turi']	0.18045112781954886
disk-5000n	['Banfeld_Raferty']	0.31729323308270674
disk-5000n	['modified_hubert_t']	-0.012030075187969924
disk-5000n	['i_index']	0.09022556390977443
disk-5000n	['McClain_Rao']	-0.019548872180451125
disk-5000n	['IIndex']	-0.012030075187969924
disk-5000n	['Dunns_index']	0.22857142857142856
disk-5000n	['Scott_Symons']	-0.23157894736842105
disk-5000n	['SDBW']	-0.012030075187969924
disk-5000n	['s_dbw']	-0.29473684210526313
disk-5000n	['Davies_Bouldin']	0.08120300751879699
disk-5000n	['PBM_index']	-0.2556390977443609
disk-5000n	['Ratkowsky_Lance']	0.18496240601503755
disk-5000n	['Ray_Turi']	0.2571428571428572
haberman	['Banfeld_Raferty']	0.13533834586466165
haberman	['modified_hubert_t']	0.021052631578947364
haberman	['i_index']	0.9834586466165413
haberman	['McClain_Rao']	0.613533834586466
haberman	['IIndex']	0.021052631578947364
haberman	['Dunns_index']	-0.06466165413533834
haberman	['Scott_Symons']	0.6721804511278194
haberman	['SDBW']	0.021052631578947364
haberman	['s_dbw']	0.9488721804511278
haberman	['Davies_Bouldin']	0.6285714285714286
haberman	['PBM_index']	0.09924812030075188
haberman	['Ratkowsky_Lance']	0.6045112781954887
haberman	['Ray_Turi']	0.9834586466165413
circle	['Banfeld_Raferty']	0.16240601503759397
circle	['modified_hubert_t']	-0.38345864661654133
circle	['i_index']	0.007518796992481202
circle	['McClain_Rao']	0.019548872180451125
circle	['IIndex']	-0.38345864661654133
circle	['Dunns_index']	0.07368421052631578
circle	['Scott_Symons']	-0.24060150375939846
circle	['SDBW']	-0.38345864661654133
circle	['s_dbw']	0.3669172932330827
circle	['Davies_Bouldin']	0.32631578947368417
circle	['PBM_index']	0.13533834586466165
circle	['Ratkowsky_Lance']	-0.003007518796992481
circle	['Ray_Turi']	0.16691729323308271
ds3c3sc6	['Banfeld_Raferty']	0.9999999999999999
ds3c3sc6	['modified_hubert_t']	0.9999999999999999
ds3c3sc6	['i_index']	0.9999999999999999
ds3c3sc6	['McClain_Rao']	0.9999999999999999
ds3c3sc6	['IIndex']	0.9999999999999999
ds3c3sc6	['Dunns_index']	0.9999999999999999
ds3c3sc6	['Scott_Symons']	0.9999999999999999
ds3c3sc6	['SDBW']	0.9999999999999999
ds3c3sc6	['s_dbw']	0.9999999999999999
ds3c3sc6	['Davies_Bouldin']	0.9999999999999999
ds3c3sc6	['PBM_index']	0.9999999999999999
ds3c3sc6	['Ratkowsky_Lance']	0.9999999999999999
ds3c3sc6	['Ray_Turi']	0.9999999999999999
2d-20c-no0	['Banfeld_Raferty']	-0.26766917293233083
2d-20c-no0	['modified_hubert_t']	0.7052631578947368
2d-20c-no0	['i_index']	-0.29323308270676685
2d-20c-no0	['McClain_Rao']	-0.0631578947368421
2d-20c-no0	['IIndex']	0.7052631578947368
2d-20c-no0	['Dunns_index']	-0.38646616541353385
2d-20c-no0	['Scott_Symons']	-0.28421052631578947
2d-20c-no0	['SDBW']	0.7052631578947368
2d-20c-no0	['s_dbw']	0.1819548872180451
2d-20c-no0	['Davies_Bouldin']	-0.14586466165413534
2d-20c-no0	['PBM_index']	0.5789473684210527
2d-20c-no0	['Ratkowsky_Lance']	-0.13684210526315788
2d-20c-no0	['Ray_Turi']	-0.29473684210526313
triangle1	['Banfeld_Raferty']	-0.07368421052631578
triangle1	['modified_hubert_t']	0.6706766917293233
triangle1	['i_index']	0.015037593984962403
triangle1	['McClain_Rao']	0.23609022556390977
triangle1	['IIndex']	0.6706766917293233
triangle1	['Dunns_index']	-0.13834586466165413
triangle1	['Scott_Symons']	-0.2270676691729323
triangle1	['SDBW']	0.6706766917293233
triangle1	['s_dbw']	0.2796992481203007
triangle1	['Davies_Bouldin']	0.015037593984962403
triangle1	['PBM_index']	0.015037593984962403
triangle1	['Ratkowsky_Lance']	0.4601503759398496
triangle1	['Ray_Turi']	0.26917293233082706
engytime	['Banfeld_Raferty']	0.07969924812030074
engytime	['modified_hubert_t']	0.051127819548872175
engytime	['i_index']	-0.45112781954887216
engytime	['McClain_Rao']	-0.20902255639097742
engytime	['IIndex']	0.051127819548872175
engytime	['Dunns_index']	0.3488721804511278
engytime	['Scott_Symons']	-0.004511278195488721
engytime	['SDBW']	0.051127819548872175
engytime	['s_dbw']	0.08270676691729321
engytime	['Davies_Bouldin']	-0.3037593984962406
engytime	['PBM_index']	-0.25864661654135335
engytime	['Ratkowsky_Lance']	0.10977443609022557
engytime	['Ray_Turi']	-0.20601503759398496
2d-4c-no4	['Banfeld_Raferty']	-0.18646616541353384
2d-4c-no4	['modified_hubert_t']	0.6120300751879698
2d-4c-no4	['i_index']	0.5804511278195488
2d-4c-no4	['McClain_Rao']	0.6706766917293233
2d-4c-no4	['IIndex']	0.6120300751879698
2d-4c-no4	['Dunns_index']	0.5699248120300752
2d-4c-no4	['Scott_Symons']	-0.21654135338345865
2d-4c-no4	['SDBW']	0.6120300751879698
2d-4c-no4	['s_dbw']	0.5804511278195488
2d-4c-no4	['Davies_Bouldin']	0.5804511278195488
2d-4c-no4	['PBM_index']	0.5804511278195488
2d-4c-no4	['Ratkowsky_Lance']	-0.21654135338345865
2d-4c-no4	['Ray_Turi']	0.6300751879699248
complex9	['Banfeld_Raferty']	1.0
complex9	['modified_hubert_t']	0.23308270676691725
complex9	['i_index']	1.0
complex9	['McClain_Rao']	1.0
complex9	['IIndex']	0.23308270676691725
complex9	['Dunns_index']	0.23308270676691725
complex9	['Scott_Symons']	0.23308270676691725
complex9	['SDBW']	0.23308270676691725
complex9	['s_dbw']	0.23308270676691725
complex9	['Davies_Bouldin']	1.0
complex9	['PBM_index']	0.23308270676691725
complex9	['Ratkowsky_Lance']	1.0
complex9	['Ray_Turi']	1.0
zoo	['Banfeld_Raferty']	-0.3684210526315789
zoo	['modified_hubert_t']	1.0
zoo	['i_index']	-0.3684210526315789
zoo	['McClain_Rao']	-0.3684210526315789
zoo	['IIndex']	1.0
zoo	['Dunns_index']	1.0
zoo	['Scott_Symons']	-0.3684210526315789
zoo	['SDBW']	1.0
zoo	['s_dbw']	-0.3684210526315789
zoo	['Davies_Bouldin']	1.0
zoo	['PBM_index']	1.0
zoo	['Ratkowsky_Lance']	-0.3684210526315789
zoo	['Ray_Turi']	-0.3684210526315789
dense-disk-3000	['Banfeld_Raferty']	0.019548872180451125
dense-disk-3000	['modified_hubert_t']	-0.007518796992481202
dense-disk-3000	['i_index']	-0.40451127819548865
dense-disk-3000	['McClain_Rao']	-0.16842105263157892
dense-disk-3000	['IIndex']	-0.007518796992481202
dense-disk-3000	['Dunns_index']	-0.02857142857142857
dense-disk-3000	['Scott_Symons']	0.18045112781954886
dense-disk-3000	['SDBW']	-0.007518796992481202
dense-disk-3000	['s_dbw']	-0.24812030075187969
dense-disk-3000	['Davies_Bouldin']	0.10075187969924812
dense-disk-3000	['PBM_index']	0.11278195488721804
dense-disk-3000	['Ratkowsky_Lance']	0.13082706766917293
dense-disk-3000	['Ray_Turi']	-0.437593984962406
target	['Banfeld_Raferty']	0.17293233082706763
target	['modified_hubert_t']	-0.30526315789473685
target	['i_index']	0.025563909774436087
target	['McClain_Rao']	-0.3954887218045112
target	['IIndex']	-0.30526315789473685
target	['Dunns_index']	0.018045112781954885
target	['Scott_Symons']	0.33233082706766914
target	['SDBW']	-0.30526315789473685
target	['s_dbw']	-0.1518796992481203
target	['Davies_Bouldin']	-0.018045112781954885
target	['PBM_index']	0.3669172932330827
target	['Ratkowsky_Lance']	0.03458646616541353
target	['Ray_Turi']	0.07969924812030074
zelnik2	['Banfeld_Raferty']	0.5178571428571428
zelnik2	['modified_hubert_t']	0.5535714285714285
zelnik2	['i_index']	-0.33928571428571425
zelnik2	['McClain_Rao']	-0.33928571428571425
zelnik2	['IIndex']	0.5535714285714285
zelnik2	['Dunns_index']	-0.33928571428571425
zelnik2	['Scott_Symons']	0.5535714285714285
zelnik2	['SDBW']	0.5535714285714285
zelnik2	['s_dbw']	0.5535714285714285
zelnik2	['Davies_Bouldin']	-0.33928571428571425
zelnik2	['PBM_index']	1.0
zelnik2	['Ratkowsky_Lance']	0.5535714285714285
zelnik2	['Ray_Turi']	-0.33928571428571425
disk-3000n	['Banfeld_Raferty']	-0.003007518796992481
disk-3000n	['modified_hubert_t']	-0.306766917293233
disk-3000n	['i_index']	0.16691729323308271
disk-3000n	['McClain_Rao']	-0.051127819548872175
disk-3000n	['IIndex']	-0.306766917293233
disk-3000n	['Dunns_index']	0.16240601503759397
disk-3000n	['Scott_Symons']	0.27518796992481204
disk-3000n	['SDBW']	-0.306766917293233
disk-3000n	['s_dbw']	0.021052631578947364
disk-3000n	['Davies_Bouldin']	0.24962406015037594
disk-3000n	['PBM_index']	-0.5699248120300752
disk-3000n	['Ratkowsky_Lance']	-0.0631578947368421
disk-3000n	['Ray_Turi']	0.34736842105263155
triangle2	['Banfeld_Raferty']	0.706766917293233
triangle2	['modified_hubert_t']	-0.23308270676691725
triangle2	['i_index']	0.5082706766917292
triangle2	['McClain_Rao']	-0.3082706766917293
triangle2	['IIndex']	-0.23308270676691725
triangle2	['Dunns_index']	0.793984962406015
triangle2	['Scott_Symons']	-0.10075187969924812
triangle2	['SDBW']	-0.23308270676691725
triangle2	['s_dbw']	0.5383458646616541
triangle2	['Davies_Bouldin']	0.706766917293233
triangle2	['PBM_index']	0.706766917293233
triangle2	['Ratkowsky_Lance']	0.3233082706766917
triangle2	['Ray_Turi']	0.13383458646616542
sizes4	['Banfeld_Raferty']	0.45563909774436084
sizes4	['modified_hubert_t']	0.7849624060150376
sizes4	['i_index']	0.24962406015037594
sizes4	['McClain_Rao']	0.38496240601503756
sizes4	['IIndex']	0.7849624060150376
sizes4	['Dunns_index']	-0.16691729323308271
sizes4	['Scott_Symons']	-0.05263157894736842
sizes4	['SDBW']	0.7849624060150376
sizes4	['s_dbw']	0.23458646616541348
sizes4	['Davies_Bouldin']	0.2721804511278195
sizes4	['PBM_index']	0.28421052631578947
sizes4	['Ratkowsky_Lance']	0.5218045112781955
sizes4	['Ray_Turi']	0.24962406015037594
R15	['Banfeld_Raferty']	0.6015037593984961
R15	['modified_hubert_t']	0.8120300751879698
R15	['i_index']	0.022556390977443608
R15	['McClain_Rao']	0.6015037593984961
R15	['IIndex']	0.8120300751879698
R15	['Dunns_index']	0.6390977443609022
R15	['Scott_Symons']	-0.2706766917293233
R15	['SDBW']	0.8120300751879698
R15	['s_dbw']	0.4270676691729323
R15	['Davies_Bouldin']	0.022556390977443608
R15	['PBM_index']	0.022556390977443608
R15	['Ratkowsky_Lance']	-0.5729323308270676
R15	['Ray_Turi']	0.022556390977443608
thy	['Banfeld_Raferty']	1.0
thy	['modified_hubert_t']	-0.44360902255639095
thy	['i_index']	-0.44360902255639095
thy	['McClain_Rao']	-0.44360902255639095
thy	['IIndex']	-0.44360902255639095
thy	['Dunns_index']	-0.44360902255639095
thy	['Scott_Symons']	-0.44360902255639095
thy	['SDBW']	-0.44360902255639095
thy	['s_dbw']	-0.44360902255639095
thy	['Davies_Bouldin']	-0.44360902255639095
thy	['PBM_index']	-0.44360902255639095
thy	['Ratkowsky_Lance']	-0.44360902255639095
thy	['Ray_Turi']	-0.44360902255639095
threenorm	['Banfeld_Raferty']	-0.5684210526315789
threenorm	['modified_hubert_t']	0.11428571428571428
threenorm	['i_index']	0.3954887218045112
threenorm	['McClain_Rao']	-0.013533834586466165
threenorm	['IIndex']	0.11428571428571428
threenorm	['Dunns_index']	-0.05714285714285714
threenorm	['Scott_Symons']	0.24360902255639094
threenorm	['SDBW']	0.11428571428571428
threenorm	['s_dbw']	0.08721804511278194
threenorm	['Davies_Bouldin']	0.19849624060150375
threenorm	['PBM_index']	0.08571428571428572
threenorm	['Ratkowsky_Lance']	0.4781954887218045
threenorm	['Ray_Turi']	0.05263157894736842
3-spiral	['Banfeld_Raferty']	-0.06766917293233082
3-spiral	['modified_hubert_t']	0.2270676691729323
3-spiral	['i_index']	-0.18345864661654135
3-spiral	['McClain_Rao']	-0.07969924812030074
3-spiral	['IIndex']	0.2270676691729323
3-spiral	['Dunns_index']	-0.21954887218045113
3-spiral	['Scott_Symons']	-0.3699248120300751
3-spiral	['SDBW']	0.2270676691729323
3-spiral	['s_dbw']	0.3082706766917293
3-spiral	['Davies_Bouldin']	0.03308270676691729
3-spiral	['PBM_index']	-0.34586466165413526
3-spiral	['Ratkowsky_Lance']	0.019548872180451125
3-spiral	['Ray_Turi']	-0.16992481203007515
gaussians1	['Banfeld_Raferty']	1.0
gaussians1	['modified_hubert_t']	1.0
gaussians1	['i_index']	1.0
gaussians1	['McClain_Rao']	1.0
gaussians1	['IIndex']	1.0
gaussians1	['Dunns_index']	1.0
gaussians1	['Scott_Symons']	1.0
gaussians1	['SDBW']	1.0
gaussians1	['s_dbw']	1.0
gaussians1	['Davies_Bouldin']	1.0
gaussians1	['PBM_index']	1.0
gaussians1	['Ratkowsky_Lance']	1.0
gaussians1	['Ray_Turi']	1.0
spherical_6_2	['Banfeld_Raferty']	0.4270676691729323
spherical_6_2	['modified_hubert_t']	1.0
spherical_6_2	['i_index']	0.6225563909774435
spherical_6_2	['McClain_Rao']	0.4270676691729323
spherical_6_2	['IIndex']	1.0
spherical_6_2	['Dunns_index']	-0.11428571428571428
spherical_6_2	['Scott_Symons']	-0.11428571428571428
spherical_6_2	['SDBW']	1.0
spherical_6_2	['s_dbw']	0.4270676691729323
spherical_6_2	['Davies_Bouldin']	0.4270676691729323
spherical_6_2	['PBM_index']	0.6225563909774435
spherical_6_2	['Ratkowsky_Lance']	0.4270676691729323
spherical_6_2	['Ray_Turi']	0.4270676691729323
atom	['Banfeld_Raferty']	1.0
atom	['modified_hubert_t']	1.0
atom	['i_index']	1.0
atom	['McClain_Rao']	1.0
atom	['IIndex']	1.0
atom	['Dunns_index']	1.0
atom	['Scott_Symons']	1.0
atom	['SDBW']	1.0
atom	['s_dbw']	1.0
atom	['Davies_Bouldin']	1.0
atom	['PBM_index']	1.0
atom	['Ratkowsky_Lance']	1.0
atom	['Ray_Turi']	1.0
sizes3	['Banfeld_Raferty']	-0.3984962406015037
sizes3	['modified_hubert_t']	0.030075187969924807
sizes3	['i_index']	-0.07518796992481201
sizes3	['McClain_Rao']	0.030075187969924807
sizes3	['IIndex']	0.030075187969924807
sizes3	['Dunns_index']	-0.2045112781954887
sizes3	['Scott_Symons']	-0.16992481203007515
sizes3	['SDBW']	0.030075187969924807
sizes3	['s_dbw']	-0.47518796992481205
sizes3	['Davies_Bouldin']	0.05263157894736842
sizes3	['PBM_index']	-0.26766917293233083
sizes3	['Ratkowsky_Lance']	-0.16691729323308271
sizes3	['Ray_Turi']	-0.07518796992481201
aggregation	['Banfeld_Raferty']	1.0
aggregation	['modified_hubert_t']	1.0
aggregation	['i_index']	1.0
aggregation	['McClain_Rao']	1.0
aggregation	['IIndex']	1.0
aggregation	['Dunns_index']	1.0
aggregation	['Scott_Symons']	1.0
aggregation	['SDBW']	1.0
aggregation	['s_dbw']	1.0
aggregation	['Davies_Bouldin']	1.0
aggregation	['PBM_index']	1.0
aggregation	['Ratkowsky_Lance']	1.0
aggregation	['Ray_Turi']	1.0
disk-4600n	['Banfeld_Raferty']	-0.47518796992481205
disk-4600n	['modified_hubert_t']	-0.07969924812030074
disk-4600n	['i_index']	-0.07518796992481201
disk-4600n	['McClain_Rao']	-0.23308270676691725
disk-4600n	['IIndex']	-0.07969924812030074
disk-4600n	['Dunns_index']	0.45563909774436084
disk-4600n	['Scott_Symons']	-0.19999999999999998
disk-4600n	['SDBW']	-0.07969924812030074
disk-4600n	['s_dbw']	-0.3804511278195489
disk-4600n	['Davies_Bouldin']	0.35488721804511275
disk-4600n	['PBM_index']	-0.3984962406015037
disk-4600n	['Ratkowsky_Lance']	0.22556390977443608
disk-4600n	['Ray_Turi']	-0.5172932330827067
zelnik4	['Banfeld_Raferty']	0.5535714285714285
zelnik4	['modified_hubert_t']	0.5535714285714285
zelnik4	['i_index']	1.0
zelnik4	['McClain_Rao']	-0.33928571428571425
zelnik4	['IIndex']	0.5535714285714285
zelnik4	['Dunns_index']	-0.33928571428571425
zelnik4	['Scott_Symons']	0.5535714285714285
zelnik4	['SDBW']	0.5535714285714285
zelnik4	['s_dbw']	1.0
zelnik4	['Davies_Bouldin']	1.0
zelnik4	['PBM_index']	1.0
zelnik4	['Ratkowsky_Lance']	-0.7857142857142856
zelnik4	['Ray_Turi']	-0.7857142857142856
3MC	['Banfeld_Raferty']	0.38345864661654133
3MC	['modified_hubert_t']	-0.22556390977443608
3MC	['i_index']	0.38345864661654133
3MC	['McClain_Rao']	0.724812030075188
3MC	['IIndex']	-0.22556390977443608
3MC	['Dunns_index']	0.33082706766917286
3MC	['Scott_Symons']	-0.2902255639097744
3MC	['SDBW']	-0.22556390977443608
3MC	['s_dbw']	-0.048120300751879695
3MC	['Davies_Bouldin']	0.05263157894736842
3MC	['PBM_index']	-0.10075187969924812
3MC	['Ratkowsky_Lance']	-0.15939849624060148
3MC	['Ray_Turi']	0.7263157894736841
dpb	['Banfeld_Raferty']	0.9999999999999999
dpb	['modified_hubert_t']	-0.5151515151515151
dpb	['i_index']	0.9999999999999999
dpb	['McClain_Rao']	-0.5151515151515151
dpb	['IIndex']	-0.5151515151515151
dpb	['Dunns_index']	-0.5151515151515151
dpb	['Scott_Symons']	-0.5151515151515151
dpb	['SDBW']	-0.5151515151515151
dpb	['s_dbw']	0.9999999999999999
dpb	['Davies_Bouldin']	0.9999999999999999
dpb	['PBM_index']	0.9999999999999999
dpb	['Ratkowsky_Lance']	-0.5151515151515151
dpb	['Ray_Turi']	0.9999999999999999
2d-3c-no123	['Banfeld_Raferty']	-0.015037593984962403
2d-3c-no123	['modified_hubert_t']	-0.5533834586466165
2d-3c-no123	['i_index']	-0.3969924812030075
2d-3c-no123	['McClain_Rao']	-0.3969924812030075
2d-3c-no123	['IIndex']	-0.5533834586466165
2d-3c-no123	['Dunns_index']	-0.28721804511278193
2d-3c-no123	['Scott_Symons']	-0.10075187969924812
2d-3c-no123	['SDBW']	-0.5533834586466165
2d-3c-no123	['s_dbw']	0.3804511278195489
2d-3c-no123	['Davies_Bouldin']	0.3804511278195489
2d-3c-no123	['PBM_index']	0.3804511278195489
2d-3c-no123	['Ratkowsky_Lance']	-0.015037593984962403
2d-3c-no123	['Ray_Turi']	-0.3969924812030075
cassini	['Banfeld_Raferty']	0.5067669172932331
cassini	['modified_hubert_t']	0.5984962406015037
cassini	['i_index']	0.5022556390977443
cassini	['McClain_Rao']	0.5067669172932331
cassini	['IIndex']	0.5984962406015037
cassini	['Dunns_index']	-0.3037593984962406
cassini	['Scott_Symons']	0.37293233082706767
cassini	['SDBW']	0.5984962406015037
cassini	['s_dbw']	0.30075187969924805
cassini	['Davies_Bouldin']	0.34736842105263155
cassini	['PBM_index']	0.4586466165413533
cassini	['Ratkowsky_Lance']	-0.06466165413533834
cassini	['Ray_Turi']	0.5067669172932331
dartboard1	['Banfeld_Raferty']	0.007518796992481202
dartboard1	['modified_hubert_t']	0.24060150375939846
dartboard1	['i_index']	0.24060150375939846
dartboard1	['McClain_Rao']	-0.2781954887218045
dartboard1	['IIndex']	0.24060150375939846
dartboard1	['Dunns_index']	-0.5413533834586466
dartboard1	['Scott_Symons']	-0.42105263157894735
dartboard1	['SDBW']	0.24060150375939846
dartboard1	['s_dbw']	-0.39999999999999997
dartboard1	['Davies_Bouldin']	0.5654135338345864
dartboard1	['PBM_index']	-0.39999999999999997
dartboard1	['Ratkowsky_Lance']	-0.2781954887218045
dartboard1	['Ray_Turi']	0.24060150375939846
glass	['Banfeld_Raferty']	-0.7233082706766917
glass	['modified_hubert_t']	0.7954887218045112
glass	['i_index']	0.556390977443609
glass	['McClain_Rao']	-0.03157894736842105
glass	['IIndex']	0.7954887218045112
glass	['Dunns_index']	0.7954887218045112
glass	['Scott_Symons']	-0.7233082706766917
glass	['SDBW']	0.7954887218045112
glass	['s_dbw']	0.9699248120300751
glass	['Davies_Bouldin']	0.556390977443609
glass	['PBM_index']	0.556390977443609
glass	['Ratkowsky_Lance']	-0.6045112781954887
glass	['Ray_Turi']	0.556390977443609
spiral	['Banfeld_Raferty']	-0.10676691729323308
spiral	['modified_hubert_t']	0.4526315789473684
spiral	['i_index']	-0.21353383458646616
spiral	['McClain_Rao']	0.14736842105263157
spiral	['IIndex']	0.4526315789473684
spiral	['Dunns_index']	0.40451127819548865
spiral	['Scott_Symons']	0.43458646616541347
spiral	['SDBW']	0.4526315789473684
spiral	['s_dbw']	-0.22556390977443608
spiral	['Davies_Bouldin']	-0.024060150375939848
spiral	['PBM_index']	-0.29624060150375936
spiral	['Ratkowsky_Lance']	0.1969924812030075
spiral	['Ray_Turi']	-0.4827067669172932
balance-scale	['Banfeld_Raferty']	-0.5684210526315789
balance-scale	['modified_hubert_t']	-0.4195488721804511
balance-scale	['i_index']	-0.5413533834586466
balance-scale	['McClain_Rao']	-0.4977443609022556
balance-scale	['IIndex']	-0.4195488721804511
balance-scale	['Dunns_index']	-0.4195488721804511
balance-scale	['Scott_Symons']	-0.43458646616541347
balance-scale	['SDBW']	-0.4195488721804511
balance-scale	['s_dbw']	0.26616541353383455
balance-scale	['Davies_Bouldin']	-0.5353383458646617
balance-scale	['PBM_index']	-0.13383458646616542
balance-scale	['Ratkowsky_Lance']	0.060150375939849614
balance-scale	['Ray_Turi']	-0.5413533834586466
pathbased	['Banfeld_Raferty']	0.20300751879699244
pathbased	['modified_hubert_t']	0.20300751879699244
pathbased	['i_index']	0.09022556390977443
pathbased	['McClain_Rao']	0.09022556390977443
pathbased	['IIndex']	0.20300751879699244
pathbased	['Dunns_index']	0.09022556390977443
pathbased	['Scott_Symons']	0.09022556390977443
pathbased	['SDBW']	0.20300751879699244
pathbased	['s_dbw']	0.09022556390977443
pathbased	['Davies_Bouldin']	0.09022556390977443
pathbased	['PBM_index']	0.20300751879699244
pathbased	['Ratkowsky_Lance']	0.20300751879699244
pathbased	['Ray_Turi']	0.09022556390977443
diamond9	['Banfeld_Raferty']	0.35488721804511275
diamond9	['modified_hubert_t']	-0.38195488721804516
diamond9	['i_index']	-0.23909774436090225
diamond9	['McClain_Rao']	-0.2150375939849624
diamond9	['IIndex']	-0.38195488721804516
diamond9	['Dunns_index']	-0.17293233082706763
diamond9	['Scott_Symons']	-0.16541353383458643
diamond9	['SDBW']	-0.38195488721804516
diamond9	['s_dbw']	-0.06616541353383458
diamond9	['Davies_Bouldin']	0.07518796992481201
diamond9	['PBM_index']	-0.1894736842105263
diamond9	['Ratkowsky_Lance']	0.02857142857142857
diamond9	['Ray_Turi']	0.20150375939849624
tae	['Banfeld_Raferty']	-0.12781954887218044
tae	['modified_hubert_t']	1.0
tae	['i_index']	-0.12781954887218044
tae	['McClain_Rao']	-0.12781954887218044
tae	['IIndex']	1.0
tae	['Dunns_index']	1.0
tae	['Scott_Symons']	1.0
tae	['SDBW']	1.0
tae	['s_dbw']	-0.12781954887218044
tae	['Davies_Bouldin']	-0.12781954887218044
tae	['PBM_index']	-0.12781954887218044
tae	['Ratkowsky_Lance']	-0.12781954887218044
tae	['Ray_Turi']	-0.12781954887218044
longsquare	['Banfeld_Raferty']	1.0
longsquare	['modified_hubert_t']	1.0
longsquare	['i_index']	1.0
longsquare	['McClain_Rao']	1.0
longsquare	['IIndex']	1.0
longsquare	['Dunns_index']	1.0
longsquare	['Scott_Symons']	1.0
longsquare	['SDBW']	1.0
longsquare	['s_dbw']	1.0
longsquare	['Davies_Bouldin']	1.0
longsquare	['PBM_index']	1.0
longsquare	['Ratkowsky_Lance']	1.0
longsquare	['Ray_Turi']	1.0
2d-4c-no9	['Banfeld_Raferty']	1.0
2d-4c-no9	['modified_hubert_t']	1.0
2d-4c-no9	['i_index']	1.0
2d-4c-no9	['McClain_Rao']	1.0
2d-4c-no9	['IIndex']	1.0
2d-4c-no9	['Dunns_index']	1.0
2d-4c-no9	['Scott_Symons']	1.0
2d-4c-no9	['SDBW']	1.0
2d-4c-no9	['s_dbw']	1.0
2d-4c-no9	['Davies_Bouldin']	1.0
2d-4c-no9	['PBM_index']	1.0
2d-4c-no9	['Ratkowsky_Lance']	1.0
2d-4c-no9	['Ray_Turi']	1.0
hepta	['Banfeld_Raferty']	0.09774436090225563
hepta	['modified_hubert_t']	0.23308270676691725
hepta	['i_index']	-0.4812030075187969
hepta	['McClain_Rao']	0.13533834586466165
hepta	['IIndex']	0.23308270676691725
hepta	['Dunns_index']	0.2706766917293233
hepta	['Scott_Symons']	0.7729323308270677
hepta	['SDBW']	0.23308270676691725
hepta	['s_dbw']	0.08571428571428572
hepta	['Davies_Bouldin']	0.4060150375939849
hepta	['PBM_index']	0.38195488721804516
hepta	['Ratkowsky_Lance']	0.4060150375939849
hepta	['Ray_Turi']	-0.4812030075187969
square4	['Banfeld_Raferty']	-0.1533834586466165
square4	['modified_hubert_t']	0.2300751879699248
square4	['i_index']	-0.12030075187969923
square4	['McClain_Rao']	-0.18345864661654135
square4	['IIndex']	0.2300751879699248
square4	['Dunns_index']	-0.21353383458646616
square4	['Scott_Symons']	0.013533834586466165
square4	['SDBW']	0.2300751879699248
square4	['s_dbw']	0.11428571428571428
square4	['Davies_Bouldin']	-0.24360902255639094
square4	['PBM_index']	0.010526315789473682
square4	['Ratkowsky_Lance']	0.4842105263157894
square4	['Ray_Turi']	-0.006015037593984962
lsun	['Banfeld_Raferty']	0.04661654135338346
lsun	['modified_hubert_t']	0.4812030075187969
lsun	['i_index']	0.5744360902255639
lsun	['McClain_Rao']	0.14736842105263157
lsun	['IIndex']	0.4812030075187969
lsun	['Dunns_index']	-0.156390977443609
lsun	['Scott_Symons']	-0.19849624060150375
lsun	['SDBW']	0.4812030075187969
lsun	['s_dbw']	-0.11278195488721804
lsun	['Davies_Bouldin']	0.724812030075188
lsun	['PBM_index']	0.7533834586466165
lsun	['Ratkowsky_Lance']	-0.12030075187969923
lsun	['Ray_Turi']	0.6195488721804511
xclara	['Banfeld_Raferty']	-0.13082706766917293
xclara	['modified_hubert_t']	-0.20150375939849624
xclara	['i_index']	0.030075187969924807
xclara	['McClain_Rao']	0.7428571428571428
xclara	['IIndex']	-0.20150375939849624
xclara	['Dunns_index']	-0.20150375939849624
xclara	['Scott_Symons']	-0.13082706766917293
xclara	['SDBW']	-0.20150375939849624
xclara	['s_dbw']	-0.28120300751879695
xclara	['Davies_Bouldin']	-0.28120300751879695
xclara	['PBM_index']	-0.28120300751879695
xclara	['Ratkowsky_Lance']	0.7428571428571428
xclara	['Ray_Turi']	0.030075187969924807
aml28	['Banfeld_Raferty']	1.0
aml28	['modified_hubert_t']	1.0
aml28	['i_index']	1.0
aml28	['McClain_Rao']	1.0
aml28	['IIndex']	1.0
aml28	['Dunns_index']	1.0
aml28	['Scott_Symons']	1.0
aml28	['SDBW']	1.0
aml28	['s_dbw']	1.0
aml28	['Davies_Bouldin']	1.0
aml28	['PBM_index']	1.0
aml28	['Ratkowsky_Lance']	1.0
aml28	['Ray_Turi']	1.0
smile2	['Banfeld_Raferty']	-0.37499999999999994
smile2	['modified_hubert_t']	-0.8214285714285712
smile2	['i_index']	-0.8214285714285712
smile2	['McClain_Rao']	-0.37499999999999994
smile2	['IIndex']	-0.8214285714285712
smile2	['Dunns_index']	0.0857142857142857
smile2	['Scott_Symons']	0.5535714285714285
smile2	['SDBW']	-0.8214285714285712
smile2	['s_dbw']	0.0857142857142857
smile2	['Davies_Bouldin']	0.0857142857142857
smile2	['PBM_index']	0.0857142857142857
smile2	['Ratkowsky_Lance']	-0.2678571428571428
smile2	['Ray_Turi']	-0.37499999999999994
dense-disk-5000	['Banfeld_Raferty']	0.38947368421052625
dense-disk-5000	['modified_hubert_t']	-0.3398496240601503
dense-disk-5000	['i_index']	-0.15488721804511277
dense-disk-5000	['McClain_Rao']	0.06466165413533834
dense-disk-5000	['IIndex']	-0.3398496240601503
dense-disk-5000	['Dunns_index']	-0.26917293233082706
dense-disk-5000	['Scott_Symons']	-0.08120300751879699
dense-disk-5000	['SDBW']	-0.3398496240601503
dense-disk-5000	['s_dbw']	-0.006015037593984962
dense-disk-5000	['Davies_Bouldin']	0.08721804511278194
dense-disk-5000	['PBM_index']	-0.04210526315789473
dense-disk-5000	['Ratkowsky_Lance']	0.16240601503759397
dense-disk-5000	['Ray_Turi']	0.3233082706766917
zelnik1	['Banfeld_Raferty']	0.9999999999999999
zelnik1	['modified_hubert_t']	-0.5151515151515151
zelnik1	['i_index']	-0.5151515151515151
zelnik1	['McClain_Rao']	-0.5151515151515151
zelnik1	['IIndex']	-0.5151515151515151
zelnik1	['Dunns_index']	-0.5151515151515151
zelnik1	['Scott_Symons']	0.9999999999999999
zelnik1	['SDBW']	-0.5151515151515151
zelnik1	['s_dbw']	-0.5151515151515151
zelnik1	['Davies_Bouldin']	-0.5151515151515151
zelnik1	['PBM_index']	-0.5151515151515151
zelnik1	['Ratkowsky_Lance']	0.9999999999999999
zelnik1	['Ray_Turi']	-0.5151515151515151
DS-850	['Banfeld_Raferty']	0.20902255639097742
DS-850	['modified_hubert_t']	-0.4090225563909774
DS-850	['i_index']	0.14887218045112782
DS-850	['McClain_Rao']	-0.26315789473684204
DS-850	['IIndex']	-0.4090225563909774
DS-850	['Dunns_index']	0.26616541353383455
DS-850	['Scott_Symons']	0.4481203007518797
DS-850	['SDBW']	-0.4090225563909774
DS-850	['s_dbw']	0.19548872180451127
DS-850	['Davies_Bouldin']	-0.27518796992481204
DS-850	['PBM_index']	-0.1744360902255639
DS-850	['Ratkowsky_Lance']	-0.33684210526315783
DS-850	['Ray_Turi']	0.18045112781954886
tetra	['Banfeld_Raferty']	-0.625563909774436
tetra	['modified_hubert_t']	0.837593984962406
tetra	['i_index']	-0.35037593984962395
tetra	['McClain_Rao']	-0.3293233082706767
tetra	['IIndex']	0.837593984962406
tetra	['Dunns_index']	-0.7293233082706766
tetra	['Scott_Symons']	0.08421052631578946
tetra	['SDBW']	0.837593984962406
tetra	['s_dbw']	-0.4646616541353384
tetra	['Davies_Bouldin']	-0.4195488721804511
tetra	['PBM_index']	-0.3924812030075188
tetra	['Ratkowsky_Lance']	-0.3233082706766917
tetra	['Ray_Turi']	-0.4195488721804511
hypercube	['Banfeld_Raferty']	0.7413533834586465
hypercube	['modified_hubert_t']	0.7699248120300751
hypercube	['i_index']	0.7413533834586465
hypercube	['McClain_Rao']	0.7413533834586465
hypercube	['IIndex']	0.7699248120300751
hypercube	['Dunns_index']	0.6872180451127818
hypercube	['Scott_Symons']	0.7413533834586465
hypercube	['SDBW']	0.7699248120300751
hypercube	['s_dbw']	0.6045112781954887
hypercube	['Davies_Bouldin']	0.7413533834586465
hypercube	['PBM_index']	1.0
hypercube	['Ratkowsky_Lance']	0.43458646616541347
hypercube	['Ray_Turi']	0.7413533834586465
xor	['Banfeld_Raferty']	-0.15488721804511277
xor	['modified_hubert_t']	0.03609022556390977
xor	['i_index']	-0.003007518796992481
xor	['McClain_Rao']	-0.33233082706766914
xor	['IIndex']	0.03609022556390977
xor	['Dunns_index']	-0.022556390977443608
xor	['Scott_Symons']	-0.38947368421052625
xor	['SDBW']	0.03609022556390977
xor	['s_dbw']	-0.38646616541353385
xor	['Davies_Bouldin']	0.16691729323308271
xor	['PBM_index']	-0.04210526315789473
xor	['Ratkowsky_Lance']	-0.08270676691729321
xor	['Ray_Turi']	0.0706766917293233
dpc	['Banfeld_Raferty']	-0.5151515151515151
dpc	['modified_hubert_t']	-0.5151515151515151
dpc	['i_index']	0.9999999999999999
dpc	['McClain_Rao']	-0.5151515151515151
dpc	['IIndex']	-0.5151515151515151
dpc	['Dunns_index']	-0.5151515151515151
dpc	['Scott_Symons']	0.9999999999999999
dpc	['SDBW']	-0.5151515151515151
dpc	['s_dbw']	0.9999999999999999
dpc	['Davies_Bouldin']	0.9999999999999999
dpc	['PBM_index']	0.9999999999999999
dpc	['Ratkowsky_Lance']	-0.5151515151515151
dpc	['Ray_Turi']	0.9999999999999999
donutcurves	['Banfeld_Raferty']	0.9999999999999999
donutcurves	['modified_hubert_t']	0.9999999999999999
donutcurves	['i_index']	0.9999999999999999
donutcurves	['McClain_Rao']	0.9999999999999999
donutcurves	['IIndex']	0.9999999999999999
donutcurves	['Dunns_index']	0.9999999999999999
donutcurves	['Scott_Symons']	0.9999999999999999
donutcurves	['SDBW']	0.9999999999999999
donutcurves	['s_dbw']	0.9999999999999999
donutcurves	['Davies_Bouldin']	0.9999999999999999
donutcurves	['PBM_index']	0.9999999999999999
donutcurves	['Ratkowsky_Lance']	0.9999999999999999
donutcurves	['Ray_Turi']	0.9999999999999999
long2	['Banfeld_Raferty']	-0.12781954887218044
long2	['modified_hubert_t']	0.47518796992481205
long2	['i_index']	0.3744360902255639
long2	['McClain_Rao']	-0.38195488721804516
long2	['IIndex']	0.47518796992481205
long2	['Dunns_index']	-0.3984962406015037
long2	['Scott_Symons']	-0.29473684210526313
long2	['SDBW']	0.47518796992481205
long2	['s_dbw']	0.4090225563909774
long2	['Davies_Bouldin']	0.47368421052631576
long2	['PBM_index']	0.48872180451127817
long2	['Ratkowsky_Lance']	-0.18796992481203004
long2	['Ray_Turi']	0.5473684210526315
chainlink	['Banfeld_Raferty']	-0.12180451127819547
chainlink	['modified_hubert_t']	0.23458646616541348
chainlink	['i_index']	0.11278195488721804
chainlink	['McClain_Rao']	0.24511278195488717
chainlink	['IIndex']	0.23458646616541348
chainlink	['Dunns_index']	0.04360902255639097
chainlink	['Scott_Symons']	-0.23609022556390977
chainlink	['SDBW']	0.23458646616541348
chainlink	['s_dbw']	0.2300751879699248
chainlink	['Davies_Bouldin']	-0.010526315789473682
chainlink	['PBM_index']	0.02857142857142857
chainlink	['Ratkowsky_Lance']	-0.24511278195488717
chainlink	['Ray_Turi']	0.2541353383458646
