balance-scale	['Banfeld_Raferty']	-0.2333333333333333
balance-scale	['modified_hubert_t']	0.25
balance-scale	['i_index']	0.0
balance-scale	['McClain_Rao']	-0.2333333333333333
balance-scale	['IIndex']	0.0
balance-scale	['Dunns_index']	-0.35
balance-scale	['Scott_Symons']	-0.35
balance-scale	['SDBW']	0.09999999999999999
balance-scale	['s_dbw']	0.25
balance-scale	['Davies_Bouldin']	-0.39999999999999997
balance-scale	['PBM_index']	0.5
balance-scale	['Ratkowsky_Lance']	0.0
balance-scale	['Ray_Turi']	0.3666666666666667
twodiamonds	['Banfeld_Raferty']	0.4545454545454545
twodiamonds	['modified_hubert_t']	-0.5636363636363636
twodiamonds	['i_index']	-0.0303030303030303
twodiamonds	['McClain_Rao']	0.9636363636363635
twodiamonds	['IIndex']	-0.0303030303030303
twodiamonds	['Dunns_index']	-0.06666666666666665
twodiamonds	['Scott_Symons']	0.6969696969696969
twodiamonds	['SDBW']	-0.4424242424242424
twodiamonds	['s_dbw']	-0.5636363636363636
twodiamonds	['Davies_Bouldin']	-0.04242424242424241
twodiamonds	['PBM_index']	-0.0303030303030303
twodiamonds	['Ratkowsky_Lance']	-0.06666666666666665
twodiamonds	['Ray_Turi']	0.7454545454545454
smile2	['Banfeld_Raferty']	-0.3714285714285715
smile2	['modified_hubert_t']	1.0
smile2	['i_index']	1.0
smile2	['McClain_Rao']	-0.3714285714285715
smile2	['IIndex']	1.0
smile2	['Dunns_index']	1.0
smile2	['Scott_Symons']	0.4285714285714286
smile2	['SDBW']	1.0
smile2	['s_dbw']	1.0
smile2	['Davies_Bouldin']	-0.4285714285714286
smile2	['PBM_index']	1.0
smile2	['Ratkowsky_Lance']	0.942857142857143
smile2	['Ray_Turi']	1.0
2d-4c	['Banfeld_Raferty']	1.0
2d-4c	['modified_hubert_t']	-0.6000000000000001
2d-4c	['i_index']	-0.6000000000000001
2d-4c	['McClain_Rao']	1.0
2d-4c	['IIndex']	-0.6000000000000001
2d-4c	['Dunns_index']	-0.6000000000000001
2d-4c	['Scott_Symons']	1.0
2d-4c	['SDBW']	-0.6000000000000001
2d-4c	['s_dbw']	-0.6000000000000001
2d-4c	['Davies_Bouldin']	-0.6000000000000001
2d-4c	['PBM_index']	-0.6000000000000001
2d-4c	['Ratkowsky_Lance']	-0.6000000000000001
2d-4c	['Ray_Turi']	1.0
dpb	['Banfeld_Raferty']	0.9999999999999999
dpb	['modified_hubert_t']	-0.7999999999999999
dpb	['i_index']	-0.19999999999999998
dpb	['McClain_Rao']	0.9999999999999999
dpb	['IIndex']	-0.19999999999999998
dpb	['Dunns_index']	0.9999999999999999
dpb	['Scott_Symons']	0.9999999999999999
dpb	['SDBW']	0.19999999999999998
dpb	['s_dbw']	-0.7999999999999999
dpb	['Davies_Bouldin']	-0.3
dpb	['PBM_index']	-0.19999999999999998
dpb	['Ratkowsky_Lance']	-0.19999999999999998
dpb	['Ray_Turi']	0.9999999999999999
disk-4600n	['Banfeld_Raferty']	1.0
disk-4600n	['modified_hubert_t']	1.0
disk-4600n	['i_index']	-0.7999999999999999
disk-4600n	['McClain_Rao']	1.0
disk-4600n	['IIndex']	-0.7999999999999999
disk-4600n	['Dunns_index']	1.0
disk-4600n	['Scott_Symons']	1.0
disk-4600n	['SDBW']	0.39999999999999997
disk-4600n	['s_dbw']	1.0
disk-4600n	['Davies_Bouldin']	-0.7999999999999999
disk-4600n	['PBM_index']	-0.7999999999999999
disk-4600n	['Ratkowsky_Lance']	-0.7999999999999999
disk-4600n	['Ray_Turi']	-0.6000000000000001
simplex	['Banfeld_Raferty']	0.9
simplex	['modified_hubert_t']	-0.7999999999999999
simplex	['i_index']	-0.8499999999999999
simplex	['McClain_Rao']	1.0
simplex	['IIndex']	-0.8499999999999999
simplex	['Dunns_index']	-0.16666666666666669
simplex	['Scott_Symons']	0.43333333333333335
simplex	['SDBW']	0.41666666666666663
simplex	['s_dbw']	0.8499999999999999
simplex	['Davies_Bouldin']	0.9
simplex	['PBM_index']	-0.7
simplex	['Ratkowsky_Lance']	-0.6166666666666666
simplex	['Ray_Turi']	0.9
hypercube	['Banfeld_Raferty']	0.4545454545454545
hypercube	['modified_hubert_t']	0.9999999999999999
hypercube	['i_index']	0.4545454545454545
hypercube	['McClain_Rao']	0.4545454545454545
hypercube	['IIndex']	0.4545454545454545
hypercube	['Dunns_index']	0.4545454545454545
hypercube	['Scott_Symons']	0.4545454545454545
hypercube	['SDBW']	0.4545454545454545
hypercube	['s_dbw']	0.4545454545454545
hypercube	['Davies_Bouldin']	0.4545454545454545
hypercube	['PBM_index']	0.4545454545454545
hypercube	['Ratkowsky_Lance']	0.4545454545454545
hypercube	['Ray_Turi']	0.4545454545454545
lsun	['Banfeld_Raferty']	0.9636363636363635
lsun	['modified_hubert_t']	-0.49090909090909085
lsun	['i_index']	-0.09090909090909088
lsun	['McClain_Rao']	0.9636363636363635
lsun	['IIndex']	-0.09090909090909088
lsun	['Dunns_index']	0.9636363636363635
lsun	['Scott_Symons']	0.6363636363636362
lsun	['SDBW']	-0.09090909090909088
lsun	['s_dbw']	0.9636363636363635
lsun	['Davies_Bouldin']	-0.49090909090909085
lsun	['PBM_index']	-0.09090909090909088
lsun	['Ratkowsky_Lance']	-0.09090909090909088
lsun	['Ray_Turi']	-0.09090909090909088
atom	['Banfeld_Raferty']	0.9999999999999999
atom	['modified_hubert_t']	0.12727272727272726
atom	['i_index']	-0.309090909090909
atom	['McClain_Rao']	0.6727272727272726
atom	['IIndex']	-0.309090909090909
atom	['Dunns_index']	0.19999999999999998
atom	['Scott_Symons']	0.01818181818181818
atom	['SDBW']	0.23636363636363633
atom	['s_dbw']	0.12727272727272726
atom	['Davies_Bouldin']	0.05454545454545454
atom	['PBM_index']	-0.309090909090909
atom	['Ratkowsky_Lance']	-0.006060606060606061
atom	['Ray_Turi']	0.6727272727272726
smile3	['Banfeld_Raferty']	-0.6
smile3	['modified_hubert_t']	0.7
smile3	['i_index']	-0.39999999999999997
smile3	['McClain_Rao']	-0.6
smile3	['IIndex']	-0.39999999999999997
smile3	['Dunns_index']	-0.39999999999999997
smile3	['Scott_Symons']	-0.6
smile3	['SDBW']	0.7
smile3	['s_dbw']	-0.3
smile3	['Davies_Bouldin']	-0.8999999999999998
smile3	['PBM_index']	-0.39999999999999997
smile3	['Ratkowsky_Lance']	0.7
smile3	['Ray_Turi']	-0.39999999999999997
long1	['Banfeld_Raferty']	0.3571428571428572
long1	['modified_hubert_t']	-0.28571428571428575
long1	['i_index']	0.4642857142857144
long1	['McClain_Rao']	0.3571428571428572
long1	['IIndex']	-0.5
long1	['Dunns_index']	0.42857142857142866
long1	['Scott_Symons']	0.3571428571428572
long1	['SDBW']	-0.28571428571428575
long1	['s_dbw']	-0.28571428571428575
long1	['Davies_Bouldin']	1.0
long1	['PBM_index']	-0.5
long1	['Ratkowsky_Lance']	-0.28571428571428575
long1	['Ray_Turi']	0.4642857142857144
disk-5000n	['Banfeld_Raferty']	1.0
disk-5000n	['modified_hubert_t']	0.39999999999999997
disk-5000n	['i_index']	1.0
disk-5000n	['McClain_Rao']	1.0
disk-5000n	['IIndex']	0.0
disk-5000n	['Dunns_index']	0.39999999999999997
disk-5000n	['Scott_Symons']	1.0
disk-5000n	['SDBW']	0.0
disk-5000n	['s_dbw']	0.39999999999999997
disk-5000n	['Davies_Bouldin']	0.0
disk-5000n	['PBM_index']	0.0
disk-5000n	['Ratkowsky_Lance']	0.0
disk-5000n	['Ray_Turi']	-0.7999999999999999
dense-disk-5000	['Banfeld_Raferty']	1.0
dense-disk-5000	['modified_hubert_t']	1.0
dense-disk-5000	['i_index']	-0.5
dense-disk-5000	['McClain_Rao']	1.0
dense-disk-5000	['IIndex']	-0.5
dense-disk-5000	['Dunns_index']	1.0
dense-disk-5000	['Scott_Symons']	1.0
dense-disk-5000	['SDBW']	1.0
dense-disk-5000	['s_dbw']	1.0
dense-disk-5000	['Davies_Bouldin']	-0.5
dense-disk-5000	['PBM_index']	-0.5
dense-disk-5000	['Ratkowsky_Lance']	-0.5
dense-disk-5000	['Ray_Turi']	1.0
long3	['Banfeld_Raferty']	0.41818181818181815
long3	['modified_hubert_t']	-0.7818181818181817
long3	['i_index']	-0.7818181818181817
long3	['McClain_Rao']	0.41818181818181815
long3	['IIndex']	-0.7818181818181817
long3	['Dunns_index']	-0.6
long3	['Scott_Symons']	0.41818181818181815
long3	['SDBW']	-0.1515151515151515
long3	['s_dbw']	-0.7818181818181817
long3	['Davies_Bouldin']	-0.7818181818181817
long3	['PBM_index']	-0.7818181818181817
long3	['Ratkowsky_Lance']	-0.7818181818181817
long3	['Ray_Turi']	-0.7818181818181817
disk-4000n	['Banfeld_Raferty']	1.0
disk-4000n	['modified_hubert_t']	-0.5
disk-4000n	['i_index']	-0.28571428571428575
disk-4000n	['McClain_Rao']	1.0
disk-4000n	['IIndex']	-0.28571428571428575
disk-4000n	['Dunns_index']	-0.5
disk-4000n	['Scott_Symons']	1.0
disk-4000n	['SDBW']	1.0
disk-4000n	['s_dbw']	-0.5
disk-4000n	['Davies_Bouldin']	-0.28571428571428575
disk-4000n	['PBM_index']	-0.28571428571428575
disk-4000n	['Ratkowsky_Lance']	-0.28571428571428575
disk-4000n	['Ray_Turi']	-0.28571428571428575
haberman	['Banfeld_Raferty']	-0.5428571428571429
haberman	['modified_hubert_t']	-0.5428571428571429
haberman	['i_index']	1.0
haberman	['McClain_Rao']	-0.5428571428571429
haberman	['IIndex']	1.0
haberman	['Dunns_index']	-0.5428571428571429
haberman	['Scott_Symons']	1.0
haberman	['SDBW']	1.0
haberman	['s_dbw']	-0.5428571428571429
haberman	['Davies_Bouldin']	1.0
haberman	['PBM_index']	1.0
haberman	['Ratkowsky_Lance']	1.0
haberman	['Ray_Turi']	1.0
cure-t2-4k	['Banfeld_Raferty']	-0.5
cure-t2-4k	['modified_hubert_t']	0.5
cure-t2-4k	['i_index']	0.5
cure-t2-4k	['McClain_Rao']	-0.5
cure-t2-4k	['IIndex']	0.5
cure-t2-4k	['Dunns_index']	0.5
cure-t2-4k	['Scott_Symons']	-0.5
cure-t2-4k	['SDBW']	0.5
cure-t2-4k	['s_dbw']	0.5
cure-t2-4k	['Davies_Bouldin']	-0.5
cure-t2-4k	['PBM_index']	0.5
cure-t2-4k	['Ratkowsky_Lance']	0.5
cure-t2-4k	['Ray_Turi']	0.5
ecoli	['Banfeld_Raferty']	0.8571428571428572
ecoli	['modified_hubert_t']	-0.6666666666666669
ecoli	['i_index']	-0.6666666666666669
ecoli	['McClain_Rao']	-0.7380952380952381
ecoli	['IIndex']	-0.09523809523809526
ecoli	['Dunns_index']	-0.6666666666666669
ecoli	['Scott_Symons']	-0.6666666666666669
ecoli	['SDBW']	0.6904761904761906
ecoli	['s_dbw']	-0.6666666666666669
ecoli	['Davies_Bouldin']	0.6904761904761906
ecoli	['PBM_index']	-0.28571428571428575
ecoli	['Ratkowsky_Lance']	-0.09523809523809526
ecoli	['Ray_Turi']	-0.5952380952380953
rings	['Banfeld_Raferty']	0.9272727272727272
rings	['modified_hubert_t']	0.9272727272727272
rings	['i_index']	0.06666666666666665
rings	['McClain_Rao']	-0.28484848484848485
rings	['IIndex']	0.06666666666666665
rings	['Dunns_index']	0.06666666666666665
rings	['Scott_Symons']	0.1515151515151515
rings	['SDBW']	-0.6242424242424242
rings	['s_dbw']	0.9272727272727272
rings	['Davies_Bouldin']	0.33333333333333326
rings	['PBM_index']	0.33333333333333326
rings	['Ratkowsky_Lance']	-0.2606060606060606
rings	['Ray_Turi']	-0.6242424242424242
sonar	['Banfeld_Raferty']	-0.09090909090909088
sonar	['modified_hubert_t']	0.9636363636363635
sonar	['i_index']	0.12727272727272726
sonar	['McClain_Rao']	0.006060606060606061
sonar	['IIndex']	0.2727272727272727
sonar	['Dunns_index']	0.12727272727272726
sonar	['Scott_Symons']	0.9636363636363635
sonar	['SDBW']	-0.22424242424242422
sonar	['s_dbw']	0.9636363636363635
sonar	['Davies_Bouldin']	-0.2727272727272727
sonar	['PBM_index']	0.12727272727272726
sonar	['Ratkowsky_Lance']	0.12727272727272726
sonar	['Ray_Turi']	-0.23636363636363633
wingnut	['Banfeld_Raferty']	0.01818181818181818
wingnut	['modified_hubert_t']	-0.5272727272727272
wingnut	['i_index']	-0.5272727272727272
wingnut	['McClain_Rao']	0.6727272727272726
wingnut	['IIndex']	-0.5272727272727272
wingnut	['Dunns_index']	-0.309090909090909
wingnut	['Scott_Symons']	0.01818181818181818
wingnut	['SDBW']	-0.05454545454545454
wingnut	['s_dbw']	-0.5272727272727272
wingnut	['Davies_Bouldin']	0.01818181818181818
wingnut	['PBM_index']	-0.5272727272727272
wingnut	['Ratkowsky_Lance']	-0.5272727272727272
wingnut	['Ray_Turi']	-0.309090909090909
sizes5	['Banfeld_Raferty']	-0.32121212121212117
sizes5	['modified_hubert_t']	-0.13939393939393938
sizes5	['i_index']	0.01818181818181818
sizes5	['McClain_Rao']	-0.32121212121212117
sizes5	['IIndex']	0.01818181818181818
sizes5	['Dunns_index']	0.11515151515151514
sizes5	['Scott_Symons']	-0.4666666666666666
sizes5	['SDBW']	0.2606060606060606
sizes5	['s_dbw']	-0.13939393939393938
sizes5	['Davies_Bouldin']	-0.24848484848484845
sizes5	['PBM_index']	0.18787878787878787
sizes5	['Ratkowsky_Lance']	-0.13939393939393938
sizes5	['Ray_Turi']	-0.24848484848484845
square1	['Banfeld_Raferty']	0.6727272727272726
square1	['modified_hubert_t']	-0.8545454545454544
square1	['i_index']	-0.8424242424242423
square1	['McClain_Rao']	0.6727272727272726
square1	['IIndex']	-0.8424242424242423
square1	['Dunns_index']	-0.22424242424242422
square1	['Scott_Symons']	0.34545454545454546
square1	['SDBW']	-0.2606060606060606
square1	['s_dbw']	-0.309090909090909
square1	['Davies_Bouldin']	-0.6363636363636362
square1	['PBM_index']	-0.8424242424242423
square1	['Ratkowsky_Lance']	-0.8424242424242423
square1	['Ray_Turi']	-0.309090909090909
ds577	['Banfeld_Raferty']	0.49090909090909085
ds577	['modified_hubert_t']	-0.7818181818181817
ds577	['i_index']	-0.7818181818181817
ds577	['McClain_Rao']	0.49090909090909085
ds577	['IIndex']	-0.16363636363636364
ds577	['Dunns_index']	-0.7818181818181817
ds577	['Scott_Symons']	-0.6
ds577	['SDBW']	-0.7818181818181817
ds577	['s_dbw']	0.6727272727272726
ds577	['Davies_Bouldin']	-0.16363636363636364
ds577	['PBM_index']	-0.7818181818181817
ds577	['Ratkowsky_Lance']	-0.7818181818181817
ds577	['Ray_Turi']	0.6727272727272726
2d-4c-no4	['Banfeld_Raferty']	0.6363636363636362
2d-4c-no4	['modified_hubert_t']	-0.709090909090909
2d-4c-no4	['i_index']	-0.29696969696969694
2d-4c-no4	['McClain_Rao']	0.06666666666666665
2d-4c-no4	['IIndex']	-0.29696969696969694
2d-4c-no4	['Dunns_index']	0.5515151515151515
2d-4c-no4	['Scott_Symons']	0.4787878787878787
2d-4c-no4	['SDBW']	-0.6242424242424242
2d-4c-no4	['s_dbw']	-0.709090909090909
2d-4c-no4	['Davies_Bouldin']	0.41818181818181815
2d-4c-no4	['PBM_index']	0.2606060606060606
2d-4c-no4	['Ratkowsky_Lance']	-0.5757575757575757
2d-4c-no4	['Ray_Turi']	0.6242424242424242
engytime	['Banfeld_Raferty']	1.0
engytime	['modified_hubert_t']	0.7999999999999999
engytime	['i_index']	0.6000000000000001
engytime	['McClain_Rao']	0.19999999999999998
engytime	['IIndex']	0.0
engytime	['Dunns_index']	0.7999999999999999
engytime	['Scott_Symons']	0.19999999999999998
engytime	['SDBW']	0.19999999999999998
engytime	['s_dbw']	0.7999999999999999
engytime	['Davies_Bouldin']	-0.39999999999999997
engytime	['PBM_index']	0.6000000000000001
engytime	['Ratkowsky_Lance']	-1.0
engytime	['Ray_Turi']	-0.39999999999999997
spherical_4_3	['Banfeld_Raferty']	0.41818181818181815
spherical_4_3	['modified_hubert_t']	0.01818181818181818
spherical_4_3	['i_index']	0.5272727272727272
spherical_4_3	['McClain_Rao']	0.41818181818181815
spherical_4_3	['IIndex']	0.5272727272727272
spherical_4_3	['Dunns_index']	0.19999999999999998
spherical_4_3	['Scott_Symons']	0.41818181818181815
spherical_4_3	['SDBW']	-0.6
spherical_4_3	['s_dbw']	0.19999999999999998
spherical_4_3	['Davies_Bouldin']	0.9999999999999999
spherical_4_3	['PBM_index']	0.5636363636363636
spherical_4_3	['Ratkowsky_Lance']	0.6727272727272726
spherical_4_3	['Ray_Turi']	0.9999999999999999
disk-3000n	['Banfeld_Raferty']	-0.5
disk-3000n	['modified_hubert_t']	0.03571428571428572
disk-3000n	['i_index']	0.03571428571428572
disk-3000n	['McClain_Rao']	-0.5
disk-3000n	['IIndex']	0.03571428571428572
disk-3000n	['Dunns_index']	0.03571428571428572
disk-3000n	['Scott_Symons']	-0.5
disk-3000n	['SDBW']	0.03571428571428572
disk-3000n	['s_dbw']	0.03571428571428572
disk-3000n	['Davies_Bouldin']	-0.5
disk-3000n	['PBM_index']	0.03571428571428572
disk-3000n	['Ratkowsky_Lance']	0.3571428571428572
disk-3000n	['Ray_Turi']	0.3571428571428572
3MC	['Banfeld_Raferty']	0.03571428571428572
3MC	['modified_hubert_t']	0.03571428571428572
3MC	['i_index']	1.0
3MC	['McClain_Rao']	0.03571428571428572
3MC	['IIndex']	0.03571428571428572
3MC	['Dunns_index']	0.03571428571428572
3MC	['Scott_Symons']	-0.28571428571428575
3MC	['SDBW']	0.03571428571428572
3MC	['s_dbw']	0.03571428571428572
3MC	['Davies_Bouldin']	0.03571428571428572
3MC	['PBM_index']	1.0
3MC	['Ratkowsky_Lance']	0.03571428571428572
3MC	['Ray_Turi']	0.03571428571428572
tetra	['Banfeld_Raferty']	0.9999999999999999
tetra	['modified_hubert_t']	0.41818181818181815
tetra	['i_index']	0.6
tetra	['McClain_Rao']	0.9999999999999999
tetra	['IIndex']	0.6
tetra	['Dunns_index']	0.9272727272727272
tetra	['Scott_Symons']	0.9999999999999999
tetra	['SDBW']	0.9999999999999999
tetra	['s_dbw']	0.41818181818181815
tetra	['Davies_Bouldin']	0.19999999999999998
tetra	['PBM_index']	0.6
tetra	['Ratkowsky_Lance']	0.6
tetra	['Ray_Turi']	0.9999999999999999
triangle2	['Banfeld_Raferty']	1.0
triangle2	['modified_hubert_t']	-0.7142857142857144
triangle2	['i_index']	-0.07142857142857144
triangle2	['McClain_Rao']	1.0
triangle2	['IIndex']	-0.07142857142857144
triangle2	['Dunns_index']	-0.39285714285714296
triangle2	['Scott_Symons']	0.25
triangle2	['SDBW']	-0.07142857142857144
triangle2	['s_dbw']	0.6785714285714287
triangle2	['Davies_Bouldin']	-0.28571428571428575
triangle2	['PBM_index']	-0.1785714285714286
triangle2	['Ratkowsky_Lance']	-0.1785714285714286
triangle2	['Ray_Turi']	-0.9285714285714288
threenorm	['Banfeld_Raferty']	0.9999999999999999
threenorm	['modified_hubert_t']	0.9636363636363635
threenorm	['i_index']	0.8787878787878788
threenorm	['McClain_Rao']	0.9999999999999999
threenorm	['IIndex']	-0.8181818181818182
threenorm	['Dunns_index']	-0.8181818181818182
threenorm	['Scott_Symons']	0.9999999999999999
threenorm	['SDBW']	0.8787878787878788
threenorm	['s_dbw']	0.9636363636363635
threenorm	['Davies_Bouldin']	0.6363636363636362
threenorm	['PBM_index']	0.6363636363636362
threenorm	['Ratkowsky_Lance']	-0.309090909090909
threenorm	['Ray_Turi']	-0.8181818181818182
donut3	['Banfeld_Raferty']	-0.5
donut3	['modified_hubert_t']	0.6071428571428572
donut3	['i_index']	-0.39285714285714296
donut3	['McClain_Rao']	-0.5
donut3	['IIndex']	-0.39285714285714296
donut3	['Dunns_index']	-0.39285714285714296
donut3	['Scott_Symons']	-0.5
donut3	['SDBW']	0.7142857142857144
donut3	['s_dbw']	-0.39285714285714296
donut3	['Davies_Bouldin']	-0.21428571428571433
donut3	['PBM_index']	-0.39285714285714296
donut3	['Ratkowsky_Lance']	0.6071428571428572
donut3	['Ray_Turi']	-0.5
chainlink	['Banfeld_Raferty']	1.0
chainlink	['modified_hubert_t']	0.25
chainlink	['i_index']	1.0
chainlink	['McClain_Rao']	1.0
chainlink	['IIndex']	1.0
chainlink	['Dunns_index']	1.0
chainlink	['Scott_Symons']	0.03571428571428572
chainlink	['SDBW']	-0.5
chainlink	['s_dbw']	1.0
chainlink	['Davies_Bouldin']	0.25
chainlink	['PBM_index']	1.0
chainlink	['Ratkowsky_Lance']	0.25
chainlink	['Ray_Turi']	1.0
longsquare	['Banfeld_Raferty']	0.3571428571428572
longsquare	['modified_hubert_t']	-0.8571428571428572
longsquare	['i_index']	-0.7380952380952381
longsquare	['McClain_Rao']	0.4523809523809524
longsquare	['IIndex']	-0.8571428571428572
longsquare	['Dunns_index']	0.4047619047619048
longsquare	['Scott_Symons']	-0.14285714285714288
longsquare	['SDBW']	-0.8095238095238096
longsquare	['s_dbw']	-0.8571428571428572
longsquare	['Davies_Bouldin']	-0.5714285714285715
longsquare	['PBM_index']	-0.8571428571428572
longsquare	['Ratkowsky_Lance']	-0.9047619047619048
longsquare	['Ray_Turi']	0.09523809523809526
ds4c2sc8	['Banfeld_Raferty']	0.8787878787878788
ds4c2sc8	['modified_hubert_t']	-0.8545454545454544
ds4c2sc8	['i_index']	-0.8060606060606059
ds4c2sc8	['McClain_Rao']	0.8787878787878788
ds4c2sc8	['IIndex']	-0.8060606060606059
ds4c2sc8	['Dunns_index']	0.2727272727272727
ds4c2sc8	['Scott_Symons']	0.709090909090909
ds4c2sc8	['SDBW']	-0.43030303030303024
ds4c2sc8	['s_dbw']	-0.6727272727272726
ds4c2sc8	['Davies_Bouldin']	0.22424242424242422
ds4c2sc8	['PBM_index']	-0.8060606060606059
ds4c2sc8	['Ratkowsky_Lance']	-0.8060606060606059
ds4c2sc8	['Ray_Turi']	0.22424242424242422
jain	['Banfeld_Raferty']	0.32121212121212117
jain	['modified_hubert_t']	-0.2727272727272727
jain	['i_index']	-0.28484848484848485
jain	['McClain_Rao']	-0.10303030303030303
jain	['IIndex']	0.16363636363636364
jain	['Dunns_index']	-0.06666666666666665
jain	['Scott_Symons']	0.32121212121212117
jain	['SDBW']	-0.16363636363636364
jain	['s_dbw']	-0.2727272727272727
jain	['Davies_Bouldin']	-0.28484848484848485
jain	['PBM_index']	-0.2727272727272727
jain	['Ratkowsky_Lance']	-0.28484848484848485
jain	['Ray_Turi']	0.29696969696969694
spiral	['Banfeld_Raferty']	-0.10714285714285716
spiral	['modified_hubert_t']	0.4642857142857144
spiral	['i_index']	1.0
spiral	['McClain_Rao']	-0.10714285714285716
spiral	['IIndex']	1.0
spiral	['Dunns_index']	-0.10714285714285716
spiral	['Scott_Symons']	-0.10714285714285716
spiral	['SDBW']	-0.10714285714285716
spiral	['s_dbw']	-0.10714285714285716
spiral	['Davies_Bouldin']	-0.10714285714285716
spiral	['PBM_index']	1.0
spiral	['Ratkowsky_Lance']	0.4642857142857144
spiral	['Ray_Turi']	-0.10714285714285716
gaussians1	['Banfeld_Raferty']	0.9999999999999999
gaussians1	['modified_hubert_t']	-0.2727272727272727
gaussians1	['i_index']	-0.2727272727272727
gaussians1	['McClain_Rao']	0.9999999999999999
gaussians1	['IIndex']	-0.2727272727272727
gaussians1	['Dunns_index']	0.9999999999999999
gaussians1	['Scott_Symons']	0.9999999999999999
gaussians1	['SDBW']	-0.2727272727272727
gaussians1	['s_dbw']	0.9999999999999999
gaussians1	['Davies_Bouldin']	-0.2727272727272727
gaussians1	['PBM_index']	-0.2727272727272727
gaussians1	['Ratkowsky_Lance']	-0.2727272727272727
gaussians1	['Ray_Turi']	-0.2727272727272727
zoo	['Banfeld_Raferty']	-0.6166666666666666
zoo	['modified_hubert_t']	0.9500000000000001
zoo	['i_index']	-0.45
zoo	['McClain_Rao']	-0.6166666666666666
zoo	['IIndex']	0.5333333333333333
zoo	['Dunns_index']	0.9833333333333333
zoo	['Scott_Symons']	0.9500000000000001
zoo	['SDBW']	-0.5666666666666667
zoo	['s_dbw']	0.9500000000000001
zoo	['Davies_Bouldin']	-0.45
zoo	['PBM_index']	0.35
zoo	['Ratkowsky_Lance']	1.0
zoo	['Ray_Turi']	0.6
blobs	['Banfeld_Raferty']	1.0
blobs	['modified_hubert_t']	-0.8499999999999999
blobs	['i_index']	-0.7833333333333333
blobs	['McClain_Rao']	1.0
blobs	['IIndex']	-0.7833333333333333
blobs	['Dunns_index']	0.2333333333333333
blobs	['Scott_Symons']	1.0
blobs	['SDBW']	-0.6
blobs	['s_dbw']	0.25
blobs	['Davies_Bouldin']	0.7
blobs	['PBM_index']	0.11666666666666665
blobs	['Ratkowsky_Lance']	-0.8166666666666667
blobs	['Ray_Turi']	1.0
hepta	['Banfeld_Raferty']	-0.4047619047619048
hepta	['modified_hubert_t']	-0.6666666666666669
hepta	['i_index']	-0.4047619047619048
hepta	['McClain_Rao']	-0.4047619047619048
hepta	['IIndex']	-0.4047619047619048
hepta	['Dunns_index']	-0.6666666666666669
hepta	['Scott_Symons']	-0.4047619047619048
hepta	['SDBW']	-0.6666666666666669
hepta	['s_dbw']	-0.6666666666666669
hepta	['Davies_Bouldin']	0.7619047619047621
hepta	['PBM_index']	-0.4047619047619048
hepta	['Ratkowsky_Lance']	-0.6666666666666669
hepta	['Ray_Turi']	-0.4047619047619048
square5	['Banfeld_Raferty']	0.2606060606060606
square5	['modified_hubert_t']	-0.5515151515151515
square5	['i_index']	-0.4424242424242424
square5	['McClain_Rao']	0.2606060606060606
square5	['IIndex']	-0.5515151515151515
square5	['Dunns_index']	-0.4545454545454545
square5	['Scott_Symons']	0.8060606060606059
square5	['SDBW']	-0.6363636363636362
square5	['s_dbw']	-0.5515151515151515
square5	['Davies_Bouldin']	0.41818181818181815
square5	['PBM_index']	0.16363636363636364
square5	['Ratkowsky_Lance']	0.006060606060606061
square5	['Ray_Turi']	0.5636363636363636
iris	['Banfeld_Raferty']	0.709090909090909
iris	['modified_hubert_t']	-0.5515151515151515
iris	['i_index']	0.3696969696969697
iris	['McClain_Rao']	0.709090909090909
iris	['IIndex']	0.23636363636363633
iris	['Dunns_index']	-0.6121212121212121
iris	['Scott_Symons']	0.709090909090909
iris	['SDBW']	0.3696969696969697
iris	['s_dbw']	0.41818181818181815
iris	['Davies_Bouldin']	0.17575757575757575
iris	['PBM_index']	0.3696969696969697
iris	['Ratkowsky_Lance']	0.3696969696969697
iris	['Ray_Turi']	0.709090909090909
smile1	['Banfeld_Raferty']	-0.8857142857142858
smile1	['modified_hubert_t']	-0.8857142857142858
smile1	['i_index']	-0.8857142857142858
smile1	['McClain_Rao']	1.0
smile1	['IIndex']	-0.8857142857142858
smile1	['Dunns_index']	-0.8857142857142858
smile1	['Scott_Symons']	-0.8857142857142858
smile1	['SDBW']	-0.8857142857142858
smile1	['s_dbw']	0.8285714285714287
smile1	['Davies_Bouldin']	0.8285714285714287
smile1	['PBM_index']	-0.8857142857142858
smile1	['Ratkowsky_Lance']	-0.8857142857142858
smile1	['Ray_Turi']	-0.8857142857142858
diamond9	['Banfeld_Raferty']	1.0
diamond9	['modified_hubert_t']	-0.5
diamond9	['i_index']	-0.5
diamond9	['McClain_Rao']	1.0
diamond9	['IIndex']	-0.5
diamond9	['Dunns_index']	-0.5
diamond9	['Scott_Symons']	1.0
diamond9	['SDBW']	-0.5
diamond9	['s_dbw']	-0.5
diamond9	['Davies_Bouldin']	-0.5
diamond9	['PBM_index']	-0.5
diamond9	['Ratkowsky_Lance']	-0.5
diamond9	['Ray_Turi']	-0.5
square4	['Banfeld_Raferty']	-0.14285714285714288
square4	['modified_hubert_t']	-0.8214285714285715
square4	['i_index']	-0.7142857142857144
square4	['McClain_Rao']	-0.4642857142857144
square4	['IIndex']	-0.7142857142857144
square4	['Dunns_index']	0.8928571428571429
square4	['Scott_Symons']	0.03571428571428572
square4	['SDBW']	0.6785714285714287
square4	['s_dbw']	-0.8214285714285715
square4	['Davies_Bouldin']	0.3571428571428572
square4	['PBM_index']	-0.7142857142857144
square4	['Ratkowsky_Lance']	0.3214285714285715
square4	['Ray_Turi']	0.3571428571428572
heart-statlog	['Banfeld_Raferty']	0.6571428571428573
heart-statlog	['modified_hubert_t']	-0.7142857142857143
heart-statlog	['i_index']	0.7142857142857143
heart-statlog	['McClain_Rao']	0.8285714285714287
heart-statlog	['IIndex']	-0.3142857142857143
heart-statlog	['Dunns_index']	-0.7142857142857143
heart-statlog	['Scott_Symons']	-0.7142857142857143
heart-statlog	['SDBW']	-0.5428571428571429
heart-statlog	['s_dbw']	-0.7142857142857143
heart-statlog	['Davies_Bouldin']	0.5428571428571429
heart-statlog	['PBM_index']	0.3142857142857143
heart-statlog	['Ratkowsky_Lance']	-0.8857142857142858
heart-statlog	['Ray_Turi']	0.6571428571428573
compound	['Banfeld_Raferty']	0.12727272727272726
compound	['modified_hubert_t']	-0.05454545454545454
compound	['i_index']	0.28484848484848485
compound	['McClain_Rao']	0.12727272727272726
compound	['IIndex']	0.5272727272727272
compound	['Dunns_index']	0.5636363636363636
compound	['Scott_Symons']	0.5878787878787878
compound	['SDBW']	0.28484848484848485
compound	['s_dbw']	0.6727272727272726
compound	['Davies_Bouldin']	0.01818181818181818
compound	['PBM_index']	0.01818181818181818
compound	['Ratkowsky_Lance']	0.28484848484848485
compound	['Ray_Turi']	0.01818181818181818
2dnormals	['Banfeld_Raferty']	0.19999999999999998
2dnormals	['modified_hubert_t']	0.8787878787878788
2dnormals	['i_index']	0.6727272727272726
2dnormals	['McClain_Rao']	0.5151515151515151
2dnormals	['IIndex']	-0.5757575757575757
2dnormals	['Dunns_index']	0.8787878787878788
2dnormals	['Scott_Symons']	0.19999999999999998
2dnormals	['SDBW']	0.2727272727272727
2dnormals	['s_dbw']	0.8787878787878788
2dnormals	['Davies_Bouldin']	-0.006060606060606061
2dnormals	['PBM_index']	-0.10303030303030303
2dnormals	['Ratkowsky_Lance']	-0.5272727272727272
2dnormals	['Ray_Turi']	-0.06666666666666665
ba0.0a	['Banfeld_Raferty']	1.0
ba0.0a	['modified_hubert_t']	-0.5
ba0.0a	['i_index']	-0.5
ba0.0a	['McClain_Rao']	1.0
ba0.0a	['IIndex']	-0.5
ba0.0a	['Dunns_index']	1.0
ba0.0a	['Scott_Symons']	1.0
ba0.0a	['SDBW']	-0.5
ba0.0a	['s_dbw']	1.0
ba0.0a	['Davies_Bouldin']	-0.5
ba0.0a	['PBM_index']	-0.5
ba0.0a	['Ratkowsky_Lance']	-0.5
ba0.0a	['Ray_Turi']	-0.5
aggregation	['Banfeld_Raferty']	0.9999999999999999
aggregation	['modified_hubert_t']	-0.2727272727272727
aggregation	['i_index']	0.2727272727272727
aggregation	['McClain_Rao']	0.8787878787878788
aggregation	['IIndex']	0.6363636363636362
aggregation	['Dunns_index']	-0.2727272727272727
aggregation	['Scott_Symons']	0.9999999999999999
aggregation	['SDBW']	0.9636363636363635
aggregation	['s_dbw']	0.9999999999999999
aggregation	['Davies_Bouldin']	-0.309090909090909
aggregation	['PBM_index']	0.6363636363636362
aggregation	['Ratkowsky_Lance']	0.6363636363636362
aggregation	['Ray_Turi']	0.0303030303030303
curves1	['Banfeld_Raferty']	1.0
curves1	['modified_hubert_t']	-0.7999999999999999
curves1	['i_index']	1.0
curves1	['McClain_Rao']	1.0
curves1	['IIndex']	0.0
curves1	['Dunns_index']	1.0
curves1	['Scott_Symons']	1.0
curves1	['SDBW']	-0.7999999999999999
curves1	['s_dbw']	1.0
curves1	['Davies_Bouldin']	1.0
curves1	['PBM_index']	1.0
curves1	['Ratkowsky_Lance']	-0.7999999999999999
curves1	['Ray_Turi']	-1.0
2d-10c	['Banfeld_Raferty']	1.0
2d-10c	['modified_hubert_t']	1.0
2d-10c	['i_index']	1.0
2d-10c	['McClain_Rao']	1.0
2d-10c	['IIndex']	1.0
2d-10c	['Dunns_index']	1.0
2d-10c	['Scott_Symons']	1.0
2d-10c	['SDBW']	1.0
2d-10c	['s_dbw']	1.0
2d-10c	['Davies_Bouldin']	1.0
2d-10c	['PBM_index']	1.0
2d-10c	['Ratkowsky_Lance']	1.0
2d-10c	['Ray_Turi']	1.0
donut2	['Banfeld_Raferty']	-0.8214285714285715
donut2	['modified_hubert_t']	1.0
donut2	['i_index']	1.0
donut2	['McClain_Rao']	-0.8214285714285715
donut2	['IIndex']	-0.5
donut2	['Dunns_index']	-0.6071428571428572
donut2	['Scott_Symons']	-0.8214285714285715
donut2	['SDBW']	1.0
donut2	['s_dbw']	1.0
donut2	['Davies_Bouldin']	-0.5
donut2	['PBM_index']	1.0
donut2	['Ratkowsky_Lance']	1.0
donut2	['Ray_Turi']	-0.07142857142857144
complex8	['Banfeld_Raferty']	-0.10714285714285716
complex8	['modified_hubert_t']	0.4642857142857144
complex8	['i_index']	-0.14285714285714288
complex8	['McClain_Rao']	-0.10714285714285716
complex8	['IIndex']	-0.14285714285714288
complex8	['Dunns_index']	-0.10714285714285716
complex8	['Scott_Symons']	0.42857142857142866
complex8	['SDBW']	0.4642857142857144
complex8	['s_dbw']	0.4642857142857144
complex8	['Davies_Bouldin']	0.6785714285714287
complex8	['PBM_index']	-0.14285714285714288
complex8	['Ratkowsky_Lance']	0.10714285714285716
complex8	['Ray_Turi']	-0.10714285714285716
spherical_6_2	['Banfeld_Raferty']	-0.35
spherical_6_2	['modified_hubert_t']	1.0
spherical_6_2	['i_index']	-0.35
spherical_6_2	['McClain_Rao']	-0.35
spherical_6_2	['IIndex']	-0.35
spherical_6_2	['Dunns_index']	-0.35
spherical_6_2	['Scott_Symons']	-0.35
spherical_6_2	['SDBW']	-0.35
spherical_6_2	['s_dbw']	-0.35
spherical_6_2	['Davies_Bouldin']	-0.35
spherical_6_2	['PBM_index']	-0.35
spherical_6_2	['Ratkowsky_Lance']	1.0
spherical_6_2	['Ray_Turi']	-0.35
triangle1	['Banfeld_Raferty']	1.0
triangle1	['modified_hubert_t']	-0.5
triangle1	['i_index']	-0.5
triangle1	['McClain_Rao']	1.0
triangle1	['IIndex']	-0.5
triangle1	['Dunns_index']	-0.5
triangle1	['Scott_Symons']	1.0
triangle1	['SDBW']	-0.5
triangle1	['s_dbw']	-0.5
triangle1	['Davies_Bouldin']	-0.5
triangle1	['PBM_index']	-0.5
triangle1	['Ratkowsky_Lance']	-0.5
triangle1	['Ray_Turi']	-0.5
impossible	['Banfeld_Raferty']	1.0
impossible	['modified_hubert_t']	-0.19999999999999998
impossible	['i_index']	1.0
impossible	['McClain_Rao']	1.0
impossible	['IIndex']	1.0
impossible	['Dunns_index']	1.0
impossible	['Scott_Symons']	1.0
impossible	['SDBW']	-0.19999999999999998
impossible	['s_dbw']	-0.19999999999999998
impossible	['Davies_Bouldin']	1.0
impossible	['PBM_index']	1.0
impossible	['Ratkowsky_Lance']	-0.19999999999999998
impossible	['Ray_Turi']	1.0
glass	['Banfeld_Raferty']	-0.41818181818181815
glass	['modified_hubert_t']	0.9272727272727272
glass	['i_index']	0.5878787878787878
glass	['McClain_Rao']	-0.7333333333333332
glass	['IIndex']	0.5878787878787878
glass	['Dunns_index']	0.9272727272727272
glass	['Scott_Symons']	-0.23636363636363633
glass	['SDBW']	-0.4787878787878787
glass	['s_dbw']	0.9272727272727272
glass	['Davies_Bouldin']	-0.5515151515151515
glass	['PBM_index']	0.5878787878787878
glass	['Ratkowsky_Lance']	0.8303030303030302
glass	['Ray_Turi']	0.7818181818181817
shapes	['Banfeld_Raferty']	1.0
shapes	['modified_hubert_t']	-0.5428571428571429
shapes	['i_index']	-0.5428571428571429
shapes	['McClain_Rao']	1.0
shapes	['IIndex']	-0.5428571428571429
shapes	['Dunns_index']	-0.5428571428571429
shapes	['Scott_Symons']	1.0
shapes	['SDBW']	-0.5428571428571429
shapes	['s_dbw']	1.0
shapes	['Davies_Bouldin']	1.0
shapes	['PBM_index']	-0.5428571428571429
shapes	['Ratkowsky_Lance']	-0.5428571428571429
shapes	['Ray_Turi']	1.0
square2	['Banfeld_Raferty']	0.6727272727272726
square2	['modified_hubert_t']	-0.8545454545454544
square2	['i_index']	-0.6
square2	['McClain_Rao']	0.6727272727272726
square2	['IIndex']	-0.6
square2	['Dunns_index']	-0.709090909090909
square2	['Scott_Symons']	0.6727272727272726
square2	['SDBW']	-0.5272727272727272
square2	['s_dbw']	-0.8545454545454544
square2	['Davies_Bouldin']	0.01818181818181818
square2	['PBM_index']	-0.6
square2	['Ratkowsky_Lance']	-0.8545454545454544
square2	['Ray_Turi']	-0.4545454545454545
cassini	['Banfeld_Raferty']	0.9999999999999999
cassini	['modified_hubert_t']	-0.5636363636363636
cassini	['i_index']	-0.09090909090909088
cassini	['McClain_Rao']	0.9999999999999999
cassini	['IIndex']	-0.38181818181818183
cassini	['Dunns_index']	-0.32121212121212117
cassini	['Scott_Symons']	0.9999999999999999
cassini	['SDBW']	-0.0303030303030303
cassini	['s_dbw']	-0.5636363636363636
cassini	['Davies_Bouldin']	-0.12727272727272726
cassini	['PBM_index']	-0.09090909090909088
cassini	['Ratkowsky_Lance']	-0.09090909090909088
cassini	['Ray_Turi']	-0.16363636363636364
sizes2	['Banfeld_Raferty']	1.0
sizes2	['modified_hubert_t']	-0.07142857142857144
sizes2	['i_index']	-0.39285714285714296
sizes2	['McClain_Rao']	0.8928571428571429
sizes2	['IIndex']	0.39285714285714296
sizes2	['Dunns_index']	0.5714285714285715
sizes2	['Scott_Symons']	1.0
sizes2	['SDBW']	-0.25
sizes2	['s_dbw']	-0.07142857142857144
sizes2	['Davies_Bouldin']	0.03571428571428572
sizes2	['PBM_index']	-0.39285714285714296
sizes2	['Ratkowsky_Lance']	-0.28571428571428575
sizes2	['Ray_Turi']	0.07142857142857144
zelnik5	['Banfeld_Raferty']	0.28571428571428575
zelnik5	['modified_hubert_t']	-0.07142857142857144
zelnik5	['i_index']	0.28571428571428575
zelnik5	['McClain_Rao']	0.28571428571428575
zelnik5	['IIndex']	0.5
zelnik5	['Dunns_index']	0.28571428571428575
zelnik5	['Scott_Symons']	0.28571428571428575
zelnik5	['SDBW']	-0.1785714285714286
zelnik5	['s_dbw']	0.28571428571428575
zelnik5	['Davies_Bouldin']	0.42857142857142866
zelnik5	['PBM_index']	0.21428571428571433
zelnik5	['Ratkowsky_Lance']	-0.07142857142857144
zelnik5	['Ray_Turi']	0.28571428571428575
cuboids	['Banfeld_Raferty']	0.2727272727272727
cuboids	['modified_hubert_t']	0.4545454545454545
cuboids	['i_index']	-0.1515151515151515
cuboids	['McClain_Rao']	0.4545454545454545
cuboids	['IIndex']	0.0303030303030303
cuboids	['Dunns_index']	0.0303030303030303
cuboids	['Scott_Symons']	0.4545454545454545
cuboids	['SDBW']	0.8181818181818182
cuboids	['s_dbw']	0.4545454545454545
cuboids	['Davies_Bouldin']	-0.09090909090909088
cuboids	['PBM_index']	-0.1515151515151515
cuboids	['Ratkowsky_Lance']	0.0303030303030303
cuboids	['Ray_Turi']	0.43030303030303024
ds2c2sc13	['Banfeld_Raferty']	0.5499999999999999
ds2c2sc13	['modified_hubert_t']	0.5499999999999999
ds2c2sc13	['i_index']	0.5499999999999999
ds2c2sc13	['McClain_Rao']	0.5499999999999999
ds2c2sc13	['IIndex']	0.5499999999999999
ds2c2sc13	['Dunns_index']	-0.7999999999999999
ds2c2sc13	['Scott_Symons']	0.5499999999999999
ds2c2sc13	['SDBW']	0.5499999999999999
ds2c2sc13	['s_dbw']	0.5499999999999999
ds2c2sc13	['Davies_Bouldin']	0.5499999999999999
ds2c2sc13	['PBM_index']	0.5499999999999999
ds2c2sc13	['Ratkowsky_Lance']	1.0
ds2c2sc13	['Ray_Turi']	0.5499999999999999
DS-850	['Banfeld_Raferty']	0.49090909090909085
DS-850	['modified_hubert_t']	-0.7818181818181817
DS-850	['i_index']	-0.6
DS-850	['McClain_Rao']	0.49090909090909085
DS-850	['IIndex']	-0.6
DS-850	['Dunns_index']	0.49090909090909085
DS-850	['Scott_Symons']	0.49090909090909085
DS-850	['SDBW']	-0.7818181818181817
DS-850	['s_dbw']	-0.7818181818181817
DS-850	['Davies_Bouldin']	0.49090909090909085
DS-850	['PBM_index']	-0.6
DS-850	['Ratkowsky_Lance']	-0.16363636363636364
DS-850	['Ray_Turi']	0.6727272727272726
elliptical_10_2	['Banfeld_Raferty']	0.49090909090909085
elliptical_10_2	['modified_hubert_t']	0.6727272727272726
elliptical_10_2	['i_index']	0.49090909090909085
elliptical_10_2	['McClain_Rao']	0.49090909090909085
elliptical_10_2	['IIndex']	0.49090909090909085
elliptical_10_2	['Dunns_index']	-0.709090909090909
elliptical_10_2	['Scott_Symons']	0.49090909090909085
elliptical_10_2	['SDBW']	0.9272727272727272
elliptical_10_2	['s_dbw']	0.49090909090909085
elliptical_10_2	['Davies_Bouldin']	0.49090909090909085
elliptical_10_2	['PBM_index']	0.49090909090909085
elliptical_10_2	['Ratkowsky_Lance']	0.01818181818181818
elliptical_10_2	['Ray_Turi']	0.6727272727272726
d31	['Banfeld_Raferty']	-0.5
d31	['modified_hubert_t']	-0.5
d31	['i_index']	-0.5
d31	['McClain_Rao']	-0.5
d31	['IIndex']	-0.5
d31	['Dunns_index']	-0.5
d31	['Scott_Symons']	1.0
d31	['SDBW']	1.0
d31	['s_dbw']	1.0
d31	['Davies_Bouldin']	-0.5
d31	['PBM_index']	-0.5
d31	['Ratkowsky_Lance']	-0.5
d31	['Ray_Turi']	-0.5
3-spiral	['Banfeld_Raferty']	0.5333333333333333
3-spiral	['modified_hubert_t']	-0.3666666666666667
3-spiral	['i_index']	0.049999999999999996
3-spiral	['McClain_Rao']	-0.3666666666666667
3-spiral	['IIndex']	-0.8666666666666667
3-spiral	['Dunns_index']	-0.41666666666666663
3-spiral	['Scott_Symons']	-0.5166666666666667
3-spiral	['SDBW']	-0.43333333333333335
3-spiral	['s_dbw']	-0.3666666666666667
3-spiral	['Davies_Bouldin']	-0.8666666666666667
3-spiral	['PBM_index']	-0.25
3-spiral	['Ratkowsky_Lance']	-0.43333333333333335
3-spiral	['Ray_Turi']	-0.41666666666666663
dartboard1	['Banfeld_Raferty']	-0.7142857142857144
dartboard1	['modified_hubert_t']	1.0
dartboard1	['i_index']	0.7857142857142859
dartboard1	['McClain_Rao']	-0.7142857142857144
dartboard1	['IIndex']	0.7857142857142859
dartboard1	['Dunns_index']	-0.7142857142857144
dartboard1	['Scott_Symons']	-0.7142857142857144
dartboard1	['SDBW']	-0.5
dartboard1	['s_dbw']	-0.5
dartboard1	['Davies_Bouldin']	-0.7142857142857144
dartboard1	['PBM_index']	0.7857142857142859
dartboard1	['Ratkowsky_Lance']	1.0
dartboard1	['Ray_Turi']	-0.5
ds850	['Banfeld_Raferty']	0.49090909090909085
ds850	['modified_hubert_t']	-0.7818181818181817
ds850	['i_index']	-0.6
ds850	['McClain_Rao']	0.49090909090909085
ds850	['IIndex']	-0.6
ds850	['Dunns_index']	0.49090909090909085
ds850	['Scott_Symons']	0.49090909090909085
ds850	['SDBW']	-0.7818181818181817
ds850	['s_dbw']	-0.7818181818181817
ds850	['Davies_Bouldin']	0.49090909090909085
ds850	['PBM_index']	-0.6
ds850	['Ratkowsky_Lance']	-0.16363636363636364
ds850	['Ray_Turi']	0.6727272727272726
2d-3c-no123	['Banfeld_Raferty']	0.6727272727272726
2d-3c-no123	['modified_hubert_t']	-0.8787878787878788
2d-3c-no123	['i_index']	-0.5515151515151515
2d-3c-no123	['McClain_Rao']	0.6727272727272726
2d-3c-no123	['IIndex']	-0.5515151515151515
2d-3c-no123	['Dunns_index']	0.9030303030303028
2d-3c-no123	['Scott_Symons']	0.6727272727272726
2d-3c-no123	['SDBW']	-0.24848484848484845
2d-3c-no123	['s_dbw']	0.09090909090909088
2d-3c-no123	['Davies_Bouldin']	0.41818181818181815
2d-3c-no123	['PBM_index']	-0.5515151515151515
2d-3c-no123	['Ratkowsky_Lance']	-0.5515151515151515
2d-3c-no123	['Ray_Turi']	0.5757575757575757
long2	['Banfeld_Raferty']	-0.5030303030303029
long2	['modified_hubert_t']	-0.49090909090909085
long2	['i_index']	-0.5636363636363636
long2	['McClain_Rao']	-0.5030303030303029
long2	['IIndex']	-0.5636363636363636
long2	['Dunns_index']	0.18787878787878787
long2	['Scott_Symons']	-0.5030303030303029
long2	['SDBW']	-0.5272727272727272
long2	['s_dbw']	-0.49090909090909085
long2	['Davies_Bouldin']	-0.6
long2	['PBM_index']	-0.6
long2	['Ratkowsky_Lance']	0.23636363636363633
long2	['Ray_Turi']	-0.5878787878787878
circle	['Banfeld_Raferty']	0.6848484848484848
circle	['modified_hubert_t']	-0.5272727272727272
circle	['i_index']	-0.19999999999999998
circle	['McClain_Rao']	0.7818181818181817
circle	['IIndex']	-0.6
circle	['Dunns_index']	-0.5878787878787878
circle	['Scott_Symons']	-0.6606060606060605
circle	['SDBW']	-0.5878787878787878
circle	['s_dbw']	-0.5272727272727272
circle	['Davies_Bouldin']	-0.23636363636363633
circle	['PBM_index']	-0.19999999999999998
circle	['Ratkowsky_Lance']	-0.5272727272727272
circle	['Ray_Turi']	-0.38181818181818183
target	['Banfeld_Raferty']	0.09523809523809526
target	['modified_hubert_t']	0.3333333333333334
target	['i_index']	0.09523809523809526
target	['McClain_Rao']	0.09523809523809526
target	['IIndex']	0.09523809523809526
target	['Dunns_index']	0.09523809523809526
target	['Scott_Symons']	0.09523809523809526
target	['SDBW']	0.09523809523809526
target	['s_dbw']	0.3333333333333334
target	['Davies_Bouldin']	0.0
target	['PBM_index']	0.09523809523809526
target	['Ratkowsky_Lance']	0.261904761904762
target	['Ray_Turi']	0.09523809523809526
zelnik3	['Banfeld_Raferty']	0.4545454545454545
zelnik3	['modified_hubert_t']	0.9999999999999999
zelnik3	['i_index']	-0.309090909090909
zelnik3	['McClain_Rao']	0.4545454545454545
zelnik3	['IIndex']	-0.309090909090909
zelnik3	['Dunns_index']	-0.22424242424242422
zelnik3	['Scott_Symons']	-0.05454545454545454
zelnik3	['SDBW']	0.9636363636363635
zelnik3	['s_dbw']	-0.12727272727272726
zelnik3	['Davies_Bouldin']	-0.309090909090909
zelnik3	['PBM_index']	-0.5636363636363636
zelnik3	['Ratkowsky_Lance']	-0.09090909090909088
zelnik3	['Ray_Turi']	-0.22424242424242422
thy	['Banfeld_Raferty']	0.5151515151515151
thy	['modified_hubert_t']	0.11515151515151514
thy	['i_index']	0.4424242424242424
thy	['McClain_Rao']	0.5636363636363636
thy	['IIndex']	0.19999999999999998
thy	['Dunns_index']	0.11515151515151514
thy	['Scott_Symons']	0.11515151515151514
thy	['SDBW']	0.34545454545454546
thy	['s_dbw']	0.23636363636363633
thy	['Davies_Bouldin']	0.22424242424242422
thy	['PBM_index']	0.4424242424242424
thy	['Ratkowsky_Lance']	0.28484848484848485
thy	['Ray_Turi']	0.43030303030303024
zelnik6	['Banfeld_Raferty']	0.14285714285714288
zelnik6	['modified_hubert_t']	0.48571428571428577
zelnik6	['i_index']	1.0
zelnik6	['McClain_Rao']	-0.028571428571428574
zelnik6	['IIndex']	1.0
zelnik6	['Dunns_index']	-0.3714285714285715
zelnik6	['Scott_Symons']	0.14285714285714288
zelnik6	['SDBW']	-0.3714285714285715
zelnik6	['s_dbw']	-0.3714285714285715
zelnik6	['Davies_Bouldin']	0.14285714285714288
zelnik6	['PBM_index']	1.0
zelnik6	['Ratkowsky_Lance']	1.0
zelnik6	['Ray_Turi']	0.8285714285714287
pmf	['Banfeld_Raferty']	0.5000000000000001
pmf	['modified_hubert_t']	-0.4761904761904762
pmf	['i_index']	0.14285714285714288
pmf	['McClain_Rao']	0.3333333333333334
pmf	['IIndex']	0.14285714285714288
pmf	['Dunns_index']	0.38095238095238104
pmf	['Scott_Symons']	0.4523809523809524
pmf	['SDBW']	-0.07142857142857144
pmf	['s_dbw']	0.5476190476190477
pmf	['Davies_Bouldin']	-0.3333333333333334
pmf	['PBM_index']	0.14285714285714288
pmf	['Ratkowsky_Lance']	-0.1666666666666667
pmf	['Ray_Turi']	0.5952380952380953
flame	['Banfeld_Raferty']	0.9393939393939393
flame	['modified_hubert_t']	-0.49090909090909085
flame	['i_index']	-0.10303030303030303
flame	['McClain_Rao']	0.9393939393939393
flame	['IIndex']	0.6363636363636362
flame	['Dunns_index']	0.9878787878787878
flame	['Scott_Symons']	0.6121212121212121
flame	['SDBW']	0.5151515151515151
flame	['s_dbw']	-0.06666666666666665
flame	['Davies_Bouldin']	0.9878787878787878
flame	['PBM_index']	-0.09090909090909088
flame	['Ratkowsky_Lance']	-0.09090909090909088
flame	['Ray_Turi']	0.2727272727272727
xclara	['Banfeld_Raferty']	1.0
xclara	['modified_hubert_t']	0.7999999999999999
xclara	['i_index']	-0.7999999999999999
xclara	['McClain_Rao']	1.0
xclara	['IIndex']	-0.7999999999999999
xclara	['Dunns_index']	-0.39999999999999997
xclara	['Scott_Symons']	1.0
xclara	['SDBW']	0.0
xclara	['s_dbw']	0.7999999999999999
xclara	['Davies_Bouldin']	-0.39999999999999997
xclara	['PBM_index']	-0.7999999999999999
xclara	['Ratkowsky_Lance']	0.0
xclara	['Ray_Turi']	-0.7999999999999999
cure-t1-2000n-2D	['Banfeld_Raferty']	0.5428571428571429
cure-t1-2000n-2D	['modified_hubert_t']	0.5428571428571429
cure-t1-2000n-2D	['i_index']	-0.3714285714285715
cure-t1-2000n-2D	['McClain_Rao']	0.5428571428571429
cure-t1-2000n-2D	['IIndex']	-0.3714285714285715
cure-t1-2000n-2D	['Dunns_index']	-0.3714285714285715
cure-t1-2000n-2D	['Scott_Symons']	0.5428571428571429
cure-t1-2000n-2D	['SDBW']	0.5428571428571429
cure-t1-2000n-2D	['s_dbw']	0.5428571428571429
cure-t1-2000n-2D	['Davies_Bouldin']	-0.3714285714285715
cure-t1-2000n-2D	['PBM_index']	-0.3714285714285715
cure-t1-2000n-2D	['Ratkowsky_Lance']	0.5428571428571429
cure-t1-2000n-2D	['Ray_Turi']	-0.3714285714285715
aml28	['Banfeld_Raferty']	1.0
aml28	['modified_hubert_t']	-0.5000000000000001
aml28	['i_index']	0.09523809523809526
aml28	['McClain_Rao']	1.0
aml28	['IIndex']	0.09523809523809526
aml28	['Dunns_index']	0.11904761904761905
aml28	['Scott_Symons']	0.9047619047619048
aml28	['SDBW']	0.11904761904761905
aml28	['s_dbw']	-0.11904761904761905
aml28	['Davies_Bouldin']	-0.6904761904761906
aml28	['PBM_index']	-0.04761904761904763
aml28	['Ratkowsky_Lance']	-0.3333333333333334
aml28	['Ray_Turi']	0.2142857142857143
disk-1000n	['Banfeld_Raferty']	0.23636363636363633
disk-1000n	['modified_hubert_t']	-0.9272727272727272
disk-1000n	['i_index']	-0.43030303030303024
disk-1000n	['McClain_Rao']	-0.5393939393939393
disk-1000n	['IIndex']	-0.4424242424242424
disk-1000n	['Dunns_index']	-0.32121212121212117
disk-1000n	['Scott_Symons']	0.35757575757575755
disk-1000n	['SDBW']	0.8060606060606059
disk-1000n	['s_dbw']	-0.9272727272727272
disk-1000n	['Davies_Bouldin']	-0.2121212121212121
disk-1000n	['PBM_index']	-0.8060606060606059
disk-1000n	['Ratkowsky_Lance']	-0.43030303030303024
disk-1000n	['Ray_Turi']	0.05454545454545454
xor	['Banfeld_Raferty']	0.6363636363636362
xor	['modified_hubert_t']	0.5272727272727272
xor	['i_index']	0.006060606060606061
xor	['McClain_Rao']	-0.18787878787878787
xor	['IIndex']	-0.5515151515151515
xor	['Dunns_index']	0.10303030303030303
xor	['Scott_Symons']	0.6484848484848483
xor	['SDBW']	0.6363636363636362
xor	['s_dbw']	0.5272727272727272
xor	['Davies_Bouldin']	-0.5515151515151515
xor	['PBM_index']	-0.4545454545454545
xor	['Ratkowsky_Lance']	-0.41818181818181815
xor	['Ray_Turi']	-0.32121212121212117
2sp2glob	['Banfeld_Raferty']	1.0
2sp2glob	['modified_hubert_t']	-0.19999999999999998
2sp2glob	['i_index']	0.0
2sp2glob	['McClain_Rao']	1.0
2sp2glob	['IIndex']	0.0
2sp2glob	['Dunns_index']	-0.19999999999999998
2sp2glob	['Scott_Symons']	1.0
2sp2glob	['SDBW']	-0.19999999999999998
2sp2glob	['s_dbw']	1.0
2sp2glob	['Davies_Bouldin']	-0.19999999999999998
2sp2glob	['PBM_index']	0.0
2sp2glob	['Ratkowsky_Lance']	0.0
2sp2glob	['Ray_Turi']	0.39999999999999997
2d-4c-no9	['Banfeld_Raferty']	0.08571428571428573
2d-4c-no9	['modified_hubert_t']	-0.5428571428571429
2d-4c-no9	['i_index']	-0.4285714285714286
2d-4c-no9	['McClain_Rao']	0.08571428571428573
2d-4c-no9	['IIndex']	-0.7142857142857143
2d-4c-no9	['Dunns_index']	-0.7714285714285715
2d-4c-no9	['Scott_Symons']	0.08571428571428573
2d-4c-no9	['SDBW']	-0.6
2d-4c-no9	['s_dbw']	-0.5428571428571429
2d-4c-no9	['Davies_Bouldin']	-0.4285714285714286
2d-4c-no9	['PBM_index']	-0.7142857142857143
2d-4c-no9	['Ratkowsky_Lance']	-0.7142857142857143
2d-4c-no9	['Ray_Turi']	-0.7142857142857143
donut1	['Banfeld_Raferty']	-0.3714285714285715
donut1	['modified_hubert_t']	1.0
donut1	['i_index']	-0.3714285714285715
donut1	['McClain_Rao']	-0.3714285714285715
donut1	['IIndex']	-0.3714285714285715
donut1	['Dunns_index']	-0.3714285714285715
donut1	['Scott_Symons']	-0.3714285714285715
donut1	['SDBW']	1.0
donut1	['s_dbw']	1.0
donut1	['Davies_Bouldin']	-0.3714285714285715
donut1	['PBM_index']	-0.3714285714285715
donut1	['Ratkowsky_Lance']	1.0
donut1	['Ray_Turi']	-0.3714285714285715
zelnik2	['Banfeld_Raferty']	-0.3142857142857143
zelnik2	['modified_hubert_t']	-0.7142857142857143
zelnik2	['i_index']	-0.5428571428571429
zelnik2	['McClain_Rao']	-0.3142857142857143
zelnik2	['IIndex']	-0.3142857142857143
zelnik2	['Dunns_index']	-0.48571428571428577
zelnik2	['Scott_Symons']	-0.3142857142857143
zelnik2	['SDBW']	-0.7142857142857143
zelnik2	['s_dbw']	-0.7142857142857143
zelnik2	['Davies_Bouldin']	-0.48571428571428577
zelnik2	['PBM_index']	-0.3142857142857143
zelnik2	['Ratkowsky_Lance']	-0.5428571428571429
zelnik2	['Ray_Turi']	-0.48571428571428577
square3	['Banfeld_Raferty']	0.3571428571428572
square3	['modified_hubert_t']	-0.30952380952380953
square3	['i_index']	-0.4047619047619048
square3	['McClain_Rao']	0.3571428571428572
square3	['IIndex']	-0.4047619047619048
square3	['Dunns_index']	-0.11904761904761905
square3	['Scott_Symons']	-0.8095238095238096
square3	['SDBW']	-0.30952380952380953
square3	['s_dbw']	-0.30952380952380953
square3	['Davies_Bouldin']	-0.1666666666666667
square3	['PBM_index']	-0.30952380952380953
square3	['Ratkowsky_Lance']	-0.30952380952380953
square3	['Ray_Turi']	0.3571428571428572
zelnik1	['Banfeld_Raferty']	-0.5499999999999999
zelnik1	['modified_hubert_t']	-0.15
zelnik1	['i_index']	-0.08333333333333334
zelnik1	['McClain_Rao']	1.0
zelnik1	['IIndex']	0.11666666666666665
zelnik1	['Dunns_index']	-0.19999999999999998
zelnik1	['Scott_Symons']	-0.45
zelnik1	['SDBW']	0.049999999999999996
zelnik1	['s_dbw']	-0.15
zelnik1	['Davies_Bouldin']	-0.2833333333333333
zelnik1	['PBM_index']	-0.08333333333333334
zelnik1	['Ratkowsky_Lance']	0.049999999999999996
zelnik1	['Ray_Turi']	0.39999999999999997
elly-2d10c13s	['Banfeld_Raferty']	1.0
elly-2d10c13s	['modified_hubert_t']	-0.19999999999999998
elly-2d10c13s	['i_index']	-0.19999999999999998
elly-2d10c13s	['McClain_Rao']	1.0
elly-2d10c13s	['IIndex']	-0.19999999999999998
elly-2d10c13s	['Dunns_index']	-0.19999999999999998
elly-2d10c13s	['Scott_Symons']	1.0
elly-2d10c13s	['SDBW']	-0.19999999999999998
elly-2d10c13s	['s_dbw']	-0.19999999999999998
elly-2d10c13s	['Davies_Bouldin']	-0.19999999999999998
elly-2d10c13s	['PBM_index']	-0.19999999999999998
elly-2d10c13s	['Ratkowsky_Lance']	-0.19999999999999998
elly-2d10c13s	['Ray_Turi']	1.0
sizes3	['Banfeld_Raferty']	0.8181818181818182
sizes3	['modified_hubert_t']	-0.2727272727272727
sizes3	['i_index']	0.22424242424242422
sizes3	['McClain_Rao']	0.19999999999999998
sizes3	['IIndex']	0.22424242424242422
sizes3	['Dunns_index']	0.05454545454545454
sizes3	['Scott_Symons']	0.8181818181818182
sizes3	['SDBW']	0.09090909090909088
sizes3	['s_dbw']	-0.2727272727272727
sizes3	['Davies_Bouldin']	0.9999999999999999
sizes3	['PBM_index']	0.23636363636363633
sizes3	['Ratkowsky_Lance']	0.23636363636363633
sizes3	['Ray_Turi']	0.38181818181818183
tae	['Banfeld_Raferty']	-0.5757575757575757
tae	['modified_hubert_t']	0.7696969696969697
tae	['i_index']	0.24848484848484845
tae	['McClain_Rao']	-0.5757575757575757
tae	['IIndex']	0.24848484848484845
tae	['Dunns_index']	-0.6121212121212121
tae	['Scott_Symons']	-0.2121212121212121
tae	['SDBW']	-0.7575757575757575
tae	['s_dbw']	0.8303030303030302
tae	['Davies_Bouldin']	-0.7575757575757575
tae	['PBM_index']	0.4787878787878787
tae	['Ratkowsky_Lance']	0.7818181818181817
tae	['Ray_Turi']	-0.7575757575757575
spherical_5_2	['Banfeld_Raferty']	-0.7818181818181817
spherical_5_2	['modified_hubert_t']	-0.7818181818181817
spherical_5_2	['i_index']	-0.7818181818181817
spherical_5_2	['McClain_Rao']	-0.7818181818181817
spherical_5_2	['IIndex']	-0.7818181818181817
spherical_5_2	['Dunns_index']	0.49090909090909085
spherical_5_2	['Scott_Symons']	-0.16363636363636364
spherical_5_2	['SDBW']	0.49090909090909085
spherical_5_2	['s_dbw']	-0.7818181818181817
spherical_5_2	['Davies_Bouldin']	-0.7818181818181817
spherical_5_2	['PBM_index']	-0.7818181818181817
spherical_5_2	['Ratkowsky_Lance']	-0.7818181818181817
spherical_5_2	['Ray_Turi']	-0.7818181818181817
disk-4500n	['Banfeld_Raferty']	0.39999999999999997
disk-4500n	['modified_hubert_t']	-0.19999999999999998
disk-4500n	['i_index']	0.0
disk-4500n	['McClain_Rao']	0.39999999999999997
disk-4500n	['IIndex']	0.0
disk-4500n	['Dunns_index']	-0.6000000000000001
disk-4500n	['Scott_Symons']	0.39999999999999997
disk-4500n	['SDBW']	-0.19999999999999998
disk-4500n	['s_dbw']	-0.19999999999999998
disk-4500n	['Davies_Bouldin']	0.39999999999999997
disk-4500n	['PBM_index']	0.0
disk-4500n	['Ratkowsky_Lance']	0.0
disk-4500n	['Ray_Turi']	0.0
spiralsquare	['Banfeld_Raferty']	0.5714285714285715
spiralsquare	['modified_hubert_t']	-0.28571428571428575
spiralsquare	['i_index']	-0.39285714285714296
spiralsquare	['McClain_Rao']	0.5714285714285715
spiralsquare	['IIndex']	-0.39285714285714296
spiralsquare	['Dunns_index']	-0.28571428571428575
spiralsquare	['Scott_Symons']	0.5714285714285715
spiralsquare	['SDBW']	0.9642857142857145
spiralsquare	['s_dbw']	-0.28571428571428575
spiralsquare	['Davies_Bouldin']	0.4642857142857144
spiralsquare	['PBM_index']	-0.39285714285714296
spiralsquare	['Ratkowsky_Lance']	0.39285714285714296
spiralsquare	['Ray_Turi']	0.3571428571428572
fourty	['Banfeld_Raferty']	-0.7380952380952381
fourty	['modified_hubert_t']	-0.7142857142857144
fourty	['i_index']	-0.7380952380952381
fourty	['McClain_Rao']	-0.7380952380952381
fourty	['IIndex']	-0.8571428571428572
fourty	['Dunns_index']	-0.7142857142857144
fourty	['Scott_Symons']	-0.7380952380952381
fourty	['SDBW']	-0.7380952380952381
fourty	['s_dbw']	-0.7142857142857144
fourty	['Davies_Bouldin']	-0.7380952380952381
fourty	['PBM_index']	-0.7380952380952381
fourty	['Ratkowsky_Lance']	1.0
fourty	['Ray_Turi']	-0.7380952380952381
dpc	['Banfeld_Raferty']	-0.309090909090909
dpc	['modified_hubert_t']	0.12727272727272726
dpc	['i_index']	0.12727272727272726
dpc	['McClain_Rao']	-0.309090909090909
dpc	['IIndex']	0.12727272727272726
dpc	['Dunns_index']	0.9999999999999999
dpc	['Scott_Symons']	0.6727272727272726
dpc	['SDBW']	-0.6
dpc	['s_dbw']	0.9999999999999999
dpc	['Davies_Bouldin']	0.5272727272727272
dpc	['PBM_index']	0.12727272727272726
dpc	['Ratkowsky_Lance']	-0.19999999999999998
dpc	['Ray_Turi']	-0.41818181818181815
curves2	['Banfeld_Raferty']	1.0
curves2	['modified_hubert_t']	-0.7999999999999999
curves2	['i_index']	1.0
curves2	['McClain_Rao']	1.0
curves2	['IIndex']	1.0
curves2	['Dunns_index']	1.0
curves2	['Scott_Symons']	1.0
curves2	['SDBW']	-0.7999999999999999
curves2	['s_dbw']	1.0
curves2	['Davies_Bouldin']	1.0
curves2	['PBM_index']	1.0
curves2	['Ratkowsky_Lance']	-0.7999999999999999
curves2	['Ray_Turi']	1.0
2d-20c-no0	['Banfeld_Raferty']	-0.09999999999999999
2d-20c-no0	['modified_hubert_t']	0.39999999999999997
2d-20c-no0	['i_index']	-0.09999999999999999
2d-20c-no0	['McClain_Rao']	-0.09999999999999999
2d-20c-no0	['IIndex']	-0.09999999999999999
2d-20c-no0	['Dunns_index']	0.3
2d-20c-no0	['Scott_Symons']	-0.09999999999999999
2d-20c-no0	['SDBW']	0.3
2d-20c-no0	['s_dbw']	0.39999999999999997
2d-20c-no0	['Davies_Bouldin']	-0.09999999999999999
2d-20c-no0	['PBM_index']	-0.09999999999999999
2d-20c-no0	['Ratkowsky_Lance']	0.39999999999999997
2d-20c-no0	['Ray_Turi']	0.3
dartboard2	['Banfeld_Raferty']	0.9999999999999999
dartboard2	['modified_hubert_t']	0.9999999999999999
dartboard2	['i_index']	0.9999999999999999
dartboard2	['McClain_Rao']	0.9999999999999999
dartboard2	['IIndex']	0.9999999999999999
dartboard2	['Dunns_index']	0.9999999999999999
dartboard2	['Scott_Symons']	0.9999999999999999
dartboard2	['SDBW']	0.0
dartboard2	['s_dbw']	0.9999999999999999
dartboard2	['Davies_Bouldin']	0.0
dartboard2	['PBM_index']	0.9999999999999999
dartboard2	['Ratkowsky_Lance']	0.9999999999999999
dartboard2	['Ray_Turi']	0.9999999999999999
sizes1	['Banfeld_Raferty']	1.0
sizes1	['modified_hubert_t']	-0.30952380952380953
sizes1	['i_index']	-0.09523809523809526
sizes1	['McClain_Rao']	1.0
sizes1	['IIndex']	-0.7380952380952381
sizes1	['Dunns_index']	-0.261904761904762
sizes1	['Scott_Symons']	1.0
sizes1	['SDBW']	0.4761904761904762
sizes1	['s_dbw']	0.3571428571428572
sizes1	['Davies_Bouldin']	-0.1666666666666667
sizes1	['PBM_index']	-0.09523809523809526
sizes1	['Ratkowsky_Lance']	-0.19047619047619052
sizes1	['Ray_Turi']	-0.4047619047619048
R15	['Banfeld_Raferty']	-0.2571428571428572
R15	['modified_hubert_t']	-0.08571428571428573
R15	['i_index']	-0.08571428571428573
R15	['McClain_Rao']	-0.2571428571428572
R15	['IIndex']	-0.08571428571428573
R15	['Dunns_index']	-0.08571428571428573
R15	['Scott_Symons']	0.08571428571428573
R15	['SDBW']	-0.08571428571428573
R15	['s_dbw']	-0.2571428571428572
R15	['Davies_Bouldin']	0.08571428571428573
R15	['PBM_index']	-0.08571428571428573
R15	['Ratkowsky_Lance']	-0.7142857142857143
R15	['Ray_Turi']	-0.08571428571428573
complex9	['Banfeld_Raferty']	0.6571428571428573
complex9	['modified_hubert_t']	-0.7142857142857143
complex9	['i_index']	-0.7142857142857143
complex9	['McClain_Rao']	-0.8857142857142858
complex9	['IIndex']	-0.7142857142857143
complex9	['Dunns_index']	-0.8857142857142858
complex9	['Scott_Symons']	0.6571428571428573
complex9	['SDBW']	-0.7142857142857143
complex9	['s_dbw']	-0.7142857142857143
complex9	['Davies_Bouldin']	0.8285714285714287
complex9	['PBM_index']	0.8285714285714287
complex9	['Ratkowsky_Lance']	-0.7142857142857143
complex9	['Ray_Turi']	1.0
ds3c3sc6	['Banfeld_Raferty']	-0.16666666666666669
ds3c3sc6	['modified_hubert_t']	-0.31666666666666665
ds3c3sc6	['i_index']	-0.06666666666666667
ds3c3sc6	['McClain_Rao']	-0.16666666666666669
ds3c3sc6	['IIndex']	-0.06666666666666667
ds3c3sc6	['Dunns_index']	-0.11666666666666665
ds3c3sc6	['Scott_Symons']	-0.21666666666666667
ds3c3sc6	['SDBW']	-0.2833333333333333
ds3c3sc6	['s_dbw']	-0.31666666666666665
ds3c3sc6	['Davies_Bouldin']	-0.5166666666666667
ds3c3sc6	['PBM_index']	0.03333333333333333
ds3c3sc6	['Ratkowsky_Lance']	0.48333333333333334
ds3c3sc6	['Ray_Turi']	-0.25
zelnik4	['Banfeld_Raferty']	-0.49999999999999994
zelnik4	['modified_hubert_t']	0.0
zelnik4	['i_index']	-0.09999999999999999
zelnik4	['McClain_Rao']	-0.49999999999999994
zelnik4	['IIndex']	-0.09999999999999999
zelnik4	['Dunns_index']	-0.09999999999999999
zelnik4	['Scott_Symons']	-0.09999999999999999
zelnik4	['SDBW']	-0.09999999999999999
zelnik4	['s_dbw']	0.39999999999999997
zelnik4	['Davies_Bouldin']	0.39999999999999997
zelnik4	['PBM_index']	-0.09999999999999999
zelnik4	['Ratkowsky_Lance']	-0.09999999999999999
zelnik4	['Ray_Turi']	-0.09999999999999999
DS-577	['Banfeld_Raferty']	0.49090909090909085
DS-577	['modified_hubert_t']	-0.7818181818181817
DS-577	['i_index']	-0.7818181818181817
DS-577	['McClain_Rao']	0.49090909090909085
DS-577	['IIndex']	-0.16363636363636364
DS-577	['Dunns_index']	-0.7818181818181817
DS-577	['Scott_Symons']	-0.6
DS-577	['SDBW']	-0.7818181818181817
DS-577	['s_dbw']	0.6727272727272726
DS-577	['Davies_Bouldin']	-0.16363636363636364
DS-577	['PBM_index']	-0.7818181818181817
DS-577	['Ratkowsky_Lance']	-0.7818181818181817
DS-577	['Ray_Turi']	0.6727272727272726
sizes4	['Banfeld_Raferty']	1.0
sizes4	['modified_hubert_t']	-0.5000000000000001
sizes4	['i_index']	-0.5000000000000001
sizes4	['McClain_Rao']	0.6428571428571429
sizes4	['IIndex']	-0.5000000000000001
sizes4	['Dunns_index']	1.0
sizes4	['Scott_Symons']	1.0
sizes4	['SDBW']	0.07142857142857144
sizes4	['s_dbw']	-0.5000000000000001
sizes4	['Davies_Bouldin']	-0.38095238095238104
sizes4	['PBM_index']	-0.4761904761904762
sizes4	['Ratkowsky_Lance']	-0.4761904761904762
sizes4	['Ray_Turi']	-0.4285714285714286
cure-t0-2000n-2D	['Banfeld_Raferty']	-0.7999999999999999
cure-t0-2000n-2D	['modified_hubert_t']	-0.7999999999999999
cure-t0-2000n-2D	['i_index']	-0.7999999999999999
cure-t0-2000n-2D	['McClain_Rao']	0.0
cure-t0-2000n-2D	['IIndex']	-0.7999999999999999
cure-t0-2000n-2D	['Dunns_index']	-0.7999999999999999
cure-t0-2000n-2D	['Scott_Symons']	-0.7999999999999999
cure-t0-2000n-2D	['SDBW']	0.0
cure-t0-2000n-2D	['s_dbw']	-0.7999999999999999
cure-t0-2000n-2D	['Davies_Bouldin']	0.39999999999999997
cure-t0-2000n-2D	['PBM_index']	-0.7999999999999999
cure-t0-2000n-2D	['Ratkowsky_Lance']	0.0
cure-t0-2000n-2D	['Ray_Turi']	-0.7999999999999999
iono	['Banfeld_Raferty']	0.19999999999999998
iono	['modified_hubert_t']	-0.7454545454545454
iono	['i_index']	-0.7212121212121211
iono	['McClain_Rao']	-0.406060606060606
iono	['IIndex']	-0.49090909090909085
iono	['Dunns_index']	-0.7454545454545454
iono	['Scott_Symons']	-0.7454545454545454
iono	['SDBW']	0.7818181818181817
iono	['s_dbw']	-0.7454545454545454
iono	['Davies_Bouldin']	0.22424242424242422
iono	['PBM_index']	-0.7212121212121211
iono	['Ratkowsky_Lance']	-0.7212121212121211
iono	['Ray_Turi']	0.23636363636363633
twenty	['Banfeld_Raferty']	0.25
twenty	['modified_hubert_t']	1.0
twenty	['i_index']	0.25
twenty	['McClain_Rao']	0.25
twenty	['IIndex']	0.25
twenty	['Dunns_index']	0.25
twenty	['Scott_Symons']	0.25
twenty	['SDBW']	0.25
twenty	['s_dbw']	0.25
twenty	['Davies_Bouldin']	0.25
twenty	['PBM_index']	0.25
twenty	['Ratkowsky_Lance']	1.0
twenty	['Ray_Turi']	0.25
dense-disk-3000	['Banfeld_Raferty']	-0.6071428571428572
dense-disk-3000	['modified_hubert_t']	-0.6071428571428572
dense-disk-3000	['i_index']	-0.7142857142857144
dense-disk-3000	['McClain_Rao']	-0.6071428571428572
dense-disk-3000	['IIndex']	-0.7142857142857144
dense-disk-3000	['Dunns_index']	-0.6071428571428572
dense-disk-3000	['Scott_Symons']	-0.6071428571428572
dense-disk-3000	['SDBW']	0.8928571428571429
dense-disk-3000	['s_dbw']	-0.6071428571428572
dense-disk-3000	['Davies_Bouldin']	-0.7142857142857144
dense-disk-3000	['PBM_index']	-0.7142857142857144
dense-disk-3000	['Ratkowsky_Lance']	0.642857142857143
dense-disk-3000	['Ray_Turi']	-0.6071428571428572
pathbased	['Banfeld_Raferty']	0.016666666666666666
pathbased	['modified_hubert_t']	-0.45
pathbased	['i_index']	-0.45
pathbased	['McClain_Rao']	-0.35
pathbased	['IIndex']	-0.45
pathbased	['Dunns_index']	0.7
pathbased	['Scott_Symons']	-0.35
pathbased	['SDBW']	0.5666666666666667
pathbased	['s_dbw']	-0.45
pathbased	['Davies_Bouldin']	0.39999999999999997
pathbased	['PBM_index']	-0.45
pathbased	['Ratkowsky_Lance']	-0.7999999999999999
pathbased	['Ray_Turi']	-0.7999999999999999
