square2	['SDBW', 'IIndex', 'Banfeld_Raferty']	1.0
square2	['SDBW', 'modified_hubert_t', 'Banfeld_Raferty']	1.0
square2	['IIndex', 'modified_hubert_t', 'Banfeld_Raferty']	1.0
square2	['McClain_Rao', 'Dunns_index', 'Banfeld_Raferty']	0.42105263157894735
square2	['i_index', 'Scott_Symons', 'Banfeld_Raferty']	0.010526315789473682
DS-577	['SDBW', 'IIndex', 'Banfeld_Raferty']	1.0
DS-577	['McClain_Rao', 'Dunns_index', 'Banfeld_Raferty']	1.0
DS-577	['SDBW', 'modified_hubert_t', 'Banfeld_Raferty']	1.0
DS-577	['IIndex', 'modified_hubert_t', 'Banfeld_Raferty']	1.0
DS-577	['i_index', 'Scott_Symons', 'Banfeld_Raferty']	0.6345864661654135
rings	['SDBW', 'IIndex', 'Banfeld_Raferty']	1.0
rings	['SDBW', 'modified_hubert_t', 'Banfeld_Raferty']	1.0
rings	['IIndex', 'modified_hubert_t', 'Banfeld_Raferty']	1.0
rings	['i_index', 'Scott_Symons', 'Banfeld_Raferty']	-0.14436090225563908
rings	['McClain_Rao', 'Dunns_index', 'Banfeld_Raferty']	-0.19548872180451127
ds577	['SDBW', 'IIndex', 'Banfeld_Raferty']	1.0
ds577	['McClain_Rao', 'Dunns_index', 'Banfeld_Raferty']	1.0
ds577	['SDBW', 'modified_hubert_t', 'Banfeld_Raferty']	1.0
ds577	['IIndex', 'modified_hubert_t', 'Banfeld_Raferty']	1.0
ds577	['i_index', 'Scott_Symons', 'Banfeld_Raferty']	0.6736842105263157
long3	['SDBW', 'IIndex', 'Banfeld_Raferty']	1.0
long3	['SDBW', 'modified_hubert_t', 'Banfeld_Raferty']	1.0
long3	['IIndex', 'modified_hubert_t', 'Banfeld_Raferty']	1.0
long3	['McClain_Rao', 'Dunns_index', 'Banfeld_Raferty']	0.025563909774436087
long3	['i_index', 'Scott_Symons', 'Banfeld_Raferty']	-0.26315789473684204
spherical_5_2	['SDBW', 'IIndex', 'Banfeld_Raferty']	1.0
spherical_5_2	['SDBW', 'modified_hubert_t', 'Banfeld_Raferty']	1.0
spherical_5_2	['IIndex', 'modified_hubert_t', 'Banfeld_Raferty']	1.0
spherical_5_2	['McClain_Rao', 'Dunns_index', 'Banfeld_Raferty']	0.4270676691729323
spherical_5_2	['i_index', 'Scott_Symons', 'Banfeld_Raferty']	0.26917293233082706
long1	['SDBW', 'IIndex', 'Banfeld_Raferty']	1.0
long1	['SDBW', 'modified_hubert_t', 'Banfeld_Raferty']	1.0
long1	['IIndex', 'modified_hubert_t', 'Banfeld_Raferty']	1.0
long1	['i_index', 'Scott_Symons', 'Banfeld_Raferty']	0.631578947368421
long1	['McClain_Rao', 'Dunns_index', 'Banfeld_Raferty']	0.4917293233082706
zelnik3	['SDBW', 'IIndex', 'Banfeld_Raferty']	0.9999999999999999
zelnik3	['SDBW', 'modified_hubert_t', 'Banfeld_Raferty']	0.9999999999999999
zelnik3	['IIndex', 'modified_hubert_t', 'Banfeld_Raferty']	0.9999999999999999
zelnik3	['McClain_Rao', 'Dunns_index', 'Banfeld_Raferty']	-0.5151515151515151
zelnik3	['i_index', 'Scott_Symons', 'Banfeld_Raferty']	-0.5151515151515151
elly-2d10c13s	['SDBW', 'IIndex', 'Banfeld_Raferty']	1.0
elly-2d10c13s	['SDBW', 'modified_hubert_t', 'Banfeld_Raferty']	1.0
elly-2d10c13s	['IIndex', 'modified_hubert_t', 'Banfeld_Raferty']	1.0
elly-2d10c13s	['i_index', 'Scott_Symons', 'Banfeld_Raferty']	-0.28120300751879695
elly-2d10c13s	['McClain_Rao', 'Dunns_index', 'Banfeld_Raferty']	-0.5142857142857143
sizes1	['SDBW', 'IIndex', 'Banfeld_Raferty']	1.0
sizes1	['SDBW', 'modified_hubert_t', 'Banfeld_Raferty']	1.0
sizes1	['IIndex', 'modified_hubert_t', 'Banfeld_Raferty']	1.0
sizes1	['i_index', 'Scott_Symons', 'Banfeld_Raferty']	0.07969924812030074
sizes1	['McClain_Rao', 'Dunns_index', 'Banfeld_Raferty']	-0.0706766917293233
spherical_4_3	['SDBW', 'IIndex', 'Banfeld_Raferty']	1.0
spherical_4_3	['McClain_Rao', 'Dunns_index', 'Banfeld_Raferty']	1.0
spherical_4_3	['SDBW', 'modified_hubert_t', 'Banfeld_Raferty']	1.0
spherical_4_3	['IIndex', 'modified_hubert_t', 'Banfeld_Raferty']	1.0
spherical_4_3	['i_index', 'Scott_Symons', 'Banfeld_Raferty']	1.0
square3	['SDBW', 'IIndex', 'Banfeld_Raferty']	1.0
square3	['SDBW', 'modified_hubert_t', 'Banfeld_Raferty']	1.0
square3	['IIndex', 'modified_hubert_t', 'Banfeld_Raferty']	1.0
square3	['McClain_Rao', 'Dunns_index', 'Banfeld_Raferty']	0.26315789473684204
square3	['i_index', 'Scott_Symons', 'Banfeld_Raferty']	0.037593984962406006
elliptical_10_2	['SDBW', 'IIndex', 'Banfeld_Raferty']	1.0
elliptical_10_2	['SDBW', 'modified_hubert_t', 'Banfeld_Raferty']	1.0
elliptical_10_2	['IIndex', 'modified_hubert_t', 'Banfeld_Raferty']	1.0
elliptical_10_2	['McClain_Rao', 'Dunns_index', 'Banfeld_Raferty']	-0.48872180451127817
elliptical_10_2	['i_index', 'Scott_Symons', 'Banfeld_Raferty']	-0.48872180451127817
d31	['SDBW', 'IIndex', 'Banfeld_Raferty']	1.0
d31	['SDBW', 'modified_hubert_t', 'Banfeld_Raferty']	1.0
d31	['IIndex', 'modified_hubert_t', 'Banfeld_Raferty']	1.0
d31	['McClain_Rao', 'Dunns_index', 'Banfeld_Raferty']	-0.12932330827067667
d31	['i_index', 'Scott_Symons', 'Banfeld_Raferty']	-0.5654135338345864
complex8	['SDBW', 'IIndex', 'Banfeld_Raferty']	1.0
complex8	['SDBW', 'modified_hubert_t', 'Banfeld_Raferty']	1.0
complex8	['IIndex', 'modified_hubert_t', 'Banfeld_Raferty']	1.0
complex8	['McClain_Rao', 'Dunns_index', 'Banfeld_Raferty']	0.6090225563909774
complex8	['i_index', 'Scott_Symons', 'Banfeld_Raferty']	0.12030075187969923
jain	['SDBW', 'IIndex', 'Banfeld_Raferty']	1.0
jain	['SDBW', 'modified_hubert_t', 'Banfeld_Raferty']	1.0
jain	['IIndex', 'modified_hubert_t', 'Banfeld_Raferty']	1.0
jain	['McClain_Rao', 'Dunns_index', 'Banfeld_Raferty']	0.863157894736842
jain	['i_index', 'Scott_Symons', 'Banfeld_Raferty']	-0.04210526315789473
zelnik5	['SDBW', 'IIndex', 'Banfeld_Raferty']	0.9999999999999999
zelnik5	['SDBW', 'modified_hubert_t', 'Banfeld_Raferty']	0.9999999999999999
zelnik5	['IIndex', 'modified_hubert_t', 'Banfeld_Raferty']	0.9999999999999999
zelnik5	['i_index', 'Scott_Symons', 'Banfeld_Raferty']	0.9999999999999999
zelnik5	['McClain_Rao', 'Dunns_index', 'Banfeld_Raferty']	-0.5151515151515151
smile3	['SDBW', 'IIndex', 'Banfeld_Raferty']	1.0
smile3	['McClain_Rao', 'Dunns_index', 'Banfeld_Raferty']	1.0
smile3	['SDBW', 'modified_hubert_t', 'Banfeld_Raferty']	1.0
smile3	['IIndex', 'modified_hubert_t', 'Banfeld_Raferty']	1.0
smile3	['i_index', 'Scott_Symons', 'Banfeld_Raferty']	1.0
twodiamonds	['SDBW', 'IIndex', 'Banfeld_Raferty']	1.0
twodiamonds	['SDBW', 'modified_hubert_t', 'Banfeld_Raferty']	1.0
twodiamonds	['IIndex', 'modified_hubert_t', 'Banfeld_Raferty']	1.0
twodiamonds	['i_index', 'Scott_Symons', 'Banfeld_Raferty']	1.0
twodiamonds	['McClain_Rao', 'Dunns_index', 'Banfeld_Raferty']	0.437593984962406
ds4c2sc8	['SDBW', 'IIndex', 'Banfeld_Raferty']	0.9999999999999999
ds4c2sc8	['McClain_Rao', 'Dunns_index', 'Banfeld_Raferty']	0.9999999999999999
ds4c2sc8	['SDBW', 'modified_hubert_t', 'Banfeld_Raferty']	0.9999999999999999
ds4c2sc8	['IIndex', 'modified_hubert_t', 'Banfeld_Raferty']	0.9999999999999999
ds4c2sc8	['i_index', 'Scott_Symons', 'Banfeld_Raferty']	0.9999999999999999
ds2c2sc13	['SDBW', 'IIndex', 'Banfeld_Raferty']	0.9999999999999999
ds2c2sc13	['McClain_Rao', 'Dunns_index', 'Banfeld_Raferty']	0.9999999999999999
ds2c2sc13	['SDBW', 'modified_hubert_t', 'Banfeld_Raferty']	0.9999999999999999
ds2c2sc13	['IIndex', 'modified_hubert_t', 'Banfeld_Raferty']	0.9999999999999999
ds2c2sc13	['i_index', 'Scott_Symons', 'Banfeld_Raferty']	0.9999999999999999
sizes2	['SDBW', 'IIndex', 'Banfeld_Raferty']	1.0
sizes2	['SDBW', 'modified_hubert_t', 'Banfeld_Raferty']	1.0
sizes2	['IIndex', 'modified_hubert_t', 'Banfeld_Raferty']	1.0
sizes2	['i_index', 'Scott_Symons', 'Banfeld_Raferty']	0.09323308270676692
sizes2	['McClain_Rao', 'Dunns_index', 'Banfeld_Raferty']	-0.3669172932330827
sizes5	['SDBW', 'IIndex', 'Banfeld_Raferty']	1.0
sizes5	['SDBW', 'modified_hubert_t', 'Banfeld_Raferty']	1.0
sizes5	['IIndex', 'modified_hubert_t', 'Banfeld_Raferty']	1.0
sizes5	['McClain_Rao', 'Dunns_index', 'Banfeld_Raferty']	-0.05413533834586466
sizes5	['i_index', 'Scott_Symons', 'Banfeld_Raferty']	-0.43458646616541347
compound	['SDBW', 'IIndex', 'Banfeld_Raferty']	1.0
compound	['McClain_Rao', 'Dunns_index', 'Banfeld_Raferty']	1.0
compound	['SDBW', 'modified_hubert_t', 'Banfeld_Raferty']	1.0
compound	['IIndex', 'modified_hubert_t', 'Banfeld_Raferty']	1.0
compound	['i_index', 'Scott_Symons', 'Banfeld_Raferty']	1.0
disk-4500n	['SDBW', 'IIndex', 'Banfeld_Raferty']	1.0
disk-4500n	['SDBW', 'modified_hubert_t', 'Banfeld_Raferty']	1.0
disk-4500n	['IIndex', 'modified_hubert_t', 'Banfeld_Raferty']	1.0
disk-4500n	['i_index', 'Scott_Symons', 'Banfeld_Raferty']	0.306766917293233
disk-4500n	['McClain_Rao', 'Dunns_index', 'Banfeld_Raferty']	-0.23909774436090225
impossible	['SDBW', 'IIndex', 'Banfeld_Raferty']	1.0
impossible	['McClain_Rao', 'Dunns_index', 'Banfeld_Raferty']	1.0
impossible	['SDBW', 'modified_hubert_t', 'Banfeld_Raferty']	1.0
impossible	['IIndex', 'modified_hubert_t', 'Banfeld_Raferty']	1.0
impossible	['i_index', 'Scott_Symons', 'Banfeld_Raferty']	1.0
curves1	['SDBW', 'IIndex', 'Banfeld_Raferty']	0.9999999999999999
curves1	['McClain_Rao', 'Dunns_index', 'Banfeld_Raferty']	0.9999999999999999
curves1	['SDBW', 'modified_hubert_t', 'Banfeld_Raferty']	0.9999999999999999
curves1	['IIndex', 'modified_hubert_t', 'Banfeld_Raferty']	0.9999999999999999
curves1	['i_index', 'Scott_Symons', 'Banfeld_Raferty']	0.9999999999999999
smile1	['SDBW', 'IIndex', 'Banfeld_Raferty']	1.0
smile1	['SDBW', 'modified_hubert_t', 'Banfeld_Raferty']	1.0
smile1	['IIndex', 'modified_hubert_t', 'Banfeld_Raferty']	1.0
smile1	['i_index', 'Scott_Symons', 'Banfeld_Raferty']	-0.125
smile1	['McClain_Rao', 'Dunns_index', 'Banfeld_Raferty']	-0.3214285714285714
cure-t1-2000n-2D	['SDBW', 'IIndex', 'Banfeld_Raferty']	1.0
cure-t1-2000n-2D	['McClain_Rao', 'Dunns_index', 'Banfeld_Raferty']	1.0
cure-t1-2000n-2D	['SDBW', 'modified_hubert_t', 'Banfeld_Raferty']	1.0
cure-t1-2000n-2D	['IIndex', 'modified_hubert_t', 'Banfeld_Raferty']	1.0
cure-t1-2000n-2D	['i_index', 'Scott_Symons', 'Banfeld_Raferty']	0.19548872180451127
square1	['SDBW', 'IIndex', 'Banfeld_Raferty']	1.0
square1	['SDBW', 'modified_hubert_t', 'Banfeld_Raferty']	1.0
square1	['IIndex', 'modified_hubert_t', 'Banfeld_Raferty']	1.0
square1	['i_index', 'Scott_Symons', 'Banfeld_Raferty']	0.08120300751879699
square1	['McClain_Rao', 'Dunns_index', 'Banfeld_Raferty']	-0.03609022556390977
cure-t2-4k	['SDBW', 'IIndex', 'Banfeld_Raferty']	1.0
cure-t2-4k	['SDBW', 'modified_hubert_t', 'Banfeld_Raferty']	1.0
cure-t2-4k	['IIndex', 'modified_hubert_t', 'Banfeld_Raferty']	1.0
cure-t2-4k	['i_index', 'Scott_Symons', 'Banfeld_Raferty']	1.0
cure-t2-4k	['McClain_Rao', 'Dunns_index', 'Banfeld_Raferty']	-0.015037593984962403
sonar	['SDBW', 'IIndex', 'Banfeld_Raferty']	1.0
sonar	['SDBW', 'modified_hubert_t', 'Banfeld_Raferty']	1.0
sonar	['IIndex', 'modified_hubert_t', 'Banfeld_Raferty']	1.0
sonar	['McClain_Rao', 'Dunns_index', 'Banfeld_Raferty']	0.23157894736842105
sonar	['i_index', 'Scott_Symons', 'Banfeld_Raferty']	0.012030075187969924
ba0.0a	['SDBW', 'IIndex', 'Banfeld_Raferty']	0.9999999999999999
ba0.0a	['McClain_Rao', 'Dunns_index', 'Banfeld_Raferty']	0.9999999999999999
ba0.0a	['SDBW', 'modified_hubert_t', 'Banfeld_Raferty']	0.9999999999999999
ba0.0a	['IIndex', 'modified_hubert_t', 'Banfeld_Raferty']	0.9999999999999999
ba0.0a	['i_index', 'Scott_Symons', 'Banfeld_Raferty']	-0.5151515151515151
disk-4000n	['SDBW', 'IIndex', 'Banfeld_Raferty']	1.0
disk-4000n	['SDBW', 'modified_hubert_t', 'Banfeld_Raferty']	1.0
disk-4000n	['IIndex', 'modified_hubert_t', 'Banfeld_Raferty']	1.0
disk-4000n	['McClain_Rao', 'Dunns_index', 'Banfeld_Raferty']	0.24812030075187969
disk-4000n	['i_index', 'Scott_Symons', 'Banfeld_Raferty']	-0.3699248120300751
fourty	['SDBW', 'IIndex', 'Banfeld_Raferty']	1.0
fourty	['SDBW', 'modified_hubert_t', 'Banfeld_Raferty']	1.0
fourty	['IIndex', 'modified_hubert_t', 'Banfeld_Raferty']	1.0
fourty	['i_index', 'Scott_Symons', 'Banfeld_Raferty']	0.9533834586466164
fourty	['McClain_Rao', 'Dunns_index', 'Banfeld_Raferty']	0.5654135338345864
spiralsquare	['SDBW', 'IIndex', 'Banfeld_Raferty']	1.0
spiralsquare	['McClain_Rao', 'Dunns_index', 'Banfeld_Raferty']	1.0
spiralsquare	['SDBW', 'modified_hubert_t', 'Banfeld_Raferty']	1.0
spiralsquare	['IIndex', 'modified_hubert_t', 'Banfeld_Raferty']	1.0
spiralsquare	['i_index', 'Scott_Symons', 'Banfeld_Raferty']	1.0
iris	['SDBW', 'IIndex', 'Banfeld_Raferty']	1.0
iris	['SDBW', 'modified_hubert_t', 'Banfeld_Raferty']	1.0
iris	['IIndex', 'modified_hubert_t', 'Banfeld_Raferty']	1.0
iris	['McClain_Rao', 'Dunns_index', 'Banfeld_Raferty']	0.9849624060150375
iris	['i_index', 'Scott_Symons', 'Banfeld_Raferty']	0.9849624060150375
pmf	['SDBW', 'IIndex', 'Banfeld_Raferty']	1.0
pmf	['SDBW', 'modified_hubert_t', 'Banfeld_Raferty']	1.0
pmf	['IIndex', 'modified_hubert_t', 'Banfeld_Raferty']	1.0
pmf	['McClain_Rao', 'Dunns_index', 'Banfeld_Raferty']	0.29323308270676685
pmf	['i_index', 'Scott_Symons', 'Banfeld_Raferty']	0.29323308270676685
shapes	['SDBW', 'IIndex', 'Banfeld_Raferty']	1.0
shapes	['McClain_Rao', 'Dunns_index', 'Banfeld_Raferty']	1.0
shapes	['SDBW', 'modified_hubert_t', 'Banfeld_Raferty']	1.0
shapes	['IIndex', 'modified_hubert_t', 'Banfeld_Raferty']	1.0
shapes	['i_index', 'Scott_Symons', 'Banfeld_Raferty']	1.0
heart-statlog	['SDBW', 'IIndex', 'Banfeld_Raferty']	1.0
heart-statlog	['McClain_Rao', 'Dunns_index', 'Banfeld_Raferty']	1.0
heart-statlog	['SDBW', 'modified_hubert_t', 'Banfeld_Raferty']	1.0
heart-statlog	['IIndex', 'modified_hubert_t', 'Banfeld_Raferty']	1.0
heart-statlog	['i_index', 'Scott_Symons', 'Banfeld_Raferty']	1.0
zelnik6	['SDBW', 'IIndex', 'Banfeld_Raferty']	0.9999999999999999
zelnik6	['McClain_Rao', 'Dunns_index', 'Banfeld_Raferty']	0.9999999999999999
zelnik6	['SDBW', 'modified_hubert_t', 'Banfeld_Raferty']	0.9999999999999999
zelnik6	['IIndex', 'modified_hubert_t', 'Banfeld_Raferty']	0.9999999999999999
zelnik6	['i_index', 'Scott_Symons', 'Banfeld_Raferty']	0.9999999999999999
twenty	['SDBW', 'IIndex', 'Banfeld_Raferty']	1.0
twenty	['SDBW', 'modified_hubert_t', 'Banfeld_Raferty']	1.0
twenty	['IIndex', 'modified_hubert_t', 'Banfeld_Raferty']	1.0
twenty	['McClain_Rao', 'Dunns_index', 'Banfeld_Raferty']	0.3804511278195489
twenty	['i_index', 'Scott_Symons', 'Banfeld_Raferty']	0.24360902255639094
ds850	['SDBW', 'IIndex', 'Banfeld_Raferty']	1.0
ds850	['SDBW', 'modified_hubert_t', 'Banfeld_Raferty']	1.0
ds850	['IIndex', 'modified_hubert_t', 'Banfeld_Raferty']	1.0
ds850	['McClain_Rao', 'Dunns_index', 'Banfeld_Raferty']	-0.048120300751879695
ds850	['i_index', 'Scott_Symons', 'Banfeld_Raferty']	-0.4496240601503759
square5	['SDBW', 'IIndex', 'Banfeld_Raferty']	1.0
square5	['SDBW', 'modified_hubert_t', 'Banfeld_Raferty']	1.0
square5	['IIndex', 'modified_hubert_t', 'Banfeld_Raferty']	1.0
square5	['McClain_Rao', 'Dunns_index', 'Banfeld_Raferty']	0.17744360902255638
square5	['i_index', 'Scott_Symons', 'Banfeld_Raferty']	0.12180451127819547
2d-4c	['SDBW', 'IIndex', 'Banfeld_Raferty']	1.0
2d-4c	['McClain_Rao', 'Dunns_index', 'Banfeld_Raferty']	1.0
2d-4c	['SDBW', 'modified_hubert_t', 'Banfeld_Raferty']	1.0
2d-4c	['IIndex', 'modified_hubert_t', 'Banfeld_Raferty']	1.0
2d-4c	['i_index', 'Scott_Symons', 'Banfeld_Raferty']	1.0
wingnut	['SDBW', 'IIndex', 'Banfeld_Raferty']	1.0
wingnut	['SDBW', 'modified_hubert_t', 'Banfeld_Raferty']	1.0
wingnut	['IIndex', 'modified_hubert_t', 'Banfeld_Raferty']	1.0
wingnut	['McClain_Rao', 'Dunns_index', 'Banfeld_Raferty']	0.9954887218045112
wingnut	['i_index', 'Scott_Symons', 'Banfeld_Raferty']	0.19849624060150375
iono	['SDBW', 'IIndex', 'Banfeld_Raferty']	1.0
iono	['SDBW', 'modified_hubert_t', 'Banfeld_Raferty']	1.0
iono	['IIndex', 'modified_hubert_t', 'Banfeld_Raferty']	1.0
iono	['McClain_Rao', 'Dunns_index', 'Banfeld_Raferty']	0.7984962406015037
iono	['i_index', 'Scott_Symons', 'Banfeld_Raferty']	0.7969924812030074
2dnormals	['SDBW', 'IIndex', 'Banfeld_Raferty']	1.0
2dnormals	['SDBW', 'modified_hubert_t', 'Banfeld_Raferty']	1.0
2dnormals	['IIndex', 'modified_hubert_t', 'Banfeld_Raferty']	1.0
2dnormals	['i_index', 'Scott_Symons', 'Banfeld_Raferty']	0.17744360902255638
2dnormals	['McClain_Rao', 'Dunns_index', 'Banfeld_Raferty']	-0.11278195488721804
blobs	['SDBW', 'IIndex', 'Banfeld_Raferty']	1.0
blobs	['SDBW', 'modified_hubert_t', 'Banfeld_Raferty']	1.0
blobs	['IIndex', 'modified_hubert_t', 'Banfeld_Raferty']	1.0
blobs	['McClain_Rao', 'Dunns_index', 'Banfeld_Raferty']	0.29323308270676685
blobs	['i_index', 'Scott_Symons', 'Banfeld_Raferty']	-0.33233082706766914
2d-10c	['SDBW', 'IIndex', 'Banfeld_Raferty']	1.0
2d-10c	['McClain_Rao', 'Dunns_index', 'Banfeld_Raferty']	1.0
2d-10c	['SDBW', 'modified_hubert_t', 'Banfeld_Raferty']	1.0
2d-10c	['IIndex', 'modified_hubert_t', 'Banfeld_Raferty']	1.0
2d-10c	['i_index', 'Scott_Symons', 'Banfeld_Raferty']	1.0
cuboids	['SDBW', 'IIndex', 'Banfeld_Raferty']	1.0
cuboids	['SDBW', 'modified_hubert_t', 'Banfeld_Raferty']	1.0
cuboids	['IIndex', 'modified_hubert_t', 'Banfeld_Raferty']	1.0
cuboids	['McClain_Rao', 'Dunns_index', 'Banfeld_Raferty']	-0.08270676691729321
cuboids	['i_index', 'Scott_Symons', 'Banfeld_Raferty']	-0.14736842105263157
dartboard2	['SDBW', 'IIndex', 'Banfeld_Raferty']	0.9999999999999999
dartboard2	['McClain_Rao', 'Dunns_index', 'Banfeld_Raferty']	0.9999999999999999
dartboard2	['SDBW', 'modified_hubert_t', 'Banfeld_Raferty']	0.9999999999999999
dartboard2	['IIndex', 'modified_hubert_t', 'Banfeld_Raferty']	0.9999999999999999
dartboard2	['i_index', 'Scott_Symons', 'Banfeld_Raferty']	0.9999999999999999
simplex	['SDBW', 'IIndex', 'Banfeld_Raferty']	1.0
simplex	['SDBW', 'modified_hubert_t', 'Banfeld_Raferty']	1.0
simplex	['IIndex', 'modified_hubert_t', 'Banfeld_Raferty']	1.0
simplex	['McClain_Rao', 'Dunns_index', 'Banfeld_Raferty']	-0.12781954887218044
simplex	['i_index', 'Scott_Symons', 'Banfeld_Raferty']	-0.24060150375939846
disk-1000n	['SDBW', 'IIndex', 'Banfeld_Raferty']	1.0
disk-1000n	['SDBW', 'modified_hubert_t', 'Banfeld_Raferty']	1.0
disk-1000n	['IIndex', 'modified_hubert_t', 'Banfeld_Raferty']	1.0
disk-1000n	['i_index', 'Scott_Symons', 'Banfeld_Raferty']	-0.14285714285714285
disk-1000n	['McClain_Rao', 'Dunns_index', 'Banfeld_Raferty']	-0.27368421052631575
ecoli	['SDBW', 'IIndex', 'Banfeld_Raferty']	1.0
ecoli	['SDBW', 'modified_hubert_t', 'Banfeld_Raferty']	1.0
ecoli	['IIndex', 'modified_hubert_t', 'Banfeld_Raferty']	1.0
ecoli	['i_index', 'Scott_Symons', 'Banfeld_Raferty']	0.9172932330827066
ecoli	['McClain_Rao', 'Dunns_index', 'Banfeld_Raferty']	-0.35187969924812035
flame	['SDBW', 'IIndex', 'Banfeld_Raferty']	1.0
flame	['SDBW', 'modified_hubert_t', 'Banfeld_Raferty']	1.0
flame	['IIndex', 'modified_hubert_t', 'Banfeld_Raferty']	1.0
flame	['McClain_Rao', 'Dunns_index', 'Banfeld_Raferty']	0.40451127819548865
flame	['i_index', 'Scott_Symons', 'Banfeld_Raferty']	0.10075187969924812
cure-t0-2000n-2D	['SDBW', 'IIndex', 'Banfeld_Raferty']	1.0
cure-t0-2000n-2D	['SDBW', 'modified_hubert_t', 'Banfeld_Raferty']	1.0
cure-t0-2000n-2D	['IIndex', 'modified_hubert_t', 'Banfeld_Raferty']	1.0
cure-t0-2000n-2D	['i_index', 'Scott_Symons', 'Banfeld_Raferty']	0.9804511278195487
cure-t0-2000n-2D	['McClain_Rao', 'Dunns_index', 'Banfeld_Raferty']	0.9774436090225563
2sp2glob	['SDBW', 'IIndex', 'Banfeld_Raferty']	1.0
2sp2glob	['McClain_Rao', 'Dunns_index', 'Banfeld_Raferty']	1.0
2sp2glob	['SDBW', 'modified_hubert_t', 'Banfeld_Raferty']	1.0
2sp2glob	['IIndex', 'modified_hubert_t', 'Banfeld_Raferty']	1.0
2sp2glob	['i_index', 'Scott_Symons', 'Banfeld_Raferty']	1.0
disk-5000n	['SDBW', 'IIndex', 'Banfeld_Raferty']	1.0
disk-5000n	['SDBW', 'modified_hubert_t', 'Banfeld_Raferty']	1.0
disk-5000n	['IIndex', 'modified_hubert_t', 'Banfeld_Raferty']	1.0
disk-5000n	['i_index', 'Scott_Symons', 'Banfeld_Raferty']	0.32481203007518794
disk-5000n	['McClain_Rao', 'Dunns_index', 'Banfeld_Raferty']	0.09774436090225563
haberman	['SDBW', 'IIndex', 'Banfeld_Raferty']	1.0
haberman	['SDBW', 'modified_hubert_t', 'Banfeld_Raferty']	1.0
haberman	['IIndex', 'modified_hubert_t', 'Banfeld_Raferty']	1.0
haberman	['i_index', 'Scott_Symons', 'Banfeld_Raferty']	0.29323308270676685
haberman	['McClain_Rao', 'Dunns_index', 'Banfeld_Raferty']	0.030075187969924807
circle	['SDBW', 'IIndex', 'Banfeld_Raferty']	1.0
circle	['SDBW', 'modified_hubert_t', 'Banfeld_Raferty']	1.0
circle	['IIndex', 'modified_hubert_t', 'Banfeld_Raferty']	1.0
circle	['McClain_Rao', 'Dunns_index', 'Banfeld_Raferty']	0.4285714285714286
circle	['i_index', 'Scott_Symons', 'Banfeld_Raferty']	-0.5774436090225563
ds3c3sc6	['SDBW', 'IIndex', 'Banfeld_Raferty']	0.9999999999999999
ds3c3sc6	['McClain_Rao', 'Dunns_index', 'Banfeld_Raferty']	0.9999999999999999
ds3c3sc6	['SDBW', 'modified_hubert_t', 'Banfeld_Raferty']	0.9999999999999999
ds3c3sc6	['IIndex', 'modified_hubert_t', 'Banfeld_Raferty']	0.9999999999999999
ds3c3sc6	['i_index', 'Scott_Symons', 'Banfeld_Raferty']	0.9999999999999999
2d-20c-no0	['SDBW', 'IIndex', 'Banfeld_Raferty']	1.0
2d-20c-no0	['SDBW', 'modified_hubert_t', 'Banfeld_Raferty']	1.0
2d-20c-no0	['IIndex', 'modified_hubert_t', 'Banfeld_Raferty']	1.0
2d-20c-no0	['McClain_Rao', 'Dunns_index', 'Banfeld_Raferty']	0.42556390977443603
2d-20c-no0	['i_index', 'Scott_Symons', 'Banfeld_Raferty']	-0.7624060150375939
triangle1	['SDBW', 'IIndex', 'Banfeld_Raferty']	1.0
triangle1	['SDBW', 'modified_hubert_t', 'Banfeld_Raferty']	1.0
triangle1	['IIndex', 'modified_hubert_t', 'Banfeld_Raferty']	1.0
triangle1	['i_index', 'Scott_Symons', 'Banfeld_Raferty']	0.6631578947368421
triangle1	['McClain_Rao', 'Dunns_index', 'Banfeld_Raferty']	0.4586466165413533
engytime	['SDBW', 'IIndex', 'Banfeld_Raferty']	1.0
engytime	['SDBW', 'modified_hubert_t', 'Banfeld_Raferty']	1.0
engytime	['IIndex', 'modified_hubert_t', 'Banfeld_Raferty']	1.0
engytime	['i_index', 'Scott_Symons', 'Banfeld_Raferty']	0.312781954887218
engytime	['McClain_Rao', 'Dunns_index', 'Banfeld_Raferty']	0.09774436090225563
2d-4c-no4	['SDBW', 'IIndex', 'Banfeld_Raferty']	1.0
2d-4c-no4	['SDBW', 'modified_hubert_t', 'Banfeld_Raferty']	1.0
2d-4c-no4	['IIndex', 'modified_hubert_t', 'Banfeld_Raferty']	1.0
2d-4c-no4	['i_index', 'Scott_Symons', 'Banfeld_Raferty']	0.8466165413533834
2d-4c-no4	['McClain_Rao', 'Dunns_index', 'Banfeld_Raferty']	0.02706766917293233
complex9	['SDBW', 'IIndex', 'Banfeld_Raferty']	1.0
complex9	['McClain_Rao', 'Dunns_index', 'Banfeld_Raferty']	1.0
complex9	['SDBW', 'modified_hubert_t', 'Banfeld_Raferty']	1.0
complex9	['IIndex', 'modified_hubert_t', 'Banfeld_Raferty']	1.0
complex9	['i_index', 'Scott_Symons', 'Banfeld_Raferty']	1.0
zoo	['SDBW', 'IIndex', 'Banfeld_Raferty']	1.0
zoo	['McClain_Rao', 'Dunns_index', 'Banfeld_Raferty']	1.0
zoo	['SDBW', 'modified_hubert_t', 'Banfeld_Raferty']	1.0
zoo	['IIndex', 'modified_hubert_t', 'Banfeld_Raferty']	1.0
zoo	['i_index', 'Scott_Symons', 'Banfeld_Raferty']	1.0
dense-disk-3000	['SDBW', 'IIndex', 'Banfeld_Raferty']	1.0
dense-disk-3000	['SDBW', 'modified_hubert_t', 'Banfeld_Raferty']	1.0
dense-disk-3000	['IIndex', 'modified_hubert_t', 'Banfeld_Raferty']	1.0
dense-disk-3000	['McClain_Rao', 'Dunns_index', 'Banfeld_Raferty']	0.06616541353383458
dense-disk-3000	['i_index', 'Scott_Symons', 'Banfeld_Raferty']	-0.10225563909774435
target	['SDBW', 'IIndex', 'Banfeld_Raferty']	1.0
target	['SDBW', 'modified_hubert_t', 'Banfeld_Raferty']	1.0
target	['IIndex', 'modified_hubert_t', 'Banfeld_Raferty']	1.0
target	['McClain_Rao', 'Dunns_index', 'Banfeld_Raferty']	0.3533834586466165
target	['i_index', 'Scott_Symons', 'Banfeld_Raferty']	-0.3714285714285714
zelnik2	['SDBW', 'IIndex', 'Banfeld_Raferty']	1.0
zelnik2	['SDBW', 'modified_hubert_t', 'Banfeld_Raferty']	1.0
zelnik2	['IIndex', 'modified_hubert_t', 'Banfeld_Raferty']	1.0
zelnik2	['i_index', 'Scott_Symons', 'Banfeld_Raferty']	0.9642857142857141
zelnik2	['McClain_Rao', 'Dunns_index', 'Banfeld_Raferty']	0.5178571428571428
disk-3000n	['SDBW', 'IIndex', 'Banfeld_Raferty']	1.0
disk-3000n	['SDBW', 'modified_hubert_t', 'Banfeld_Raferty']	1.0
disk-3000n	['IIndex', 'modified_hubert_t', 'Banfeld_Raferty']	1.0
disk-3000n	['i_index', 'Scott_Symons', 'Banfeld_Raferty']	0.1518796992481203
disk-3000n	['McClain_Rao', 'Dunns_index', 'Banfeld_Raferty']	-0.7218045112781954
triangle2	['SDBW', 'IIndex', 'Banfeld_Raferty']	1.0
triangle2	['SDBW', 'modified_hubert_t', 'Banfeld_Raferty']	1.0
triangle2	['IIndex', 'modified_hubert_t', 'Banfeld_Raferty']	1.0
triangle2	['i_index', 'Scott_Symons', 'Banfeld_Raferty']	0.06466165413533834
triangle2	['McClain_Rao', 'Dunns_index', 'Banfeld_Raferty']	-0.08721804511278194
sizes4	['SDBW', 'IIndex', 'Banfeld_Raferty']	1.0
sizes4	['SDBW', 'modified_hubert_t', 'Banfeld_Raferty']	1.0
sizes4	['IIndex', 'modified_hubert_t', 'Banfeld_Raferty']	1.0
sizes4	['i_index', 'Scott_Symons', 'Banfeld_Raferty']	0.14887218045112782
sizes4	['McClain_Rao', 'Dunns_index', 'Banfeld_Raferty']	0.03609022556390977
R15	['SDBW', 'IIndex', 'Banfeld_Raferty']	1.0
R15	['SDBW', 'modified_hubert_t', 'Banfeld_Raferty']	1.0
R15	['IIndex', 'modified_hubert_t', 'Banfeld_Raferty']	1.0
R15	['McClain_Rao', 'Dunns_index', 'Banfeld_Raferty']	0.3488721804511278
R15	['i_index', 'Scott_Symons', 'Banfeld_Raferty']	-0.4842105263157894
thy	['SDBW', 'IIndex', 'Banfeld_Raferty']	1.0
thy	['McClain_Rao', 'Dunns_index', 'Banfeld_Raferty']	1.0
thy	['SDBW', 'modified_hubert_t', 'Banfeld_Raferty']	1.0
thy	['IIndex', 'modified_hubert_t', 'Banfeld_Raferty']	1.0
thy	['i_index', 'Scott_Symons', 'Banfeld_Raferty']	1.0
threenorm	['SDBW', 'IIndex', 'Banfeld_Raferty']	1.0
threenorm	['SDBW', 'modified_hubert_t', 'Banfeld_Raferty']	1.0
threenorm	['IIndex', 'modified_hubert_t', 'Banfeld_Raferty']	1.0
threenorm	['i_index', 'Scott_Symons', 'Banfeld_Raferty']	0.14436090225563908
threenorm	['McClain_Rao', 'Dunns_index', 'Banfeld_Raferty']	-0.006015037593984962
3-spiral	['SDBW', 'IIndex', 'Banfeld_Raferty']	1.0
3-spiral	['SDBW', 'modified_hubert_t', 'Banfeld_Raferty']	1.0
3-spiral	['IIndex', 'modified_hubert_t', 'Banfeld_Raferty']	1.0
3-spiral	['i_index', 'Scott_Symons', 'Banfeld_Raferty']	0.18345864661654135
3-spiral	['McClain_Rao', 'Dunns_index', 'Banfeld_Raferty']	-0.4842105263157894
gaussians1	['SDBW', 'IIndex', 'Banfeld_Raferty']	1.0
gaussians1	['McClain_Rao', 'Dunns_index', 'Banfeld_Raferty']	1.0
gaussians1	['SDBW', 'modified_hubert_t', 'Banfeld_Raferty']	1.0
gaussians1	['IIndex', 'modified_hubert_t', 'Banfeld_Raferty']	1.0
gaussians1	['i_index', 'Scott_Symons', 'Banfeld_Raferty']	1.0
spherical_6_2	['SDBW', 'IIndex', 'Banfeld_Raferty']	1.0
spherical_6_2	['McClain_Rao', 'Dunns_index', 'Banfeld_Raferty']	1.0
spherical_6_2	['SDBW', 'modified_hubert_t', 'Banfeld_Raferty']	1.0
spherical_6_2	['IIndex', 'modified_hubert_t', 'Banfeld_Raferty']	1.0
spherical_6_2	['i_index', 'Scott_Symons', 'Banfeld_Raferty']	0.33383458646616543
atom	['SDBW', 'IIndex', 'Banfeld_Raferty']	1.0
atom	['McClain_Rao', 'Dunns_index', 'Banfeld_Raferty']	1.0
atom	['SDBW', 'modified_hubert_t', 'Banfeld_Raferty']	1.0
atom	['IIndex', 'modified_hubert_t', 'Banfeld_Raferty']	1.0
atom	['i_index', 'Scott_Symons', 'Banfeld_Raferty']	1.0
sizes3	['SDBW', 'IIndex', 'Banfeld_Raferty']	1.0
sizes3	['SDBW', 'modified_hubert_t', 'Banfeld_Raferty']	1.0
sizes3	['IIndex', 'modified_hubert_t', 'Banfeld_Raferty']	1.0
sizes3	['McClain_Rao', 'Dunns_index', 'Banfeld_Raferty']	0.2992481203007519
sizes3	['i_index', 'Scott_Symons', 'Banfeld_Raferty']	-0.03157894736842105
aggregation	['SDBW', 'IIndex', 'Banfeld_Raferty']	1.0
aggregation	['McClain_Rao', 'Dunns_index', 'Banfeld_Raferty']	1.0
aggregation	['SDBW', 'modified_hubert_t', 'Banfeld_Raferty']	1.0
aggregation	['IIndex', 'modified_hubert_t', 'Banfeld_Raferty']	1.0
aggregation	['i_index', 'Scott_Symons', 'Banfeld_Raferty']	1.0
disk-4600n	['SDBW', 'IIndex', 'Banfeld_Raferty']	1.0
disk-4600n	['SDBW', 'modified_hubert_t', 'Banfeld_Raferty']	1.0
disk-4600n	['IIndex', 'modified_hubert_t', 'Banfeld_Raferty']	1.0
disk-4600n	['i_index', 'Scott_Symons', 'Banfeld_Raferty']	-0.13383458646616542
disk-4600n	['McClain_Rao', 'Dunns_index', 'Banfeld_Raferty']	-0.18646616541353384
zelnik4	['SDBW', 'IIndex', 'Banfeld_Raferty']	1.0
zelnik4	['SDBW', 'modified_hubert_t', 'Banfeld_Raferty']	1.0
zelnik4	['IIndex', 'modified_hubert_t', 'Banfeld_Raferty']	1.0
zelnik4	['i_index', 'Scott_Symons', 'Banfeld_Raferty']	1.0
zelnik4	['McClain_Rao', 'Dunns_index', 'Banfeld_Raferty']	0.5535714285714285
3MC	['SDBW', 'IIndex', 'Banfeld_Raferty']	1.0
3MC	['SDBW', 'modified_hubert_t', 'Banfeld_Raferty']	1.0
3MC	['IIndex', 'modified_hubert_t', 'Banfeld_Raferty']	1.0
3MC	['McClain_Rao', 'Dunns_index', 'Banfeld_Raferty']	-0.022556390977443608
3MC	['i_index', 'Scott_Symons', 'Banfeld_Raferty']	-0.12932330827067667
dpb	['SDBW', 'IIndex', 'Banfeld_Raferty']	0.9999999999999999
dpb	['McClain_Rao', 'Dunns_index', 'Banfeld_Raferty']	0.9999999999999999
dpb	['SDBW', 'modified_hubert_t', 'Banfeld_Raferty']	0.9999999999999999
dpb	['IIndex', 'modified_hubert_t', 'Banfeld_Raferty']	0.9999999999999999
dpb	['i_index', 'Scott_Symons', 'Banfeld_Raferty']	0.9999999999999999
2d-3c-no123	['SDBW', 'IIndex', 'Banfeld_Raferty']	1.0
2d-3c-no123	['SDBW', 'modified_hubert_t', 'Banfeld_Raferty']	1.0
2d-3c-no123	['IIndex', 'modified_hubert_t', 'Banfeld_Raferty']	1.0
2d-3c-no123	['i_index', 'Scott_Symons', 'Banfeld_Raferty']	0.27518796992481204
2d-3c-no123	['McClain_Rao', 'Dunns_index', 'Banfeld_Raferty']	-0.1969924812030075
cassini	['SDBW', 'IIndex', 'Banfeld_Raferty']	1.0
cassini	['SDBW', 'modified_hubert_t', 'Banfeld_Raferty']	1.0
cassini	['IIndex', 'modified_hubert_t', 'Banfeld_Raferty']	1.0
cassini	['i_index', 'Scott_Symons', 'Banfeld_Raferty']	0.03909774436090225
cassini	['McClain_Rao', 'Dunns_index', 'Banfeld_Raferty']	-0.5413533834586466
dartboard1	['SDBW', 'IIndex', 'Banfeld_Raferty']	1.0
dartboard1	['SDBW', 'modified_hubert_t', 'Banfeld_Raferty']	1.0
dartboard1	['IIndex', 'modified_hubert_t', 'Banfeld_Raferty']	1.0
dartboard1	['McClain_Rao', 'Dunns_index', 'Banfeld_Raferty']	0.3924812030075188
dartboard1	['i_index', 'Scott_Symons', 'Banfeld_Raferty']	-0.15037593984962402
glass	['SDBW', 'IIndex', 'Banfeld_Raferty']	1.0
glass	['SDBW', 'modified_hubert_t', 'Banfeld_Raferty']	1.0
glass	['IIndex', 'modified_hubert_t', 'Banfeld_Raferty']	1.0
glass	['McClain_Rao', 'Dunns_index', 'Banfeld_Raferty']	0.7819548872180451
glass	['i_index', 'Scott_Symons', 'Banfeld_Raferty']	-0.41654135338345866
spiral	['SDBW', 'IIndex', 'Banfeld_Raferty']	1.0
spiral	['SDBW', 'modified_hubert_t', 'Banfeld_Raferty']	1.0
spiral	['IIndex', 'modified_hubert_t', 'Banfeld_Raferty']	1.0
spiral	['McClain_Rao', 'Dunns_index', 'Banfeld_Raferty']	0.32631578947368417
spiral	['i_index', 'Scott_Symons', 'Banfeld_Raferty']	0.1789473684210526
balance-scale	['SDBW', 'IIndex', 'Banfeld_Raferty']	1.0
balance-scale	['SDBW', 'modified_hubert_t', 'Banfeld_Raferty']	1.0
balance-scale	['IIndex', 'modified_hubert_t', 'Banfeld_Raferty']	1.0
balance-scale	['i_index', 'Scott_Symons', 'Banfeld_Raferty']	0.7684210526315788
balance-scale	['McClain_Rao', 'Dunns_index', 'Banfeld_Raferty']	0.5864661654135337
pathbased	['SDBW', 'IIndex', 'Banfeld_Raferty']	1.0
pathbased	['SDBW', 'modified_hubert_t', 'Banfeld_Raferty']	1.0
pathbased	['IIndex', 'modified_hubert_t', 'Banfeld_Raferty']	1.0
pathbased	['McClain_Rao', 'Dunns_index', 'Banfeld_Raferty']	0.4240601503759398
pathbased	['i_index', 'Scott_Symons', 'Banfeld_Raferty']	0.4240601503759398
diamond9	['SDBW', 'IIndex', 'Banfeld_Raferty']	1.0
diamond9	['SDBW', 'modified_hubert_t', 'Banfeld_Raferty']	1.0
diamond9	['IIndex', 'modified_hubert_t', 'Banfeld_Raferty']	1.0
diamond9	['McClain_Rao', 'Dunns_index', 'Banfeld_Raferty']	0.306766917293233
diamond9	['i_index', 'Scott_Symons', 'Banfeld_Raferty']	-0.4812030075187969
tae	['SDBW', 'IIndex', 'Banfeld_Raferty']	1.0
tae	['McClain_Rao', 'Dunns_index', 'Banfeld_Raferty']	1.0
tae	['SDBW', 'modified_hubert_t', 'Banfeld_Raferty']	1.0
tae	['IIndex', 'modified_hubert_t', 'Banfeld_Raferty']	1.0
tae	['i_index', 'Scott_Symons', 'Banfeld_Raferty']	1.0
longsquare	['SDBW', 'IIndex', 'Banfeld_Raferty']	1.0
longsquare	['McClain_Rao', 'Dunns_index', 'Banfeld_Raferty']	1.0
longsquare	['SDBW', 'modified_hubert_t', 'Banfeld_Raferty']	1.0
longsquare	['IIndex', 'modified_hubert_t', 'Banfeld_Raferty']	1.0
longsquare	['i_index', 'Scott_Symons', 'Banfeld_Raferty']	1.0
2d-4c-no9	['SDBW', 'IIndex', 'Banfeld_Raferty']	1.0
2d-4c-no9	['McClain_Rao', 'Dunns_index', 'Banfeld_Raferty']	1.0
2d-4c-no9	['SDBW', 'modified_hubert_t', 'Banfeld_Raferty']	1.0
2d-4c-no9	['IIndex', 'modified_hubert_t', 'Banfeld_Raferty']	1.0
2d-4c-no9	['i_index', 'Scott_Symons', 'Banfeld_Raferty']	1.0
hepta	['SDBW', 'IIndex', 'Banfeld_Raferty']	1.0
hepta	['SDBW', 'modified_hubert_t', 'Banfeld_Raferty']	1.0
hepta	['IIndex', 'modified_hubert_t', 'Banfeld_Raferty']	1.0
hepta	['McClain_Rao', 'Dunns_index', 'Banfeld_Raferty']	0.7894736842105263
hepta	['i_index', 'Scott_Symons', 'Banfeld_Raferty']	0.037593984962406006
square4	['SDBW', 'IIndex', 'Banfeld_Raferty']	1.0
square4	['SDBW', 'modified_hubert_t', 'Banfeld_Raferty']	1.0
square4	['IIndex', 'modified_hubert_t', 'Banfeld_Raferty']	1.0
square4	['i_index', 'Scott_Symons', 'Banfeld_Raferty']	-0.06616541353383458
square4	['McClain_Rao', 'Dunns_index', 'Banfeld_Raferty']	-0.24511278195488717
lsun	['SDBW', 'IIndex', 'Banfeld_Raferty']	1.0
lsun	['SDBW', 'modified_hubert_t', 'Banfeld_Raferty']	1.0
lsun	['IIndex', 'modified_hubert_t', 'Banfeld_Raferty']	1.0
lsun	['McClain_Rao', 'Dunns_index', 'Banfeld_Raferty']	0.24962406015037594
lsun	['i_index', 'Scott_Symons', 'Banfeld_Raferty']	0.22255639097744356
xclara	['SDBW', 'IIndex', 'Banfeld_Raferty']	1.0
xclara	['McClain_Rao', 'Dunns_index', 'Banfeld_Raferty']	1.0
xclara	['SDBW', 'modified_hubert_t', 'Banfeld_Raferty']	1.0
xclara	['IIndex', 'modified_hubert_t', 'Banfeld_Raferty']	1.0
xclara	['i_index', 'Scott_Symons', 'Banfeld_Raferty']	1.0
aml28	['SDBW', 'IIndex', 'Banfeld_Raferty']	1.0
aml28	['McClain_Rao', 'Dunns_index', 'Banfeld_Raferty']	1.0
aml28	['SDBW', 'modified_hubert_t', 'Banfeld_Raferty']	1.0
aml28	['IIndex', 'modified_hubert_t', 'Banfeld_Raferty']	1.0
aml28	['i_index', 'Scott_Symons', 'Banfeld_Raferty']	1.0
smile2	['SDBW', 'IIndex', 'Banfeld_Raferty']	1.0
smile2	['McClain_Rao', 'Dunns_index', 'Banfeld_Raferty']	1.0
smile2	['SDBW', 'modified_hubert_t', 'Banfeld_Raferty']	1.0
smile2	['IIndex', 'modified_hubert_t', 'Banfeld_Raferty']	1.0
smile2	['i_index', 'Scott_Symons', 'Banfeld_Raferty']	1.0
dense-disk-5000	['SDBW', 'IIndex', 'Banfeld_Raferty']	1.0
dense-disk-5000	['SDBW', 'modified_hubert_t', 'Banfeld_Raferty']	1.0
dense-disk-5000	['IIndex', 'modified_hubert_t', 'Banfeld_Raferty']	1.0
dense-disk-5000	['i_index', 'Scott_Symons', 'Banfeld_Raferty']	0.2150375939849624
dense-disk-5000	['McClain_Rao', 'Dunns_index', 'Banfeld_Raferty']	-0.26766917293233083
zelnik1	['SDBW', 'IIndex', 'Banfeld_Raferty']	0.9999999999999999
zelnik1	['McClain_Rao', 'Dunns_index', 'Banfeld_Raferty']	0.9999999999999999
zelnik1	['SDBW', 'modified_hubert_t', 'Banfeld_Raferty']	0.9999999999999999
zelnik1	['IIndex', 'modified_hubert_t', 'Banfeld_Raferty']	0.9999999999999999
zelnik1	['i_index', 'Scott_Symons', 'Banfeld_Raferty']	0.9999999999999999
DS-850	['SDBW', 'IIndex', 'Banfeld_Raferty']	1.0
DS-850	['SDBW', 'modified_hubert_t', 'Banfeld_Raferty']	1.0
DS-850	['IIndex', 'modified_hubert_t', 'Banfeld_Raferty']	1.0
DS-850	['i_index', 'Scott_Symons', 'Banfeld_Raferty']	0.07969924812030074
DS-850	['McClain_Rao', 'Dunns_index', 'Banfeld_Raferty']	-0.09624060150375939
tetra	['SDBW', 'IIndex', 'Banfeld_Raferty']	1.0
tetra	['SDBW', 'modified_hubert_t', 'Banfeld_Raferty']	1.0
tetra	['IIndex', 'modified_hubert_t', 'Banfeld_Raferty']	1.0
tetra	['McClain_Rao', 'Dunns_index', 'Banfeld_Raferty']	0.35639097744360904
tetra	['i_index', 'Scott_Symons', 'Banfeld_Raferty']	-0.23308270676691725
hypercube	['SDBW', 'IIndex', 'Banfeld_Raferty']	1.0
hypercube	['SDBW', 'modified_hubert_t', 'Banfeld_Raferty']	1.0
hypercube	['IIndex', 'modified_hubert_t', 'Banfeld_Raferty']	1.0
hypercube	['McClain_Rao', 'Dunns_index', 'Banfeld_Raferty']	-0.3278195488721804
hypercube	['i_index', 'Scott_Symons', 'Banfeld_Raferty']	-0.3293233082706767
xor	['SDBW', 'IIndex', 'Banfeld_Raferty']	1.0
xor	['SDBW', 'modified_hubert_t', 'Banfeld_Raferty']	1.0
xor	['IIndex', 'modified_hubert_t', 'Banfeld_Raferty']	1.0
xor	['i_index', 'Scott_Symons', 'Banfeld_Raferty']	0.2045112781954887
xor	['McClain_Rao', 'Dunns_index', 'Banfeld_Raferty']	0.0
dpc	['SDBW', 'IIndex', 'Banfeld_Raferty']	0.9999999999999999
dpc	['McClain_Rao', 'Dunns_index', 'Banfeld_Raferty']	0.9999999999999999
dpc	['SDBW', 'modified_hubert_t', 'Banfeld_Raferty']	0.9999999999999999
dpc	['IIndex', 'modified_hubert_t', 'Banfeld_Raferty']	0.9999999999999999
dpc	['i_index', 'Scott_Symons', 'Banfeld_Raferty']	-0.5151515151515151
donutcurves	['SDBW', 'IIndex', 'Banfeld_Raferty']	0.9999999999999999
donutcurves	['McClain_Rao', 'Dunns_index', 'Banfeld_Raferty']	0.9999999999999999
donutcurves	['SDBW', 'modified_hubert_t', 'Banfeld_Raferty']	0.9999999999999999
donutcurves	['IIndex', 'modified_hubert_t', 'Banfeld_Raferty']	0.9999999999999999
donutcurves	['i_index', 'Scott_Symons', 'Banfeld_Raferty']	0.9999999999999999
long2	['SDBW', 'IIndex', 'Banfeld_Raferty']	1.0
long2	['SDBW', 'modified_hubert_t', 'Banfeld_Raferty']	1.0
long2	['IIndex', 'modified_hubert_t', 'Banfeld_Raferty']	1.0
long2	['McClain_Rao', 'Dunns_index', 'Banfeld_Raferty']	0.5278195488721804
long2	['i_index', 'Scott_Symons', 'Banfeld_Raferty']	-0.32481203007518794
chainlink	['SDBW', 'IIndex', 'Banfeld_Raferty']	1.0
chainlink	['SDBW', 'modified_hubert_t', 'Banfeld_Raferty']	1.0
chainlink	['IIndex', 'modified_hubert_t', 'Banfeld_Raferty']	1.0
chainlink	['McClain_Rao', 'Dunns_index', 'Banfeld_Raferty']	-0.11578947368421053
chainlink	['i_index', 'Scott_Symons', 'Banfeld_Raferty']	-0.2706766917293233
