engytime	['Banfeld_Raferty']	0.6541353383458646
engytime	['modified_hubert_t']	0.3609022556390977
engytime	['i_index']	0.9969924812030074
engytime	['McClain_Rao']	0.8045112781954886
engytime	['IIndex']	0.3609022556390977
engytime	['Dunns_index']	0.5609022556390978
engytime	['Scott_Symons']	0.6541353383458646
engytime	['SDBW']	0.3609022556390977
engytime	['s_dbw']	0.8526315789473683
engytime	['Davies_Bouldin']	0.8526315789473683
engytime	['PBM_index']	0.9518796992481202
engytime	['Ratkowsky_Lance']	0.7834586466165413
engytime	['Ray_Turi']	0.8345864661654135
ds577	['Banfeld_Raferty']	0.4586466165413533
ds577	['modified_hubert_t']	-0.016541353383458645
ds577	['i_index']	0.5924812030075187
ds577	['McClain_Rao']	0.6526315789473683
ds577	['IIndex']	-0.016541353383458645
ds577	['Dunns_index']	0.5684210526315789
ds577	['Scott_Symons']	0.4992481203007519
ds577	['SDBW']	-0.016541353383458645
ds577	['s_dbw']	0.4842105263157894
ds577	['Davies_Bouldin']	0.5082706766917292
ds577	['PBM_index']	0.7263157894736841
ds577	['Ratkowsky_Lance']	0.544360902255639
ds577	['Ray_Turi']	0.5954887218045113
segment	['Banfeld_Raferty']	1.0
segment	['modified_hubert_t']	1.0
segment	['i_index']	1.0
segment	['McClain_Rao']	1.0
segment	['IIndex']	1.0
segment	['Dunns_index']	1.0
segment	['Scott_Symons']	1.0
segment	['SDBW']	1.0
segment	['s_dbw']	1.0
segment	['Davies_Bouldin']	1.0
segment	['PBM_index']	1.0
segment	['Ratkowsky_Lance']	1.0
segment	['Ray_Turi']	1.0
2d-4c	['Banfeld_Raferty']	0.8285714285714285
2d-4c	['modified_hubert_t']	0.27669172932330827
2d-4c	['i_index']	0.7503759398496239
2d-4c	['McClain_Rao']	0.5548872180451127
2d-4c	['IIndex']	0.27669172932330827
2d-4c	['Dunns_index']	0.7488721804511278
2d-4c	['Scott_Symons']	0.831578947368421
2d-4c	['SDBW']	0.27669172932330827
2d-4c	['s_dbw']	0.3157894736842105
2d-4c	['Davies_Bouldin']	0.882706766917293
2d-4c	['PBM_index']	0.7654135338345864
2d-4c	['Ratkowsky_Lance']	0.7654135338345864
2d-4c	['Ray_Turi']	0.8105263157894737
xclara	['Banfeld_Raferty']	0.7954887218045112
xclara	['modified_hubert_t']	-0.060150375939849614
xclara	['i_index']	0.8721804511278194
xclara	['McClain_Rao']	0.7729323308270677
xclara	['IIndex']	-0.060150375939849614
xclara	['Dunns_index']	0.6977443609022556
xclara	['Scott_Symons']	0.7157894736842104
xclara	['SDBW']	-0.060150375939849614
xclara	['s_dbw']	0.24812030075187969
xclara	['Davies_Bouldin']	0.7293233082706766
xclara	['PBM_index']	0.8721804511278194
xclara	['Ratkowsky_Lance']	0.3203007518796992
xclara	['Ray_Turi']	0.8721804511278194
flame	['Banfeld_Raferty']	0.7902097902097903
flame	['modified_hubert_t']	0.5384615384615385
flame	['i_index']	0.8741258741258742
flame	['McClain_Rao']	0.7902097902097903
flame	['IIndex']	0.5384615384615385
flame	['Dunns_index']	0.8741258741258742
flame	['Scott_Symons']	1.0
flame	['SDBW']	0.5384615384615385
flame	['s_dbw']	0.6643356643356644
flame	['Davies_Bouldin']	1.0
flame	['PBM_index']	1.0
flame	['Ratkowsky_Lance']	0.8111888111888113
flame	['Ray_Turi']	1.0
iono	['Banfeld_Raferty']	0.6706766917293233
iono	['modified_hubert_t']	0.31127819548872177
iono	['i_index']	0.5413533834586466
iono	['McClain_Rao']	0.4030075187969925
iono	['IIndex']	0.31127819548872177
iono	['Dunns_index']	0.38796992481203
iono	['Scott_Symons']	0.31127819548872177
iono	['SDBW']	0.31127819548872177
iono	['s_dbw']	0.19548872180451127
iono	['Davies_Bouldin']	0.6406015037593984
iono	['PBM_index']	0.8992481203007519
iono	['Ratkowsky_Lance']	0.15037593984962402
iono	['Ray_Turi']	0.6661654135338345
tae	['Banfeld_Raferty']	0.7699248120300751
tae	['modified_hubert_t']	0.7699248120300751
tae	['i_index']	0.7699248120300751
tae	['McClain_Rao']	0.7699248120300751
tae	['IIndex']	0.7699248120300751
tae	['Dunns_index']	0.7699248120300751
tae	['Scott_Symons']	0.7699248120300751
tae	['SDBW']	0.7699248120300751
tae	['s_dbw']	0.7699248120300751
tae	['Davies_Bouldin']	0.7699248120300751
tae	['PBM_index']	0.7699248120300751
tae	['Ratkowsky_Lance']	1.0
tae	['Ray_Turi']	0.7699248120300751
cure-t2-4k	['Banfeld_Raferty']	0.8962406015037594
cure-t2-4k	['modified_hubert_t']	0.4766917293233082
cure-t2-4k	['i_index']	0.8962406015037594
cure-t2-4k	['McClain_Rao']	0.8962406015037594
cure-t2-4k	['IIndex']	0.4766917293233082
cure-t2-4k	['Dunns_index']	1.0
cure-t2-4k	['Scott_Symons']	0.8962406015037594
cure-t2-4k	['SDBW']	0.4766917293233082
cure-t2-4k	['s_dbw']	0.8962406015037594
cure-t2-4k	['Davies_Bouldin']	0.8962406015037594
cure-t2-4k	['PBM_index']	0.8962406015037594
cure-t2-4k	['Ratkowsky_Lance']	0.8962406015037594
cure-t2-4k	['Ray_Turi']	0.8962406015037594
shapes	['Banfeld_Raferty']	-0.33082706766917286
shapes	['modified_hubert_t']	1.0
shapes	['i_index']	-0.5413533834586466
shapes	['McClain_Rao']	-0.10977443609022557
shapes	['IIndex']	1.0
shapes	['Dunns_index']	0.5984962406015037
shapes	['Scott_Symons']	-0.10977443609022557
shapes	['SDBW']	1.0
shapes	['s_dbw']	-0.33082706766917286
shapes	['Davies_Bouldin']	0.048120300751879695
shapes	['PBM_index']	-0.5413533834586466
shapes	['Ratkowsky_Lance']	-0.010526315789473682
shapes	['Ray_Turi']	0.4586466165413533
long3	['Banfeld_Raferty']	0.5503759398496241
long3	['modified_hubert_t']	0.16691729323308271
long3	['i_index']	0.5097744360902255
long3	['McClain_Rao']	0.6060150375939849
long3	['IIndex']	0.16691729323308271
long3	['Dunns_index']	0.20902255639097742
long3	['Scott_Symons']	0.5503759398496241
long3	['SDBW']	0.16691729323308271
long3	['s_dbw']	0.9684210526315788
long3	['Davies_Bouldin']	0.5699248120300752
long3	['PBM_index']	0.5233082706766917
long3	['Ratkowsky_Lance']	0.41804511278195483
long3	['Ray_Turi']	0.27669172932330827
ecoli	['Banfeld_Raferty']	0.3714285714285714
ecoli	['modified_hubert_t']	0.003007518796992481
ecoli	['i_index']	0.27518796992481204
ecoli	['McClain_Rao']	0.5609022556390978
ecoli	['IIndex']	0.003007518796992481
ecoli	['Dunns_index']	0.11278195488721804
ecoli	['Scott_Symons']	0.003007518796992481
ecoli	['SDBW']	0.003007518796992481
ecoli	['s_dbw']	0.4060150375939849
ecoli	['Davies_Bouldin']	0.46917293233082696
ecoli	['PBM_index']	0.49323308270676686
ecoli	['Ratkowsky_Lance']	0.6360902255639098
ecoli	['Ray_Turi']	0.4195488721804511
2sp2glob	['Banfeld_Raferty']	0.9067669172932331
2sp2glob	['modified_hubert_t']	-0.14436090225563908
2sp2glob	['i_index']	0.7353383458646616
2sp2glob	['McClain_Rao']	0.7563909774436091
2sp2glob	['IIndex']	-0.14436090225563908
2sp2glob	['Dunns_index']	0.6947368421052631
2sp2glob	['Scott_Symons']	0.8766917293233082
2sp2glob	['SDBW']	-0.14436090225563908
2sp2glob	['s_dbw']	-0.14436090225563908
2sp2glob	['Davies_Bouldin']	0.6932330827067669
2sp2glob	['PBM_index']	0.6541353383458646
2sp2glob	['Ratkowsky_Lance']	0.6210526315789473
2sp2glob	['Ray_Turi']	0.7654135338345864
long2	['Banfeld_Raferty']	0.8691729323308269
long2	['modified_hubert_t']	0.13834586466165413
long2	['i_index']	0.631578947368421
long2	['McClain_Rao']	0.2541353383458646
long2	['IIndex']	0.13834586466165413
long2	['Dunns_index']	0.20150375939849624
long2	['Scott_Symons']	0.20150375939849624
long2	['SDBW']	0.13834586466165413
long2	['s_dbw']	0.051127819548872175
long2	['Davies_Bouldin']	0.20150375939849624
long2	['PBM_index']	0.33533834586466166
long2	['Ratkowsky_Lance']	0.1894736842105263
long2	['Ray_Turi']	0.024060150375939848
2d-4c-no4	['Banfeld_Raferty']	0.5187969924812029
2d-4c-no4	['modified_hubert_t']	-0.07218045112781954
2d-4c-no4	['i_index']	0.7233082706766917
2d-4c-no4	['McClain_Rao']	0.6481203007518795
2d-4c-no4	['IIndex']	-0.07218045112781954
2d-4c-no4	['Dunns_index']	0.6345864661654135
2d-4c-no4	['Scott_Symons']	0.4466165413533834
2d-4c-no4	['SDBW']	-0.07218045112781954
2d-4c-no4	['s_dbw']	-0.16240601503759397
2d-4c-no4	['Davies_Bouldin']	0.6285714285714286
2d-4c-no4	['PBM_index']	0.7263157894736841
2d-4c-no4	['Ratkowsky_Lance']	0.7112781954887217
2d-4c-no4	['Ray_Turi']	0.7263157894736841
cluto-t7-10k	['Banfeld_Raferty']	0.9472527472527472
cluto-t7-10k	['modified_hubert_t']	0.07252747252747253
cluto-t7-10k	['i_index']	1.0
cluto-t7-10k	['McClain_Rao']	0.9472527472527472
cluto-t7-10k	['IIndex']	0.07252747252747253
cluto-t7-10k	['Dunns_index']	1.0
cluto-t7-10k	['Scott_Symons']	1.0
cluto-t7-10k	['SDBW']	0.07252747252747253
cluto-t7-10k	['s_dbw']	0.07252747252747253
cluto-t7-10k	['Davies_Bouldin']	0.9912087912087912
cluto-t7-10k	['PBM_index']	1.0
cluto-t7-10k	['Ratkowsky_Lance']	0.8593406593406594
cluto-t7-10k	['Ray_Turi']	1.0
target	['Banfeld_Raferty']	-0.14586466165413534
target	['modified_hubert_t']	1.0
target	['i_index']	0.2120300751879699
target	['McClain_Rao']	-0.14586466165413534
target	['IIndex']	1.0
target	['Dunns_index']	0.13383458646616542
target	['Scott_Symons']	-0.14586466165413534
target	['SDBW']	1.0
target	['s_dbw']	-0.14586466165413534
target	['Davies_Bouldin']	-0.14586466165413534
target	['PBM_index']	0.2120300751879699
target	['Ratkowsky_Lance']	-0.14586466165413534
target	['Ray_Turi']	1.0
atom	['Banfeld_Raferty']	0.9472527472527472
atom	['modified_hubert_t']	0.16043956043956045
atom	['i_index']	0.8769230769230769
atom	['McClain_Rao']	0.9472527472527472
atom	['IIndex']	0.16043956043956045
atom	['Dunns_index']	0.7362637362637363
atom	['Scott_Symons']	0.15604395604395604
atom	['SDBW']	0.16043956043956045
atom	['s_dbw']	0.2
atom	['Davies_Bouldin']	0.8857142857142857
atom	['PBM_index']	0.6747252747252748
atom	['Ratkowsky_Lance']	0.7010989010989012
atom	['Ray_Turi']	0.9648351648351648
complex9	['Banfeld_Raferty']	0.8787878787878788
complex9	['modified_hubert_t']	-0.09090909090909088
complex9	['i_index']	0.8303030303030302
complex9	['McClain_Rao']	0.8787878787878788
complex9	['IIndex']	-0.09090909090909088
complex9	['Dunns_index']	0.9999999999999999
complex9	['Scott_Symons']	0.9999999999999999
complex9	['SDBW']	-0.09090909090909088
complex9	['s_dbw']	-0.09090909090909088
complex9	['Davies_Bouldin']	0.7818181818181817
complex9	['PBM_index']	0.9999999999999999
complex9	['Ratkowsky_Lance']	0.6848484848484848
complex9	['Ray_Turi']	0.9999999999999999
elliptical_10_2	['Banfeld_Raferty']	0.8481203007518796
elliptical_10_2	['modified_hubert_t']	-0.018045112781954885
elliptical_10_2	['i_index']	0.5503759398496241
elliptical_10_2	['McClain_Rao']	0.8481203007518796
elliptical_10_2	['IIndex']	-0.018045112781954885
elliptical_10_2	['Dunns_index']	0.6375939849624059
elliptical_10_2	['Scott_Symons']	0.7097744360902255
elliptical_10_2	['SDBW']	-0.018045112781954885
elliptical_10_2	['s_dbw']	-0.03308270676691729
elliptical_10_2	['Davies_Bouldin']	0.8105263157894737
elliptical_10_2	['PBM_index']	0.9338345864661652
elliptical_10_2	['Ratkowsky_Lance']	0.6842105263157895
elliptical_10_2	['Ray_Turi']	0.6992481203007518
impossible	['Banfeld_Raferty']	0.8917293233082706
impossible	['modified_hubert_t']	-0.18646616541353384
impossible	['i_index']	-0.3578947368421052
impossible	['McClain_Rao']	0.9082706766917292
impossible	['IIndex']	-0.18646616541353384
impossible	['Dunns_index']	0.7729323308270677
impossible	['Scott_Symons']	0.8917293233082706
impossible	['SDBW']	-0.18646616541353384
impossible	['s_dbw']	-0.18646616541353384
impossible	['Davies_Bouldin']	0.8616541353383457
impossible	['PBM_index']	-0.362406015037594
impossible	['Ratkowsky_Lance']	-0.2150375939849624
impossible	['Ray_Turi']	0.8781954887218045
spherical_4_3	['Banfeld_Raferty']	0.19248120300751878
spherical_4_3	['modified_hubert_t']	0.06165413533834586
spherical_4_3	['i_index']	0.9022556390977443
spherical_4_3	['McClain_Rao']	0.19248120300751878
spherical_4_3	['IIndex']	0.06165413533834586
spherical_4_3	['Dunns_index']	0.7969924812030074
spherical_4_3	['Scott_Symons']	-0.025563909774436087
spherical_4_3	['SDBW']	0.06165413533834586
spherical_4_3	['s_dbw']	0.15037593984962402
spherical_4_3	['Davies_Bouldin']	0.849624060150376
spherical_4_3	['PBM_index']	0.9548872180451128
spherical_4_3	['Ratkowsky_Lance']	0.5172932330827067
spherical_4_3	['Ray_Turi']	1.0
disk-4500n	['Banfeld_Raferty']	0.6902255639097743
disk-4500n	['modified_hubert_t']	-0.05413533834586466
disk-4500n	['i_index']	0.7624060150375939
disk-4500n	['McClain_Rao']	0.6992481203007518
disk-4500n	['IIndex']	-0.05413533834586466
disk-4500n	['Dunns_index']	0.42556390977443603
disk-4500n	['Scott_Symons']	0.6150375939849623
disk-4500n	['SDBW']	-0.05413533834586466
disk-4500n	['s_dbw']	-0.03609022556390977
disk-4500n	['Davies_Bouldin']	0.7353383458646616
disk-4500n	['PBM_index']	0.7624060150375939
disk-4500n	['Ratkowsky_Lance']	0.6962406015037594
disk-4500n	['Ray_Turi']	0.6210526315789473
wingnut	['Banfeld_Raferty']	1.0
wingnut	['modified_hubert_t']	0.4789473684210526
wingnut	['i_index']	0.10350877192982455
wingnut	['McClain_Rao']	-0.09473684210526316
wingnut	['IIndex']	0.4789473684210526
wingnut	['Dunns_index']	0.2912280701754386
wingnut	['Scott_Symons']	1.0
wingnut	['SDBW']	0.4789473684210526
wingnut	['s_dbw']	0.9087719298245613
wingnut	['Davies_Bouldin']	0.9842105263157893
wingnut	['PBM_index']	0.10350877192982455
wingnut	['Ratkowsky_Lance']	0.10350877192982455
wingnut	['Ray_Turi']	0.32280701754385965
zelnik2	['Banfeld_Raferty']	0.3142857142857143
zelnik2	['modified_hubert_t']	-0.12481203007518797
zelnik2	['i_index']	0.2150375939849624
zelnik2	['McClain_Rao']	0.1609022556390977
zelnik2	['IIndex']	-0.12481203007518797
zelnik2	['Dunns_index']	0.2541353383458646
zelnik2	['Scott_Symons']	0.3142857142857143
zelnik2	['SDBW']	-0.12481203007518797
zelnik2	['s_dbw']	-0.23308270676691725
zelnik2	['Davies_Bouldin']	-0.18045112781954886
zelnik2	['PBM_index']	0.1609022556390977
zelnik2	['Ratkowsky_Lance']	0.312781954887218
zelnik2	['Ray_Turi']	0.5864661654135337
cure-t1-2000n-2D	['Banfeld_Raferty']	0.8962406015037594
cure-t1-2000n-2D	['modified_hubert_t']	0.4766917293233082
cure-t1-2000n-2D	['i_index']	0.8962406015037594
cure-t1-2000n-2D	['McClain_Rao']	0.8962406015037594
cure-t1-2000n-2D	['IIndex']	0.4766917293233082
cure-t1-2000n-2D	['Dunns_index']	1.0
cure-t1-2000n-2D	['Scott_Symons']	0.8962406015037594
cure-t1-2000n-2D	['SDBW']	0.4766917293233082
cure-t1-2000n-2D	['s_dbw']	0.8962406015037594
cure-t1-2000n-2D	['Davies_Bouldin']	1.0
cure-t1-2000n-2D	['PBM_index']	0.8962406015037594
cure-t1-2000n-2D	['Ratkowsky_Lance']	0.8962406015037594
cure-t1-2000n-2D	['Ray_Turi']	0.8962406015037594
3-spiral	['Banfeld_Raferty']	0.7834586466165413
3-spiral	['modified_hubert_t']	0.2045112781954887
3-spiral	['i_index']	0.849624060150376
3-spiral	['McClain_Rao']	0.6
3-spiral	['IIndex']	0.2045112781954887
3-spiral	['Dunns_index']	0.4781954887218045
3-spiral	['Scott_Symons']	0.9518796992481202
3-spiral	['SDBW']	0.2045112781954887
3-spiral	['s_dbw']	0.49624060150375937
3-spiral	['Davies_Bouldin']	0.801503759398496
3-spiral	['PBM_index']	0.9518796992481202
3-spiral	['Ratkowsky_Lance']	0.7263157894736841
3-spiral	['Ray_Turi']	0.849624060150376
simplex	['Banfeld_Raferty']	-0.2781954887218045
simplex	['modified_hubert_t']	1.0
simplex	['i_index']	1.0
simplex	['McClain_Rao']	-0.2781954887218045
simplex	['IIndex']	1.0
simplex	['Dunns_index']	1.0
simplex	['Scott_Symons']	-0.2781954887218045
simplex	['SDBW']	1.0
simplex	['s_dbw']	1.0
simplex	['Davies_Bouldin']	1.0
simplex	['PBM_index']	1.0
simplex	['Ratkowsky_Lance']	-0.2781954887218045
simplex	['Ray_Turi']	1.0
ds2c2sc13	['Banfeld_Raferty']	1.0
ds2c2sc13	['modified_hubert_t']	1.0
ds2c2sc13	['i_index']	1.0
ds2c2sc13	['McClain_Rao']	1.0
ds2c2sc13	['IIndex']	1.0
ds2c2sc13	['Dunns_index']	1.0
ds2c2sc13	['Scott_Symons']	1.0
ds2c2sc13	['SDBW']	1.0
ds2c2sc13	['s_dbw']	1.0
ds2c2sc13	['Davies_Bouldin']	1.0
ds2c2sc13	['PBM_index']	1.0
ds2c2sc13	['Ratkowsky_Lance']	1.0
ds2c2sc13	['Ray_Turi']	1.0
square4	['Banfeld_Raferty']	0.8646616541353382
square4	['modified_hubert_t']	0.1789473684210526
square4	['i_index']	0.8466165413533834
square4	['McClain_Rao']	0.9112781954887217
square4	['IIndex']	0.1789473684210526
square4	['Dunns_index']	0.7684210526315788
square4	['Scott_Symons']	0.9909774436090225
square4	['SDBW']	0.1789473684210526
square4	['s_dbw']	0.07368421052631578
square4	['Davies_Bouldin']	0.9278195488721804
square4	['PBM_index']	0.8466165413533834
square4	['Ratkowsky_Lance']	0.07518796992481201
square4	['Ray_Turi']	0.9864661654135337
lsun	['Banfeld_Raferty']	1.0
lsun	['modified_hubert_t']	0.6075187969924812
lsun	['i_index']	0.2706766917293233
lsun	['McClain_Rao']	0.24661654135338343
lsun	['IIndex']	0.6075187969924812
lsun	['Dunns_index']	0.22255639097744356
lsun	['Scott_Symons']	1.0
lsun	['SDBW']	0.6075187969924812
lsun	['s_dbw']	1.0
lsun	['Davies_Bouldin']	0.42556390977443603
lsun	['PBM_index']	0.193984962406015
lsun	['Ratkowsky_Lance']	0.030075187969924807
lsun	['Ray_Turi']	0.14436090225563908
fourty	['Banfeld_Raferty']	0.8556390977443609
fourty	['modified_hubert_t']	0.1789473684210526
fourty	['i_index']	0.8812030075187969
fourty	['McClain_Rao']	0.8451127819548873
fourty	['IIndex']	0.1789473684210526
fourty	['Dunns_index']	0.9278195488721804
fourty	['Scott_Symons']	0.9909774436090225
fourty	['SDBW']	0.1789473684210526
fourty	['s_dbw']	0.1789473684210526
fourty	['Davies_Bouldin']	0.8962406015037594
fourty	['PBM_index']	0.9218045112781955
fourty	['Ratkowsky_Lance']	-0.05563909774436089
fourty	['Ray_Turi']	0.8766917293233082
spherical_5_2	['Banfeld_Raferty']	0.8390977443609022
spherical_5_2	['modified_hubert_t']	0.16541353383458643
spherical_5_2	['i_index']	0.8796992481203006
spherical_5_2	['McClain_Rao']	0.8541353383458646
spherical_5_2	['IIndex']	0.16541353383458643
spherical_5_2	['Dunns_index']	0.7518796992481201
spherical_5_2	['Scott_Symons']	0.8646616541353382
spherical_5_2	['SDBW']	0.16541353383458643
spherical_5_2	['s_dbw']	0.16541353383458643
spherical_5_2	['Davies_Bouldin']	0.9639097744360902
spherical_5_2	['PBM_index']	0.9864661654135337
spherical_5_2	['Ratkowsky_Lance']	-0.1819548872180451
spherical_5_2	['Ray_Turi']	0.9714285714285714
xor	['Banfeld_Raferty']	0.9338345864661652
xor	['modified_hubert_t']	-0.1533834586466165
xor	['i_index']	0.015037593984962403
xor	['McClain_Rao']	0.6285714285714286
xor	['IIndex']	-0.1533834586466165
xor	['Dunns_index']	0.7999999999999999
xor	['Scott_Symons']	0.19548872180451127
xor	['SDBW']	-0.1533834586466165
xor	['s_dbw']	0.0
xor	['Davies_Bouldin']	0.9548872180451128
xor	['PBM_index']	0.015037593984962403
xor	['Ratkowsky_Lance']	0.5578947368421052
xor	['Ray_Turi']	-0.016541353383458645
2d-10c	['Banfeld_Raferty']	0.6872180451127818
2d-10c	['modified_hubert_t']	-0.07218045112781954
2d-10c	['i_index']	0.6812030075187969
2d-10c	['McClain_Rao']	0.6781954887218045
2d-10c	['IIndex']	-0.07218045112781954
2d-10c	['Dunns_index']	0.6075187969924812
2d-10c	['Scott_Symons']	0.9669172932330825
2d-10c	['SDBW']	-0.07218045112781954
2d-10c	['s_dbw']	-0.07218045112781954
2d-10c	['Davies_Bouldin']	0.7142857142857143
2d-10c	['PBM_index']	0.6812030075187969
2d-10c	['Ratkowsky_Lance']	0.8045112781954886
2d-10c	['Ray_Turi']	0.8586466165413533
sizes5	['Banfeld_Raferty']	0.9233082706766916
sizes5	['modified_hubert_t']	0.1789473684210526
sizes5	['i_index']	0.9157894736842105
sizes5	['McClain_Rao']	0.8736842105263156
sizes5	['IIndex']	0.1789473684210526
sizes5	['Dunns_index']	0.6375939849624059
sizes5	['Scott_Symons']	0.9729323308270676
sizes5	['SDBW']	0.1789473684210526
sizes5	['s_dbw']	0.013533834586466165
sizes5	['Davies_Bouldin']	0.837593984962406
sizes5	['PBM_index']	0.9233082706766916
sizes5	['Ratkowsky_Lance']	0.37293233082706767
sizes5	['Ray_Turi']	0.9699248120300751
2d-20c-no0	['Banfeld_Raferty']	0.9278195488721804
2d-20c-no0	['modified_hubert_t']	-0.006015037593984962
2d-20c-no0	['i_index']	0.7593984962406014
2d-20c-no0	['McClain_Rao']	0.6661654135338345
2d-20c-no0	['IIndex']	-0.006015037593984962
2d-20c-no0	['Dunns_index']	0.8406015037593983
2d-20c-no0	['Scott_Symons']	0.9699248120300751
2d-20c-no0	['SDBW']	-0.006015037593984962
2d-20c-no0	['s_dbw']	-0.006015037593984962
2d-20c-no0	['Davies_Bouldin']	0.8676691729323308
2d-20c-no0	['PBM_index']	0.7052631578947368
2d-20c-no0	['Ratkowsky_Lance']	0.8165413533834586
2d-20c-no0	['Ray_Turi']	0.7263157894736841
ds850	['Banfeld_Raferty']	0.5157894736842105
ds850	['modified_hubert_t']	-0.004511278195488721
ds850	['i_index']	0.6721804511278194
ds850	['McClain_Rao']	0.7744360902255639
ds850	['IIndex']	-0.004511278195488721
ds850	['Dunns_index']	0.5022556390977443
ds850	['Scott_Symons']	0.47518796992481205
ds850	['SDBW']	-0.004511278195488721
ds850	['s_dbw']	0.44360902255639095
ds850	['Davies_Bouldin']	0.48872180451127817
ds850	['PBM_index']	0.7022556390977444
ds850	['Ratkowsky_Lance']	0.4060150375939849
ds850	['Ray_Turi']	0.613533834586466
zoo	['Banfeld_Raferty']	-0.06917293233082707
zoo	['modified_hubert_t']	0.7699248120300751
zoo	['i_index']	0.27368421052631575
zoo	['McClain_Rao']	0.27368421052631575
zoo	['IIndex']	0.7699248120300751
zoo	['Dunns_index']	0.23308270676691725
zoo	['Scott_Symons']	0.7699248120300751
zoo	['SDBW']	0.7699248120300751
zoo	['s_dbw']	0.03308270676691729
zoo	['Davies_Bouldin']	-0.3984962406015037
zoo	['PBM_index']	0.012030075187969924
zoo	['Ratkowsky_Lance']	1.0
zoo	['Ray_Turi']	-0.3984962406015037
long1	['Banfeld_Raferty']	0.4676691729323308
long1	['modified_hubert_t']	0.24812030075187969
long1	['i_index']	0.27368421052631575
long1	['McClain_Rao']	0.7037593984962407
long1	['IIndex']	0.24812030075187969
long1	['Dunns_index']	0.6917293233082705
long1	['Scott_Symons']	0.4195488721804511
long1	['SDBW']	0.24812030075187969
long1	['s_dbw']	0.27368421052631575
long1	['Davies_Bouldin']	0.19548872180451127
long1	['PBM_index']	0.40751879699248117
long1	['Ratkowsky_Lance']	-0.030075187969924807
long1	['Ray_Turi']	0.30075187969924805
iris	['Banfeld_Raferty']	0.8541353383458646
iris	['modified_hubert_t']	0.16541353383458643
iris	['i_index']	0.9218045112781955
iris	['McClain_Rao']	0.900751879699248
iris	['IIndex']	0.16541353383458643
iris	['Dunns_index']	0.7218045112781954
iris	['Scott_Symons']	0.16541353383458643
iris	['SDBW']	0.16541353383458643
iris	['s_dbw']	0.22556390977443608
iris	['Davies_Bouldin']	0.8466165413533834
iris	['PBM_index']	0.8706766917293233
iris	['Ratkowsky_Lance']	-0.09473684210526315
iris	['Ray_Turi']	0.8857142857142858
spherical_6_2	['Banfeld_Raferty']	0.7428571428571428
spherical_6_2	['modified_hubert_t']	0.1789473684210526
spherical_6_2	['i_index']	0.8466165413533834
spherical_6_2	['McClain_Rao']	0.7263157894736841
spherical_6_2	['IIndex']	0.1789473684210526
spherical_6_2	['Dunns_index']	0.7127819548872181
spherical_6_2	['Scott_Symons']	0.9954887218045112
spherical_6_2	['SDBW']	0.1789473684210526
spherical_6_2	['s_dbw']	0.09323308270676692
spherical_6_2	['Davies_Bouldin']	0.9954887218045112
spherical_6_2	['PBM_index']	0.8466165413533834
spherical_6_2	['Ratkowsky_Lance']	0.2646616541353383
spherical_6_2	['Ray_Turi']	0.9368421052631578
2d-4c-no9	['Banfeld_Raferty']	0.8736842105263156
2d-4c-no9	['modified_hubert_t']	-0.06616541353383458
2d-4c-no9	['i_index']	0.7774436090225564
2d-4c-no9	['McClain_Rao']	0.8436090225563909
2d-4c-no9	['IIndex']	-0.06616541353383458
2d-4c-no9	['Dunns_index']	0.4661654135338345
2d-4c-no9	['Scott_Symons']	0.918796992481203
2d-4c-no9	['SDBW']	-0.06616541353383458
2d-4c-no9	['s_dbw']	-0.06616541353383458
2d-4c-no9	['Davies_Bouldin']	0.6360902255639098
2d-4c-no9	['PBM_index']	0.7894736842105263
2d-4c-no9	['Ratkowsky_Lance']	0.6390977443609022
2d-4c-no9	['Ray_Turi']	0.900751879699248
haberman	['Banfeld_Raferty']	0.7699248120300751
haberman	['modified_hubert_t']	0.7699248120300751
haberman	['i_index']	0.7097744360902255
haberman	['McClain_Rao']	0.7699248120300751
haberman	['IIndex']	0.7699248120300751
haberman	['Dunns_index']	0.7097744360902255
haberman	['Scott_Symons']	0.7699248120300751
haberman	['SDBW']	0.7699248120300751
haberman	['s_dbw']	0.7699248120300751
haberman	['Davies_Bouldin']	0.7699248120300751
haberman	['PBM_index']	0.7699248120300751
haberman	['Ratkowsky_Lance']	1.0
haberman	['Ray_Turi']	0.7699248120300751
triangle1	['Banfeld_Raferty']	0.9248120300751879
triangle1	['modified_hubert_t']	0.11127819548872178
triangle1	['i_index']	0.8616541353383457
triangle1	['McClain_Rao']	0.932330827067669
triangle1	['IIndex']	0.11127819548872178
triangle1	['Dunns_index']	0.8887218045112781
triangle1	['Scott_Symons']	0.9954887218045112
triangle1	['SDBW']	0.11127819548872178
triangle1	['s_dbw']	0.11127819548872178
triangle1	['Davies_Bouldin']	0.8917293233082706
triangle1	['PBM_index']	0.8616541353383457
triangle1	['Ratkowsky_Lance']	0.018045112781954885
triangle1	['Ray_Turi']	0.7924812030075187
jain	['Banfeld_Raferty']	0.30075187969924805
jain	['modified_hubert_t']	0.09774436090225563
jain	['i_index']	0.9669172932330825
jain	['McClain_Rao']	0.05413533834586466
jain	['IIndex']	0.09774436090225563
jain	['Dunns_index']	0.8586466165413533
jain	['Scott_Symons']	0.9864661654135337
jain	['SDBW']	0.09774436090225563
jain	['s_dbw']	0.156390977443609
jain	['Davies_Bouldin']	0.9624060150375938
jain	['PBM_index']	0.9669172932330825
jain	['Ratkowsky_Lance']	0.05263157894736842
jain	['Ray_Turi']	1.0
disk-5000n	['Banfeld_Raferty']	0.6360902255639098
disk-5000n	['modified_hubert_t']	-0.03609022556390977
disk-5000n	['i_index']	0.5699248120300752
disk-5000n	['McClain_Rao']	0.6240601503759398
disk-5000n	['IIndex']	-0.03609022556390977
disk-5000n	['Dunns_index']	0.3669172932330827
disk-5000n	['Scott_Symons']	0.6090225563909774
disk-5000n	['SDBW']	-0.03609022556390977
disk-5000n	['s_dbw']	-0.06616541353383458
disk-5000n	['Davies_Bouldin']	0.7082706766917292
disk-5000n	['PBM_index']	0.6872180451127818
disk-5000n	['Ratkowsky_Lance']	0.6601503759398496
disk-5000n	['Ray_Turi']	0.9488721804511278
disk-4600n	['Banfeld_Raferty']	0.49323308270676686
disk-4600n	['modified_hubert_t']	-0.21052631578947367
disk-4600n	['i_index']	0.593984962406015
disk-4600n	['McClain_Rao']	0.544360902255639
disk-4600n	['IIndex']	-0.21052631578947367
disk-4600n	['Dunns_index']	0.33533834586466166
disk-4600n	['Scott_Symons']	0.5052631578947367
disk-4600n	['SDBW']	-0.21052631578947367
disk-4600n	['s_dbw']	0.24661654135338343
disk-4600n	['Davies_Bouldin']	0.49624060150375937
disk-4600n	['PBM_index']	0.593984962406015
disk-4600n	['Ratkowsky_Lance']	0.38646616541353385
disk-4600n	['Ray_Turi']	0.5548872180451127
disk-1000n	['Banfeld_Raferty']	0.7383458646616541
disk-1000n	['modified_hubert_t']	0.06616541353383458
disk-1000n	['i_index']	0.6631578947368421
disk-1000n	['McClain_Rao']	0.6030075187969924
disk-1000n	['IIndex']	0.06616541353383458
disk-1000n	['Dunns_index']	0.6812030075187969
disk-1000n	['Scott_Symons']	0.7744360902255639
disk-1000n	['SDBW']	0.06616541353383458
disk-1000n	['s_dbw']	0.08872180451127819
disk-1000n	['Davies_Bouldin']	0.9729323308270676
disk-1000n	['PBM_index']	0.6631578947368421
disk-1000n	['Ratkowsky_Lance']	0.8947368421052632
disk-1000n	['Ray_Turi']	0.7684210526315788
2d-3c-no123	['Banfeld_Raferty']	0.5376676986584108
2d-3c-no123	['modified_hubert_t']	0.31475748194014447
2d-3c-no123	['i_index']	0.19504643962848298
2d-3c-no123	['McClain_Rao']	0.2693498452012384
2d-3c-no123	['IIndex']	0.31475748194014447
2d-3c-no123	['Dunns_index']	0.3023735810113519
2d-3c-no123	['Scott_Symons']	0.6119711042311662
2d-3c-no123	['SDBW']	0.31475748194014447
2d-3c-no123	['s_dbw']	0.6904024767801857
2d-3c-no123	['Davies_Bouldin']	0.8018575851393188
2d-3c-no123	['PBM_index']	0.4633642930856553
2d-3c-no123	['Ratkowsky_Lance']	0.8885448916408669
2d-3c-no123	['Ray_Turi']	0.7069143446852425
dense-disk-3000	['Banfeld_Raferty']	0.7774436090225564
dense-disk-3000	['modified_hubert_t']	0.09624060150375939
dense-disk-3000	['i_index']	0.8285714285714285
dense-disk-3000	['McClain_Rao']	0.593984962406015
dense-disk-3000	['IIndex']	0.09624060150375939
dense-disk-3000	['Dunns_index']	0.6902255639097743
dense-disk-3000	['Scott_Symons']	0.7503759398496239
dense-disk-3000	['SDBW']	0.09624060150375939
dense-disk-3000	['s_dbw']	0.09624060150375939
dense-disk-3000	['Davies_Bouldin']	0.7954887218045112
dense-disk-3000	['PBM_index']	0.8285714285714285
dense-disk-3000	['Ratkowsky_Lance']	0.7383458646616541
dense-disk-3000	['Ray_Turi']	0.8466165413533834
d31	['Banfeld_Raferty']	0.8796992481203006
d31	['modified_hubert_t']	-0.048120300751879695
d31	['i_index']	0.8225563909774435
d31	['McClain_Rao']	0.6962406015037594
d31	['IIndex']	-0.048120300751879695
d31	['Dunns_index']	0.45714285714285713
d31	['Scott_Symons']	0.9699248120300751
d31	['SDBW']	-0.048120300751879695
d31	['s_dbw']	-0.048120300751879695
d31	['Davies_Bouldin']	0.7533834586466165
d31	['PBM_index']	0.7383458646616541
d31	['Ratkowsky_Lance']	0.7624060150375939
d31	['Ray_Turi']	0.7894736842105263
spiralsquare	['Banfeld_Raferty']	0.9233082706766916
spiralsquare	['modified_hubert_t']	-0.010526315789473682
spiralsquare	['i_index']	0.11278195488721804
spiralsquare	['McClain_Rao']	0.9654135338345864
spiralsquare	['IIndex']	-0.010526315789473682
spiralsquare	['Dunns_index']	-0.30225563909774433
spiralsquare	['Scott_Symons']	0.837593984962406
spiralsquare	['SDBW']	-0.010526315789473682
spiralsquare	['s_dbw']	-0.010526315789473682
spiralsquare	['Davies_Bouldin']	0.8541353383458646
spiralsquare	['PBM_index']	0.11278195488721804
spiralsquare	['Ratkowsky_Lance']	0.1263157894736842
spiralsquare	['Ray_Turi']	-0.29473684210526313
spiral	['Banfeld_Raferty']	1.0
spiral	['modified_hubert_t']	1.0
spiral	['i_index']	0.49624060150375937
spiral	['McClain_Rao']	-0.38796992481203
spiral	['IIndex']	1.0
spiral	['Dunns_index']	1.0
spiral	['Scott_Symons']	1.0
spiral	['SDBW']	1.0
spiral	['s_dbw']	0.49624060150375937
spiral	['Davies_Bouldin']	0.49624060150375937
spiral	['PBM_index']	0.49624060150375937
spiral	['Ratkowsky_Lance']	0.49624060150375937
spiral	['Ray_Turi']	0.49624060150375937
pathbased	['Banfeld_Raferty']	0.33684210526315783
pathbased	['modified_hubert_t']	-0.08721804511278194
pathbased	['i_index']	0.8781954887218045
pathbased	['McClain_Rao']	0.58796992481203
pathbased	['IIndex']	-0.08721804511278194
pathbased	['Dunns_index']	0.7593984962406014
pathbased	['Scott_Symons']	0.8781954887218045
pathbased	['SDBW']	-0.08721804511278194
pathbased	['s_dbw']	0.2045112781954887
pathbased	['Davies_Bouldin']	0.7353383458646616
pathbased	['PBM_index']	0.7909774436090224
pathbased	['Ratkowsky_Lance']	0.9127819548872179
pathbased	['Ray_Turi']	0.918796992481203
dense-disk-5000	['Banfeld_Raferty']	0.5909774436090225
dense-disk-5000	['modified_hubert_t']	0.15037593984962402
dense-disk-5000	['i_index']	0.7172932330827068
dense-disk-5000	['McClain_Rao']	0.6721804511278194
dense-disk-5000	['IIndex']	0.15037593984962402
dense-disk-5000	['Dunns_index']	0.2601503759398496
dense-disk-5000	['Scott_Symons']	0.5819548872180451
dense-disk-5000	['SDBW']	0.15037593984962402
dense-disk-5000	['s_dbw']	0.31879699248120297
dense-disk-5000	['Davies_Bouldin']	0.6270676691729322
dense-disk-5000	['PBM_index']	0.7172932330827068
dense-disk-5000	['Ratkowsky_Lance']	0.7263157894736841
dense-disk-5000	['Ray_Turi']	0.8977443609022555
smile3	['Banfeld_Raferty']	1.0
smile3	['modified_hubert_t']	1.0
smile3	['i_index']	1.0
smile3	['McClain_Rao']	1.0
smile3	['IIndex']	1.0
smile3	['Dunns_index']	1.0
smile3	['Scott_Symons']	1.0
smile3	['SDBW']	1.0
smile3	['s_dbw']	1.0
smile3	['Davies_Bouldin']	1.0
smile3	['PBM_index']	1.0
smile3	['Ratkowsky_Lance']	1.0
smile3	['Ray_Turi']	1.0
twenty	['Banfeld_Raferty']	0.9639097744360902
twenty	['modified_hubert_t']	0.1789473684210526
twenty	['i_index']	0.12180451127819547
twenty	['McClain_Rao']	0.8421052631578947
twenty	['IIndex']	0.1789473684210526
twenty	['Dunns_index']	0.41052631578947363
twenty	['Scott_Symons']	0.9909774436090225
twenty	['SDBW']	0.1789473684210526
twenty	['s_dbw']	0.1789473684210526
twenty	['Davies_Bouldin']	0.9593984962406013
twenty	['PBM_index']	0.12180451127819547
twenty	['Ratkowsky_Lance']	0.06466165413533834
twenty	['Ray_Turi']	0.5518796992481202
cassini	['Banfeld_Raferty']	1.0
cassini	['modified_hubert_t']	1.0
cassini	['i_index']	1.0
cassini	['McClain_Rao']	1.0
cassini	['IIndex']	1.0
cassini	['Dunns_index']	1.0
cassini	['Scott_Symons']	1.0
cassini	['SDBW']	1.0
cassini	['s_dbw']	1.0
cassini	['Davies_Bouldin']	1.0
cassini	['PBM_index']	1.0
cassini	['Ratkowsky_Lance']	1.0
cassini	['Ray_Turi']	1.0
DS-850	['Banfeld_Raferty']	0.5157894736842105
DS-850	['modified_hubert_t']	-0.004511278195488721
DS-850	['i_index']	0.6721804511278194
DS-850	['McClain_Rao']	0.7744360902255639
DS-850	['IIndex']	-0.004511278195488721
DS-850	['Dunns_index']	0.5022556390977443
DS-850	['Scott_Symons']	0.47518796992481205
DS-850	['SDBW']	-0.004511278195488721
DS-850	['s_dbw']	0.44360902255639095
DS-850	['Davies_Bouldin']	0.48872180451127817
DS-850	['PBM_index']	0.7022556390977444
DS-850	['Ratkowsky_Lance']	0.4060150375939849
DS-850	['Ray_Turi']	0.613533834586466
R15	['Banfeld_Raferty']	0.882706766917293
R15	['modified_hubert_t']	0.13684210526315788
R15	['i_index']	-0.14736842105263157
R15	['McClain_Rao']	0.6526315789473683
R15	['IIndex']	0.13684210526315788
R15	['Dunns_index']	0.3533834586466165
R15	['Scott_Symons']	0.882706766917293
R15	['SDBW']	0.13684210526315788
R15	['s_dbw']	-0.08270676691729321
R15	['Davies_Bouldin']	0.5548872180451127
R15	['PBM_index']	-0.14736842105263157
R15	['Ratkowsky_Lance']	-0.14586466165413534
R15	['Ray_Turi']	0.14736842105263157
square3	['Banfeld_Raferty']	0.9082706766917292
square3	['modified_hubert_t']	0.16541353383458643
square3	['i_index']	0.9639097744360902
square3	['McClain_Rao']	0.8646616541353382
square3	['IIndex']	0.16541353383458643
square3	['Dunns_index']	0.8090225563909773
square3	['Scott_Symons']	0.9819548872180449
square3	['SDBW']	0.16541353383458643
square3	['s_dbw']	0.14285714285714285
square3	['Davies_Bouldin']	0.9684210526315788
square3	['PBM_index']	0.9639097744360902
square3	['Ratkowsky_Lance']	0.08421052631578946
square3	['Ray_Turi']	0.9954887218045112
aggregation	['Banfeld_Raferty']	0.8947368421052632
aggregation	['modified_hubert_t']	0.1744360902255639
aggregation	['i_index']	0.6932330827067669
aggregation	['McClain_Rao']	0.8466165413533834
aggregation	['IIndex']	0.1744360902255639
aggregation	['Dunns_index']	0.5488721804511278
aggregation	['Scott_Symons']	0.6631578947368421
aggregation	['SDBW']	0.1744360902255639
aggregation	['s_dbw']	0.362406015037594
aggregation	['Davies_Bouldin']	0.5669172932330826
aggregation	['PBM_index']	0.7443609022556391
aggregation	['Ratkowsky_Lance']	0.8225563909774435
aggregation	['Ray_Turi']	0.9879699248120299
blobs	['Banfeld_Raferty']	0.21353383458646616
blobs	['modified_hubert_t']	0.12330827067669171
blobs	['i_index']	0.1789473684210526
blobs	['McClain_Rao']	-0.012030075187969924
blobs	['IIndex']	0.12330827067669171
blobs	['Dunns_index']	0.23909774436090225
blobs	['Scott_Symons']	0.2045112781954887
blobs	['SDBW']	0.12330827067669171
blobs	['s_dbw']	0.24511278195488717
blobs	['Davies_Bouldin']	0.5834586466165413
blobs	['PBM_index']	0.4060150375939849
blobs	['Ratkowsky_Lance']	0.5172932330827067
blobs	['Ray_Turi']	0.5894736842105263
cluto-t8-8k	['Banfeld_Raferty']	0.9472527472527472
cluto-t8-8k	['modified_hubert_t']	0.07252747252747253
cluto-t8-8k	['i_index']	0.8857142857142857
cluto-t8-8k	['McClain_Rao']	0.9472527472527472
cluto-t8-8k	['IIndex']	0.07252747252747253
cluto-t8-8k	['Dunns_index']	1.0
cluto-t8-8k	['Scott_Symons']	0.9912087912087912
cluto-t8-8k	['SDBW']	0.07252747252747253
cluto-t8-8k	['s_dbw']	0.07252747252747253
cluto-t8-8k	['Davies_Bouldin']	0.9912087912087912
cluto-t8-8k	['PBM_index']	0.8857142857142857
cluto-t8-8k	['Ratkowsky_Lance']	0.5076923076923077
cluto-t8-8k	['Ray_Turi']	1.0
cluto-t5-8k	['Banfeld_Raferty']	0.6511278195488721
cluto-t5-8k	['modified_hubert_t']	0.1263157894736842
cluto-t5-8k	['i_index']	0.7233082706766917
cluto-t5-8k	['McClain_Rao']	0.6511278195488721
cluto-t5-8k	['IIndex']	0.1263157894736842
cluto-t5-8k	['Dunns_index']	0.6932330827067669
cluto-t5-8k	['Scott_Symons']	0.7593984962406014
cluto-t5-8k	['SDBW']	0.1263157894736842
cluto-t5-8k	['s_dbw']	0.14285714285714285
cluto-t5-8k	['Davies_Bouldin']	0.6360902255639098
cluto-t5-8k	['PBM_index']	0.8616541353383457
cluto-t5-8k	['Ratkowsky_Lance']	0.7804511278195487
cluto-t5-8k	['Ray_Turi']	0.9248120300751879
disk-3000n	['Banfeld_Raferty']	0.837593984962406
disk-3000n	['modified_hubert_t']	-0.060150375939849614
disk-3000n	['i_index']	0.6
disk-3000n	['McClain_Rao']	0.9338345864661652
disk-3000n	['IIndex']	-0.060150375939849614
disk-3000n	['Dunns_index']	0.4661654135338345
disk-3000n	['Scott_Symons']	0.732330827067669
disk-3000n	['SDBW']	-0.060150375939849614
disk-3000n	['s_dbw']	0.20751879699248119
disk-3000n	['Davies_Bouldin']	0.7142857142857143
disk-3000n	['PBM_index']	0.6
disk-3000n	['Ratkowsky_Lance']	0.7624060150375939
disk-3000n	['Ray_Turi']	0.669172932330827
glass	['Banfeld_Raferty']	0.9278195488721804
glass	['modified_hubert_t']	0.11127819548872178
glass	['i_index']	0.9052631578947368
glass	['McClain_Rao']	0.7609022556390977
glass	['IIndex']	0.11127819548872178
glass	['Dunns_index']	0.4947368421052631
glass	['Scott_Symons']	0.11127819548872178
glass	['SDBW']	0.11127819548872178
glass	['s_dbw']	0.08872180451127819
glass	['Davies_Bouldin']	0.8330827067669173
glass	['PBM_index']	0.8962406015037594
glass	['Ratkowsky_Lance']	0.09022556390977443
glass	['Ray_Turi']	0.8661654135338346
square5	['Banfeld_Raferty']	0.8586466165413533
square5	['modified_hubert_t']	-0.1413533834586466
square5	['i_index']	0.8511278195488721
square5	['McClain_Rao']	0.8300751879699247
square5	['IIndex']	-0.1413533834586466
square5	['Dunns_index']	0.6105263157894737
square5	['Scott_Symons']	0.8421052631578947
square5	['SDBW']	-0.1413533834586466
square5	['s_dbw']	-0.006015037593984962
square5	['Davies_Bouldin']	0.813533834586466
square5	['PBM_index']	0.8511278195488721
square5	['Ratkowsky_Lance']	-0.03458646616541353
square5	['Ray_Turi']	0.8511278195488721
threenorm	['Banfeld_Raferty']	0.2270676691729323
threenorm	['modified_hubert_t']	0.05714285714285714
threenorm	['i_index']	0.3578947368421052
threenorm	['McClain_Rao']	0.29172932330827067
threenorm	['IIndex']	0.05714285714285714
threenorm	['Dunns_index']	0.4285714285714286
threenorm	['Scott_Symons']	0.2270676691729323
threenorm	['SDBW']	0.05714285714285714
threenorm	['s_dbw']	0.31729323308270674
threenorm	['Davies_Bouldin']	0.3804511278195489
threenorm	['PBM_index']	0.3578947368421052
threenorm	['Ratkowsky_Lance']	0.9864661654135337
threenorm	['Ray_Turi']	0.9278195488721804
2dnormals	['Banfeld_Raferty']	0.49022556390977434
2dnormals	['modified_hubert_t']	0.16240601503759397
2dnormals	['i_index']	0.7353383458646616
2dnormals	['McClain_Rao']	0.5233082706766917
2dnormals	['IIndex']	0.16240601503759397
2dnormals	['Dunns_index']	0.19248120300751878
2dnormals	['Scott_Symons']	0.5263157894736841
2dnormals	['SDBW']	0.16240601503759397
2dnormals	['s_dbw']	0.5383458646616541
2dnormals	['Davies_Bouldin']	0.7473684210526315
2dnormals	['PBM_index']	0.7353383458646616
2dnormals	['Ratkowsky_Lance']	0.7503759398496239
2dnormals	['Ray_Turi']	0.7714285714285714
square2	['Banfeld_Raferty']	0.8511278195488721
square2	['modified_hubert_t']	0.16541353383458643
square2	['i_index']	0.8330827067669173
square2	['McClain_Rao']	0.8646616541353382
square2	['IIndex']	0.16541353383458643
square2	['Dunns_index']	0.8090225563909773
square2	['Scott_Symons']	0.9639097744360902
square2	['SDBW']	0.16541353383458643
square2	['s_dbw']	0.14285714285714285
square2	['Davies_Bouldin']	0.932330827067669
square2	['PBM_index']	0.8330827067669173
square2	['Ratkowsky_Lance']	0.08421052631578946
square2	['Ray_Turi']	0.9954887218045112
rings	['Banfeld_Raferty']	0.8917293233082706
rings	['modified_hubert_t']	0.05263157894736842
rings	['i_index']	0.7578947368421052
rings	['McClain_Rao']	0.9714285714285714
rings	['IIndex']	0.05263157894736842
rings	['Dunns_index']	0.9022556390977443
rings	['Scott_Symons']	0.7969924812030074
rings	['SDBW']	0.05263157894736842
rings	['s_dbw']	0.24962406015037594
rings	['Davies_Bouldin']	0.8992481203007519
rings	['PBM_index']	0.5984962406015037
rings	['Ratkowsky_Lance']	0.6030075187969924
rings	['Ray_Turi']	0.35187969924812035
cuboids	['Banfeld_Raferty']	1.0
cuboids	['modified_hubert_t']	1.0
cuboids	['i_index']	1.0
cuboids	['McClain_Rao']	1.0
cuboids	['IIndex']	1.0
cuboids	['Dunns_index']	1.0
cuboids	['Scott_Symons']	1.0
cuboids	['SDBW']	1.0
cuboids	['s_dbw']	1.0
cuboids	['Davies_Bouldin']	1.0
cuboids	['PBM_index']	1.0
cuboids	['Ratkowsky_Lance']	1.0
cuboids	['Ray_Turi']	1.0
aml28	['Banfeld_Raferty']	0.8586466165413533
aml28	['modified_hubert_t']	-0.030075187969924807
aml28	['i_index']	0.6932330827067669
aml28	['McClain_Rao']	0.6812030075187969
aml28	['IIndex']	-0.030075187969924807
aml28	['Dunns_index']	0.6075187969924812
aml28	['Scott_Symons']	0.9428571428571428
aml28	['SDBW']	-0.030075187969924807
aml28	['s_dbw']	-0.030075187969924807
aml28	['Davies_Bouldin']	0.7383458646616541
aml28	['PBM_index']	0.6932330827067669
aml28	['Ratkowsky_Lance']	0.593984962406015
aml28	['Ray_Turi']	0.7142857142857143
compound	['Banfeld_Raferty']	0.8241758241758241
compound	['modified_hubert_t']	0.23076923076923075
compound	['i_index']	0.7186813186813187
compound	['McClain_Rao']	0.7890109890109891
compound	['IIndex']	0.23076923076923075
compound	['Dunns_index']	0.5604395604395604
compound	['Scott_Symons']	1.0
compound	['SDBW']	0.23076923076923075
compound	['s_dbw']	0.23076923076923075
compound	['Davies_Bouldin']	0.5912087912087912
compound	['PBM_index']	1.0
compound	['Ratkowsky_Lance']	0.7362637362637363
compound	['Ray_Turi']	0.6263736263736264
cure-t0-2000n-2D	['Banfeld_Raferty']	1.0
cure-t0-2000n-2D	['modified_hubert_t']	1.0
cure-t0-2000n-2D	['i_index']	1.0
cure-t0-2000n-2D	['McClain_Rao']	1.0
cure-t0-2000n-2D	['IIndex']	1.0
cure-t0-2000n-2D	['Dunns_index']	1.0
cure-t0-2000n-2D	['Scott_Symons']	1.0
cure-t0-2000n-2D	['SDBW']	1.0
cure-t0-2000n-2D	['s_dbw']	1.0
cure-t0-2000n-2D	['Davies_Bouldin']	1.0
cure-t0-2000n-2D	['PBM_index']	1.0
cure-t0-2000n-2D	['Ratkowsky_Lance']	1.0
cure-t0-2000n-2D	['Ray_Turi']	1.0
gaussians1	['Banfeld_Raferty']	1.0
gaussians1	['modified_hubert_t']	1.0
gaussians1	['i_index']	1.0
gaussians1	['McClain_Rao']	1.0
gaussians1	['IIndex']	1.0
gaussians1	['Dunns_index']	1.0
gaussians1	['Scott_Symons']	1.0
gaussians1	['SDBW']	1.0
gaussians1	['s_dbw']	1.0
gaussians1	['Davies_Bouldin']	1.0
gaussians1	['PBM_index']	1.0
gaussians1	['Ratkowsky_Lance']	1.0
gaussians1	['Ray_Turi']	1.0
smile2	['Banfeld_Raferty']	1.0
smile2	['modified_hubert_t']	1.0
smile2	['i_index']	1.0
smile2	['McClain_Rao']	1.0
smile2	['IIndex']	1.0
smile2	['Dunns_index']	1.0
smile2	['Scott_Symons']	1.0
smile2	['SDBW']	1.0
smile2	['s_dbw']	1.0
smile2	['Davies_Bouldin']	1.0
smile2	['PBM_index']	1.0
smile2	['Ratkowsky_Lance']	1.0
smile2	['Ray_Turi']	1.0
sizes2	['Banfeld_Raferty']	0.9278195488721804
sizes2	['modified_hubert_t']	0.16541353383458643
sizes2	['i_index']	0.9593984962406013
sizes2	['McClain_Rao']	0.8962406015037594
sizes2	['IIndex']	0.16541353383458643
sizes2	['Dunns_index']	0.7714285714285714
sizes2	['Scott_Symons']	0.9639097744360902
sizes2	['SDBW']	0.16541353383458643
sizes2	['s_dbw']	0.16541353383458643
sizes2	['Davies_Bouldin']	0.8586466165413533
sizes2	['PBM_index']	0.9593984962406013
sizes2	['Ratkowsky_Lance']	0.20601503759398496
sizes2	['Ray_Turi']	0.9127819548872179
elly-2d10c13s	['Banfeld_Raferty']	-0.14285714285714288
elly-2d10c13s	['modified_hubert_t']	0.8285714285714287
elly-2d10c13s	['i_index']	-0.14285714285714288
elly-2d10c13s	['McClain_Rao']	-0.14285714285714288
elly-2d10c13s	['IIndex']	0.8285714285714287
elly-2d10c13s	['Dunns_index']	-0.14285714285714288
elly-2d10c13s	['Scott_Symons']	1.0
elly-2d10c13s	['SDBW']	0.8285714285714287
elly-2d10c13s	['s_dbw']	-0.14285714285714288
elly-2d10c13s	['Davies_Bouldin']	1.0
elly-2d10c13s	['PBM_index']	-0.14285714285714288
elly-2d10c13s	['Ratkowsky_Lance']	-0.14285714285714288
elly-2d10c13s	['Ray_Turi']	1.0
tetra	['Banfeld_Raferty']	0.6706766917293233
tetra	['modified_hubert_t']	-0.13233082706766916
tetra	['i_index']	0.8466165413533834
tetra	['McClain_Rao']	0.7338345864661654
tetra	['IIndex']	-0.13233082706766916
tetra	['Dunns_index']	0.7488721804511278
tetra	['Scott_Symons']	-0.16691729323308271
tetra	['SDBW']	-0.13233082706766916
tetra	['s_dbw']	0.20751879699248119
tetra	['Davies_Bouldin']	0.9819548872180449
tetra	['PBM_index']	0.8571428571428572
tetra	['Ratkowsky_Lance']	-0.11729323308270674
tetra	['Ray_Turi']	0.875187969924812
sizes3	['Banfeld_Raferty']	0.8406015037593983
sizes3	['modified_hubert_t']	0.16541353383458643
sizes3	['i_index']	0.9127819548872179
sizes3	['McClain_Rao']	0.9639097744360902
sizes3	['IIndex']	0.16541353383458643
sizes3	['Dunns_index']	0.8646616541353382
sizes3	['Scott_Symons']	0.9639097744360902
sizes3	['SDBW']	0.16541353383458643
sizes3	['s_dbw']	0.16541353383458643
sizes3	['Davies_Bouldin']	0.8962406015037594
sizes3	['PBM_index']	0.9458646616541352
sizes3	['Ratkowsky_Lance']	0.20601503759398496
sizes3	['Ray_Turi']	0.8556390977443609
complex8	['Banfeld_Raferty']	0.8857142857142858
complex8	['modified_hubert_t']	0.028571428571428574
complex8	['i_index']	1.0
complex8	['McClain_Rao']	0.8857142857142858
complex8	['IIndex']	0.028571428571428574
complex8	['Dunns_index']	1.0
complex8	['Scott_Symons']	1.0
complex8	['SDBW']	0.028571428571428574
complex8	['s_dbw']	0.028571428571428574
complex8	['Davies_Bouldin']	0.6571428571428573
complex8	['PBM_index']	1.0
complex8	['Ratkowsky_Lance']	1.0
complex8	['Ray_Turi']	1.0
triangle2	['Banfeld_Raferty']	0.932330827067669
triangle2	['modified_hubert_t']	0.16541353383458643
triangle2	['i_index']	0.9639097744360902
triangle2	['McClain_Rao']	0.9233082706766916
triangle2	['IIndex']	0.16541353383458643
triangle2	['Dunns_index']	0.6451127819548872
triangle2	['Scott_Symons']	0.9684210526315788
triangle2	['SDBW']	0.16541353383458643
triangle2	['s_dbw']	0.16541353383458643
triangle2	['Davies_Bouldin']	0.9684210526315788
triangle2	['PBM_index']	0.9639097744360902
triangle2	['Ratkowsky_Lance']	-0.012030075187969924
triangle2	['Ray_Turi']	0.9909774436090225
dermatology	['Banfeld_Raferty']	1.0
dermatology	['modified_hubert_t']	1.0
dermatology	['i_index']	1.0
dermatology	['McClain_Rao']	1.0
dermatology	['IIndex']	1.0
dermatology	['Dunns_index']	1.0
dermatology	['Scott_Symons']	1.0
dermatology	['SDBW']	1.0
dermatology	['s_dbw']	1.0
dermatology	['Davies_Bouldin']	1.0
dermatology	['PBM_index']	1.0
dermatology	['Ratkowsky_Lance']	1.0
dermatology	['Ray_Turi']	1.0
arrhythmia	['Banfeld_Raferty']	0.8285714285714287
arrhythmia	['modified_hubert_t']	1.0
arrhythmia	['i_index']	0.14285714285714288
arrhythmia	['McClain_Rao']	0.14285714285714288
arrhythmia	['IIndex']	1.0
arrhythmia	['Dunns_index']	0.14285714285714288
arrhythmia	['Scott_Symons']	1.0
arrhythmia	['SDBW']	1.0
arrhythmia	['s_dbw']	1.0
arrhythmia	['Davies_Bouldin']	0.8285714285714287
arrhythmia	['PBM_index']	0.14285714285714288
arrhythmia	['Ratkowsky_Lance']	0.8285714285714287
arrhythmia	['Ray_Turi']	0.8285714285714287
square1	['Banfeld_Raferty']	0.8511278195488721
square1	['modified_hubert_t']	0.16541353383458643
square1	['i_index']	0.8330827067669173
square1	['McClain_Rao']	0.882706766917293
square1	['IIndex']	0.16541353383458643
square1	['Dunns_index']	0.8090225563909773
square1	['Scott_Symons']	0.9684210526315788
square1	['SDBW']	0.16541353383458643
square1	['s_dbw']	0.14285714285714285
square1	['Davies_Bouldin']	0.932330827067669
square1	['PBM_index']	0.8330827067669173
square1	['Ratkowsky_Lance']	0.08421052631578946
square1	['Ray_Turi']	0.9954887218045112
twodiamonds	['Banfeld_Raferty']	1.0
twodiamonds	['modified_hubert_t']	1.0
twodiamonds	['i_index']	1.0
twodiamonds	['McClain_Rao']	1.0
twodiamonds	['IIndex']	1.0
twodiamonds	['Dunns_index']	1.0
twodiamonds	['Scott_Symons']	1.0
twodiamonds	['SDBW']	1.0
twodiamonds	['s_dbw']	1.0
twodiamonds	['Davies_Bouldin']	1.0
twodiamonds	['PBM_index']	1.0
twodiamonds	['Ratkowsky_Lance']	1.0
twodiamonds	['Ray_Turi']	1.0
zelnik4	['Banfeld_Raferty']	0.6992481203007518
zelnik4	['modified_hubert_t']	0.819548872180451
zelnik4	['i_index']	0.6992481203007518
zelnik4	['McClain_Rao']	0.6992481203007518
zelnik4	['IIndex']	0.819548872180451
zelnik4	['Dunns_index']	0.6992481203007518
zelnik4	['Scott_Symons']	0.6992481203007518
zelnik4	['SDBW']	0.819548872180451
zelnik4	['s_dbw']	0.6992481203007518
zelnik4	['Davies_Bouldin']	0.6992481203007518
zelnik4	['PBM_index']	0.6992481203007518
zelnik4	['Ratkowsky_Lance']	1.0
zelnik4	['Ray_Turi']	0.6992481203007518
disk-6000n	['Banfeld_Raferty']	0.9308270676691727
disk-6000n	['modified_hubert_t']	-0.012030075187969924
disk-6000n	['i_index']	0.6571428571428571
disk-6000n	['McClain_Rao']	0.849624060150376
disk-6000n	['IIndex']	-0.012030075187969924
disk-6000n	['Dunns_index']	0.7909774436090224
disk-6000n	['Scott_Symons']	0.9308270676691727
disk-6000n	['SDBW']	-0.012030075187969924
disk-6000n	['s_dbw']	0.11879699248120301
disk-6000n	['Davies_Bouldin']	0.993984962406015
disk-6000n	['PBM_index']	0.7774436090225564
disk-6000n	['Ratkowsky_Lance']	0.801503759398496
disk-6000n	['Ray_Turi']	0.9488721804511278
pmf	['Banfeld_Raferty']	0.17142857142857143
pmf	['modified_hubert_t']	0.29172932330827067
pmf	['i_index']	0.04060150375939849
pmf	['McClain_Rao']	0.39097744360902253
pmf	['IIndex']	0.29172932330827067
pmf	['Dunns_index']	0.5052631578947367
pmf	['Scott_Symons']	-0.48872180451127817
pmf	['SDBW']	0.29172932330827067
pmf	['s_dbw']	0.0015037593984962405
pmf	['Davies_Bouldin']	0.47518796992481205
pmf	['PBM_index']	0.04060150375939849
pmf	['Ratkowsky_Lance']	-0.03609022556390977
pmf	['Ray_Turi']	0.9924812030075187
sizes4	['Banfeld_Raferty']	0.9233082706766916
sizes4	['modified_hubert_t']	0.1789473684210526
sizes4	['i_index']	0.8977443609022555
sizes4	['McClain_Rao']	0.8812030075187969
sizes4	['IIndex']	0.1789473684210526
sizes4	['Dunns_index']	0.8285714285714285
sizes4	['Scott_Symons']	0.9684210526315788
sizes4	['SDBW']	0.1789473684210526
sizes4	['s_dbw']	0.1789473684210526
sizes4	['Davies_Bouldin']	0.8601503759398496
sizes4	['PBM_index']	0.918796992481203
sizes4	['Ratkowsky_Lance']	0.3639097744360902
sizes4	['Ray_Turi']	0.8992481203007519
sonar	['Banfeld_Raferty']	-0.2556390977443609
sonar	['modified_hubert_t']	-0.2902255639097744
sonar	['i_index']	0.9864661654135337
sonar	['McClain_Rao']	-0.2556390977443609
sonar	['IIndex']	-0.2902255639097744
sonar	['Dunns_index']	0.9082706766917292
sonar	['Scott_Symons']	-0.2902255639097744
sonar	['SDBW']	-0.2902255639097744
sonar	['s_dbw']	-0.2902255639097744
sonar	['Davies_Bouldin']	0.9774436090225563
sonar	['PBM_index']	1.0
sonar	['Ratkowsky_Lance']	-0.306766917293233
sonar	['Ray_Turi']	1.0
3MC	['Banfeld_Raferty']	0.8736842105263156
3MC	['modified_hubert_t']	-0.07218045112781954
3MC	['i_index']	0.9097744360902256
3MC	['McClain_Rao']	0.6721804511278194
3MC	['IIndex']	-0.07218045112781954
3MC	['Dunns_index']	0.7112781954887217
3MC	['Scott_Symons']	0.9458646616541352
3MC	['SDBW']	-0.07218045112781954
3MC	['s_dbw']	0.009022556390977442
3MC	['Davies_Bouldin']	0.9218045112781955
3MC	['PBM_index']	0.837593984962406
3MC	['Ratkowsky_Lance']	0.6902255639097743
3MC	['Ray_Turi']	0.7593984962406014
disk-4000n	['Banfeld_Raferty']	0.9969924812030074
disk-4000n	['modified_hubert_t']	0.0015037593984962405
disk-4000n	['i_index']	0.6045112781954887
disk-4000n	['McClain_Rao']	0.4992481203007519
disk-4000n	['IIndex']	0.0015037593984962405
disk-4000n	['Dunns_index']	0.23458646616541348
disk-4000n	['Scott_Symons']	0.9969924812030074
disk-4000n	['SDBW']	0.0015037593984962405
disk-4000n	['s_dbw']	0.5187969924812029
disk-4000n	['Davies_Bouldin']	0.706766917293233
disk-4000n	['PBM_index']	0.6045112781954887
disk-4000n	['Ratkowsky_Lance']	0.7293233082706766
disk-4000n	['Ray_Turi']	0.6586466165413534
longsquare	['Banfeld_Raferty']	0.8691729323308269
longsquare	['modified_hubert_t']	0.1789473684210526
longsquare	['i_index']	0.8601503759398496
longsquare	['McClain_Rao']	0.8481203007518796
longsquare	['IIndex']	0.1789473684210526
longsquare	['Dunns_index']	0.7413533834586465
longsquare	['Scott_Symons']	0.9909774436090225
longsquare	['SDBW']	0.1789473684210526
longsquare	['s_dbw']	0.07368421052631578
longsquare	['Davies_Bouldin']	0.9278195488721804
longsquare	['PBM_index']	0.8601503759398496
longsquare	['Ratkowsky_Lance']	-0.09022556390977443
longsquare	['Ray_Turi']	0.9954887218045112
chainlink	['Banfeld_Raferty']	1.0
chainlink	['modified_hubert_t']	1.0
chainlink	['i_index']	1.0
chainlink	['McClain_Rao']	1.0
chainlink	['IIndex']	1.0
chainlink	['Dunns_index']	1.0
chainlink	['Scott_Symons']	1.0
chainlink	['SDBW']	1.0
chainlink	['s_dbw']	1.0
chainlink	['Davies_Bouldin']	1.0
chainlink	['PBM_index']	1.0
chainlink	['Ratkowsky_Lance']	1.0
chainlink	['Ray_Turi']	1.0
hepta	['Banfeld_Raferty']	0.7593984962406014
hepta	['modified_hubert_t']	-0.015037593984962403
hepta	['i_index']	0.6436090225563909
hepta	['McClain_Rao']	0.7593984962406014
hepta	['IIndex']	-0.015037593984962403
hepta	['Dunns_index']	0.6345864661654135
hepta	['Scott_Symons']	0.037593984962406006
hepta	['SDBW']	-0.015037593984962403
hepta	['s_dbw']	0.4827067669172932
hepta	['Davies_Bouldin']	1.0
hepta	['PBM_index']	0.669172932330827
hepta	['Ratkowsky_Lance']	0.732330827067669
hepta	['Ray_Turi']	0.875187969924812
smile1	['Banfeld_Raferty']	1.0
smile1	['modified_hubert_t']	1.0
smile1	['i_index']	1.0
smile1	['McClain_Rao']	1.0
smile1	['IIndex']	1.0
smile1	['Dunns_index']	1.0
smile1	['Scott_Symons']	1.0
smile1	['SDBW']	1.0
smile1	['s_dbw']	1.0
smile1	['Davies_Bouldin']	1.0
smile1	['PBM_index']	1.0
smile1	['Ratkowsky_Lance']	1.0
smile1	['Ray_Turi']	1.0
DS-577	['Banfeld_Raferty']	0.4586466165413533
DS-577	['modified_hubert_t']	-0.016541353383458645
DS-577	['i_index']	0.5924812030075187
DS-577	['McClain_Rao']	0.6526315789473683
DS-577	['IIndex']	-0.016541353383458645
DS-577	['Dunns_index']	0.5684210526315789
DS-577	['Scott_Symons']	0.4992481203007519
DS-577	['SDBW']	-0.016541353383458645
DS-577	['s_dbw']	0.4842105263157894
DS-577	['Davies_Bouldin']	0.5082706766917292
DS-577	['PBM_index']	0.7263157894736841
DS-577	['Ratkowsky_Lance']	0.544360902255639
DS-577	['Ray_Turi']	0.5954887218045113
hypercube	['Banfeld_Raferty']	-0.17293233082706763
hypercube	['modified_hubert_t']	1.0
hypercube	['i_index']	-0.06766917293233082
hypercube	['McClain_Rao']	0.11127819548872178
hypercube	['IIndex']	1.0
hypercube	['Dunns_index']	-0.47368421052631576
hypercube	['Scott_Symons']	0.0706766917293233
hypercube	['SDBW']	1.0
hypercube	['s_dbw']	0.03458646616541353
hypercube	['Davies_Bouldin']	-0.06766917293233082
hypercube	['PBM_index']	0.03458646616541353
hypercube	['Ratkowsky_Lance']	0.1518796992481203
hypercube	['Ray_Turi']	-0.06766917293233082
sizes1	['Banfeld_Raferty']	0.8962406015037594
sizes1	['modified_hubert_t']	0.16541353383458643
sizes1	['i_index']	0.9639097744360902
sizes1	['McClain_Rao']	0.8977443609022555
sizes1	['IIndex']	0.16541353383458643
sizes1	['Dunns_index']	0.8090225563909773
sizes1	['Scott_Symons']	0.9458646616541352
sizes1	['SDBW']	0.16541353383458643
sizes1	['s_dbw']	0.16541353383458643
sizes1	['Davies_Bouldin']	0.8917293233082706
sizes1	['PBM_index']	0.9639097744360902
sizes1	['Ratkowsky_Lance']	-0.006015037593984962
sizes1	['Ray_Turi']	0.9909774436090225
cluto-t4-8k	['Banfeld_Raferty']	0.9472527472527472
cluto-t4-8k	['modified_hubert_t']	0.07252747252747253
cluto-t4-8k	['i_index']	0.9912087912087912
cluto-t4-8k	['McClain_Rao']	0.9472527472527472
cluto-t4-8k	['IIndex']	0.07252747252747253
cluto-t4-8k	['Dunns_index']	0.9604395604395607
cluto-t4-8k	['Scott_Symons']	1.0
cluto-t4-8k	['SDBW']	0.07252747252747253
cluto-t4-8k	['s_dbw']	0.07252747252747253
cluto-t4-8k	['Davies_Bouldin']	0.7978021978021977
cluto-t4-8k	['PBM_index']	0.9912087912087912
cluto-t4-8k	['Ratkowsky_Lance']	0.665934065934066
cluto-t4-8k	['Ray_Turi']	1.0
